path,label,split
GigaPath_embeddings_LBC_train/0/3d2ea7da-d7a6-4b5a-8c3b-7ff4e99e614f_pyramid_tiles_files_16_8_20.pt,0,train
GigaPath_embeddings_LBC_train/0/4b71df3c-6e36-4b86-86cd-403d470980d8_pyramid_tiles_files_16_9_13.pt,0,train
GigaPath_embeddings_LBC_train/0/85f754fe-8760-404b-bedb-6d8ac74ced85_pyramid_tiles_files_16_16_25.pt,0,train
GigaPath_embeddings_LBC_train/0/2b545ce7-ebd8-4b3b-98fa-2f442d48bc5e_pyramid_tiles_files_16_8_22.pt,0,train
GigaPath_embeddings_LBC_train/0/cbbb7a3f-b6d5-44d3-9eef-69757a914f2f_pyramid_tiles_files_16_25_7.pt,0,train
GigaPath_embeddings_LBC_train/0/85f754fe-8760-404b-bedb-6d8ac74ced85_pyramid_tiles_files_16_35_29.pt,0,train
GigaPath_embeddings_LBC_train/0/3d2ea7da-d7a6-4b5a-8c3b-7ff4e99e614f_pyramid_tiles_files_16_7_34.pt,0,train
GigaPath_embeddings_LBC_train/0/85f754fe-8760-404b-bedb-6d8ac74ced85_pyramid_tiles_files_16_37_11.pt,0,train
GigaPath_embeddings_LBC_train/0/cbbb7a3f-b6d5-44d3-9eef-69757a914f2f_pyramid_tiles_files_16_24_5.pt,0,train
GigaPath_embeddings_LBC_train/0/4b71df3c-6e36-4b86-86cd-403d470980d8_pyramid_tiles_files_16_15_16.pt,0,train
GigaPath_embeddings_LBC_train/0/3d2ea7da-d7a6-4b5a-8c3b-7ff4e99e614f_pyramid_tiles_files_16_6_13.pt,0,train
GigaPath_embeddings_LBC_train/0/cbbb7a3f-b6d5-44d3-9eef-69757a914f2f_pyramid_tiles_files_16_28_15.pt,0,train
GigaPath_embeddings_LBC_train/0/cbbb7a3f-b6d5-44d3-9eef-69757a914f2f_pyramid_tiles_files_16_23_11.pt,0,train
GigaPath_embeddings_LBC_train/0/2b545ce7-ebd8-4b3b-98fa-2f442d48bc5e_pyramid_tiles_files_16_24_22.pt,0,train
GigaPath_embeddings_LBC_train/0/3d2ea7da-d7a6-4b5a-8c3b-7ff4e99e614f_pyramid_tiles_files_16_33_20.pt,0,train
GigaPath_embeddings_LBC_train/0/85f754fe-8760-404b-bedb-6d8ac74ced85_pyramid_tiles_files_16_30_6.pt,0,train
GigaPath_embeddings_LBC_train/0/2b545ce7-ebd8-4b3b-98fa-2f442d48bc5e_pyramid_tiles_files_16_5_32.pt,0,train
GigaPath_embeddings_LBC_train/0/cbbb7a3f-b6d5-44d3-9eef-69757a914f2f_pyramid_tiles_files_16_25_8.pt,0,train
GigaPath_embeddings_LBC_train/0/cbbb7a3f-b6d5-44d3-9eef-69757a914f2f_pyramid_tiles_files_16_5_9.pt,0,train
GigaPath_embeddings_LBC_train/0/4b71df3c-6e36-4b86-86cd-403d470980d8_pyramid_tiles_files_16_21_18.pt,0,train
GigaPath_embeddings_LBC_train/0/85f754fe-8760-404b-bedb-6d8ac74ced85_pyramid_tiles_files_16_24_17.pt,0,train
GigaPath_embeddings_LBC_train/0/3d2ea7da-d7a6-4b5a-8c3b-7ff4e99e614f_pyramid_tiles_files_16_26_6.pt,0,train
GigaPath_embeddings_LBC_train/0/4b71df3c-6e36-4b86-86cd-403d470980d8_pyramid_tiles_files_16_42_14.pt,0,train
GigaPath_embeddings_LBC_train/0/cbbb7a3f-b6d5-44d3-9eef-69757a914f2f_pyramid_tiles_files_16_9_38.pt,0,train
GigaPath_embeddings_LBC_train/0/2b545ce7-ebd8-4b3b-98fa-2f442d48bc5e_pyramid_tiles_files_16_18_24.pt,0,train
GigaPath_embeddings_LBC_train/0/4b71df3c-6e36-4b86-86cd-403d470980d8_pyramid_tiles_files_16_25_12.pt,0,train
GigaPath_embeddings_LBC_train/0/4b71df3c-6e36-4b86-86cd-403d470980d8_pyramid_tiles_files_16_16_27.pt,0,train
GigaPath_embeddings_LBC_train/0/2b545ce7-ebd8-4b3b-98fa-2f442d48bc5e_pyramid_tiles_files_16_2_35.pt,0,train
GigaPath_embeddings_LBC_train/0/4b71df3c-6e36-4b86-86cd-403d470980d8_pyramid_tiles_files_16_27_36.pt,0,train
GigaPath_embeddings_LBC_train/0/3d2ea7da-d7a6-4b5a-8c3b-7ff4e99e614f_pyramid_tiles_files_16_16_33.pt,0,train
GigaPath_embeddings_LBC_train/0/2b545ce7-ebd8-4b3b-98fa-2f442d48bc5e_pyramid_tiles_files_16_17_37.pt,0,train
GigaPath_embeddings_LBC_train/0/4b71df3c-6e36-4b86-86cd-403d470980d8_pyramid_tiles_files_16_25_1.pt,0,train
GigaPath_embeddings_LBC_train/0/85f754fe-8760-404b-bedb-6d8ac74ced85_pyramid_tiles_files_16_31_27.pt,0,train
GigaPath_embeddings_LBC_train/0/3d2ea7da-d7a6-4b5a-8c3b-7ff4e99e614f_pyramid_tiles_files_16_9_18.pt,0,train
GigaPath_embeddings_LBC_train/0/85f754fe-8760-404b-bedb-6d8ac74ced85_pyramid_tiles_files_16_28_10.pt,0,train
GigaPath_embeddings_LBC_train/0/85f754fe-8760-404b-bedb-6d8ac74ced85_pyramid_tiles_files_16_10_4.pt,0,train
GigaPath_embeddings_LBC_train/0/2b545ce7-ebd8-4b3b-98fa-2f442d48bc5e_pyramid_tiles_files_16_21_20.pt,0,train
GigaPath_embeddings_LBC_train/0/3d2ea7da-d7a6-4b5a-8c3b-7ff4e99e614f_pyramid_tiles_files_16_21_10.pt,0,train
GigaPath_embeddings_LBC_train/0/2b545ce7-ebd8-4b3b-98fa-2f442d48bc5e_pyramid_tiles_files_16_28_22.pt,0,train
GigaPath_embeddings_LBC_train/0/4b71df3c-6e36-4b86-86cd-403d470980d8_pyramid_tiles_files_16_6_20.pt,0,train
GigaPath_embeddings_LBC_train/0/4b71df3c-6e36-4b86-86cd-403d470980d8_pyramid_tiles_files_16_36_19.pt,0,train
GigaPath_embeddings_LBC_train/0/2b545ce7-ebd8-4b3b-98fa-2f442d48bc5e_pyramid_tiles_files_16_0_30.pt,0,train
GigaPath_embeddings_LBC_train/0/85f754fe-8760-404b-bedb-6d8ac74ced85_pyramid_tiles_files_16_26_23.pt,0,train
GigaPath_embeddings_LBC_train/0/2b545ce7-ebd8-4b3b-98fa-2f442d48bc5e_pyramid_tiles_files_16_21_33.pt,0,train
GigaPath_embeddings_LBC_train/0/cbbb7a3f-b6d5-44d3-9eef-69757a914f2f_pyramid_tiles_files_16_21_26.pt,0,train
GigaPath_embeddings_LBC_train/0/cbbb7a3f-b6d5-44d3-9eef-69757a914f2f_pyramid_tiles_files_16_15_21.pt,0,train
GigaPath_embeddings_LBC_train/0/cbbb7a3f-b6d5-44d3-9eef-69757a914f2f_pyramid_tiles_files_16_17_13.pt,0,train
GigaPath_embeddings_LBC_train/0/3d2ea7da-d7a6-4b5a-8c3b-7ff4e99e614f_pyramid_tiles_files_16_14_2.pt,0,train
GigaPath_embeddings_LBC_train/0/4b71df3c-6e36-4b86-86cd-403d470980d8_pyramid_tiles_files_16_24_2.pt,0,train
GigaPath_embeddings_LBC_train/0/85f754fe-8760-404b-bedb-6d8ac74ced85_pyramid_tiles_files_16_2_22.pt,0,train
GigaPath_embeddings_LBC_train/0/4b71df3c-6e36-4b86-86cd-403d470980d8_pyramid_tiles_files_16_42_19.pt,0,train
GigaPath_embeddings_LBC_train/0/85f754fe-8760-404b-bedb-6d8ac74ced85_pyramid_tiles_files_16_22_14.pt,0,train
GigaPath_embeddings_LBC_train/0/2b545ce7-ebd8-4b3b-98fa-2f442d48bc5e_pyramid_tiles_files_16_30_16.pt,0,train
GigaPath_embeddings_LBC_train/0/3d2ea7da-d7a6-4b5a-8c3b-7ff4e99e614f_pyramid_tiles_files_16_34_5.pt,0,train
GigaPath_embeddings_LBC_train/0/85f754fe-8760-404b-bedb-6d8ac74ced85_pyramid_tiles_files_16_5_11.pt,0,train
GigaPath_embeddings_LBC_train/0/3d2ea7da-d7a6-4b5a-8c3b-7ff4e99e614f_pyramid_tiles_files_16_0_17.pt,0,train
GigaPath_embeddings_LBC_train/0/4b71df3c-6e36-4b86-86cd-403d470980d8_pyramid_tiles_files_16_24_18.pt,0,train
GigaPath_embeddings_LBC_train/0/4b71df3c-6e36-4b86-86cd-403d470980d8_pyramid_tiles_files_16_18_30.pt,0,train
GigaPath_embeddings_LBC_train/0/85f754fe-8760-404b-bedb-6d8ac74ced85_pyramid_tiles_files_16_9_22.pt,0,train
GigaPath_embeddings_LBC_train/0/cbbb7a3f-b6d5-44d3-9eef-69757a914f2f_pyramid_tiles_files_16_28_27.pt,0,train
GigaPath_embeddings_LBC_train/0/85f754fe-8760-404b-bedb-6d8ac74ced85_pyramid_tiles_files_16_5_26.pt,0,train
GigaPath_embeddings_LBC_train/0/85f754fe-8760-404b-bedb-6d8ac74ced85_pyramid_tiles_files_16_18_18.pt,0,train
GigaPath_embeddings_LBC_train/0/2b545ce7-ebd8-4b3b-98fa-2f442d48bc5e_pyramid_tiles_files_16_15_38.pt,0,train
GigaPath_embeddings_LBC_train/0/3d2ea7da-d7a6-4b5a-8c3b-7ff4e99e614f_pyramid_tiles_files_16_20_30.pt,0,train
GigaPath_embeddings_LBC_train/0/85f754fe-8760-404b-bedb-6d8ac74ced85_pyramid_tiles_files_16_18_24.pt,0,train
GigaPath_embeddings_LBC_train/0/2b545ce7-ebd8-4b3b-98fa-2f442d48bc5e_pyramid_tiles_files_16_27_35.pt,0,train
GigaPath_embeddings_LBC_train/0/cbbb7a3f-b6d5-44d3-9eef-69757a914f2f_pyramid_tiles_files_16_27_39.pt,0,train
GigaPath_embeddings_LBC_train/0/cbbb7a3f-b6d5-44d3-9eef-69757a914f2f_pyramid_tiles_files_16_6_13.pt,0,train
GigaPath_embeddings_LBC_train/0/2b545ce7-ebd8-4b3b-98fa-2f442d48bc5e_pyramid_tiles_files_16_18_36.pt,0,train
GigaPath_embeddings_LBC_train/0/2b545ce7-ebd8-4b3b-98fa-2f442d48bc5e_pyramid_tiles_files_16_3_29.pt,0,train
GigaPath_embeddings_LBC_train/0/2b545ce7-ebd8-4b3b-98fa-2f442d48bc5e_pyramid_tiles_files_16_14_22.pt,0,train
GigaPath_embeddings_LBC_train/0/3d2ea7da-d7a6-4b5a-8c3b-7ff4e99e614f_pyramid_tiles_files_16_17_20.pt,0,train
GigaPath_embeddings_LBC_train/0/85f754fe-8760-404b-bedb-6d8ac74ced85_pyramid_tiles_files_16_17_32.pt,0,train
GigaPath_embeddings_LBC_train/0/85f754fe-8760-404b-bedb-6d8ac74ced85_pyramid_tiles_files_16_32_4.pt,0,train
GigaPath_embeddings_LBC_train/0/4b71df3c-6e36-4b86-86cd-403d470980d8_pyramid_tiles_files_16_42_18.pt,0,train
GigaPath_embeddings_LBC_train/0/4b71df3c-6e36-4b86-86cd-403d470980d8_pyramid_tiles_files_16_5_26.pt,0,train
GigaPath_embeddings_LBC_train/0/cbbb7a3f-b6d5-44d3-9eef-69757a914f2f_pyramid_tiles_files_16_12_10.pt,0,train
GigaPath_embeddings_LBC_train/0/2b545ce7-ebd8-4b3b-98fa-2f442d48bc5e_pyramid_tiles_files_16_3_39.pt,0,train
GigaPath_embeddings_LBC_train/0/cbbb7a3f-b6d5-44d3-9eef-69757a914f2f_pyramid_tiles_files_16_4_20.pt,0,train
GigaPath_embeddings_LBC_train/0/85f754fe-8760-404b-bedb-6d8ac74ced85_pyramid_tiles_files_16_8_17.pt,0,train
GigaPath_embeddings_LBC_train/0/cbbb7a3f-b6d5-44d3-9eef-69757a914f2f_pyramid_tiles_files_16_8_25.pt,0,train
GigaPath_embeddings_LBC_train/0/cbbb7a3f-b6d5-44d3-9eef-69757a914f2f_pyramid_tiles_files_16_30_21.pt,0,train
GigaPath_embeddings_LBC_train/0/2b545ce7-ebd8-4b3b-98fa-2f442d48bc5e_pyramid_tiles_files_16_27_39.pt,0,train
GigaPath_embeddings_LBC_train/0/3d2ea7da-d7a6-4b5a-8c3b-7ff4e99e614f_pyramid_tiles_files_16_20_29.pt,0,train
GigaPath_embeddings_LBC_train/0/85f754fe-8760-404b-bedb-6d8ac74ced85_pyramid_tiles_files_16_28_33.pt,0,train
GigaPath_embeddings_LBC_train/0/cbbb7a3f-b6d5-44d3-9eef-69757a914f2f_pyramid_tiles_files_16_24_26.pt,0,train
GigaPath_embeddings_LBC_train/0/cbbb7a3f-b6d5-44d3-9eef-69757a914f2f_pyramid_tiles_files_16_13_33.pt,0,train
GigaPath_embeddings_LBC_train/0/85f754fe-8760-404b-bedb-6d8ac74ced85_pyramid_tiles_files_16_2_27.pt,0,train
GigaPath_embeddings_LBC_train/0/4b71df3c-6e36-4b86-86cd-403d470980d8_pyramid_tiles_files_16_22_23.pt,0,train
GigaPath_embeddings_LBC_train/0/2b545ce7-ebd8-4b3b-98fa-2f442d48bc5e_pyramid_tiles_files_16_14_14.pt,0,train
GigaPath_embeddings_LBC_train/0/85f754fe-8760-404b-bedb-6d8ac74ced85_pyramid_tiles_files_16_11_36.pt,0,train
GigaPath_embeddings_LBC_train/0/4b71df3c-6e36-4b86-86cd-403d470980d8_pyramid_tiles_files_16_30_18.pt,0,train
GigaPath_embeddings_LBC_train/0/4b71df3c-6e36-4b86-86cd-403d470980d8_pyramid_tiles_files_16_27_25.pt,0,train
GigaPath_embeddings_LBC_train/0/4b71df3c-6e36-4b86-86cd-403d470980d8_pyramid_tiles_files_16_34_4.pt,0,train
GigaPath_embeddings_LBC_train/0/cbbb7a3f-b6d5-44d3-9eef-69757a914f2f_pyramid_tiles_files_16_14_5.pt,0,train
GigaPath_embeddings_LBC_train/0/85f754fe-8760-404b-bedb-6d8ac74ced85_pyramid_tiles_files_16_9_31.pt,0,train
GigaPath_embeddings_LBC_train/0/2b545ce7-ebd8-4b3b-98fa-2f442d48bc5e_pyramid_tiles_files_16_22_9.pt,0,train
GigaPath_embeddings_LBC_train/0/cbbb7a3f-b6d5-44d3-9eef-69757a914f2f_pyramid_tiles_files_16_9_27.pt,0,train
GigaPath_embeddings_LBC_train/0/3d2ea7da-d7a6-4b5a-8c3b-7ff4e99e614f_pyramid_tiles_files_16_38_34.pt,0,train
GigaPath_embeddings_LBC_train/0/3d2ea7da-d7a6-4b5a-8c3b-7ff4e99e614f_pyramid_tiles_files_16_23_19.pt,0,train
GigaPath_embeddings_LBC_train/0/4b71df3c-6e36-4b86-86cd-403d470980d8_pyramid_tiles_files_16_24_30.pt,0,train
GigaPath_embeddings_LBC_train/0/85f754fe-8760-404b-bedb-6d8ac74ced85_pyramid_tiles_files_16_28_27.pt,0,train
GigaPath_embeddings_LBC_train/0/85f754fe-8760-404b-bedb-6d8ac74ced85_pyramid_tiles_files_16_20_33.pt,0,train
GigaPath_embeddings_LBC_train/0/85f754fe-8760-404b-bedb-6d8ac74ced85_pyramid_tiles_files_16_6_12.pt,0,train
GigaPath_embeddings_LBC_train/0/cbbb7a3f-b6d5-44d3-9eef-69757a914f2f_pyramid_tiles_files_16_17_4.pt,0,train
GigaPath_embeddings_LBC_train/0/85f754fe-8760-404b-bedb-6d8ac74ced85_pyramid_tiles_files_16_18_6.pt,0,train
GigaPath_embeddings_LBC_train/0/3d2ea7da-d7a6-4b5a-8c3b-7ff4e99e614f_pyramid_tiles_files_16_16_7.pt,0,train
GigaPath_embeddings_LBC_train/0/4b71df3c-6e36-4b86-86cd-403d470980d8_pyramid_tiles_files_16_15_26.pt,0,train
GigaPath_embeddings_LBC_train/0/3d2ea7da-d7a6-4b5a-8c3b-7ff4e99e614f_pyramid_tiles_files_16_2_15.pt,0,train
GigaPath_embeddings_LBC_train/0/cbbb7a3f-b6d5-44d3-9eef-69757a914f2f_pyramid_tiles_files_16_40_21.pt,0,train
GigaPath_embeddings_LBC_train/0/85f754fe-8760-404b-bedb-6d8ac74ced85_pyramid_tiles_files_16_10_32.pt,0,train
GigaPath_embeddings_LBC_train/0/3d2ea7da-d7a6-4b5a-8c3b-7ff4e99e614f_pyramid_tiles_files_16_11_3.pt,0,train
GigaPath_embeddings_LBC_train/0/4b71df3c-6e36-4b86-86cd-403d470980d8_pyramid_tiles_files_16_35_3.pt,0,train
GigaPath_embeddings_LBC_train/0/cbbb7a3f-b6d5-44d3-9eef-69757a914f2f_pyramid_tiles_files_16_2_12.pt,0,train
GigaPath_embeddings_LBC_train/0/85f754fe-8760-404b-bedb-6d8ac74ced85_pyramid_tiles_files_16_20_19.pt,0,train
GigaPath_embeddings_LBC_train/0/cbbb7a3f-b6d5-44d3-9eef-69757a914f2f_pyramid_tiles_files_16_31_3.pt,0,train
GigaPath_embeddings_LBC_train/0/2b545ce7-ebd8-4b3b-98fa-2f442d48bc5e_pyramid_tiles_files_16_29_20.pt,0,train
GigaPath_embeddings_LBC_train/0/2b545ce7-ebd8-4b3b-98fa-2f442d48bc5e_pyramid_tiles_files_16_0_31.pt,0,train
GigaPath_embeddings_LBC_train/0/3d2ea7da-d7a6-4b5a-8c3b-7ff4e99e614f_pyramid_tiles_files_16_28_19.pt,0,train
GigaPath_embeddings_LBC_train/0/85f754fe-8760-404b-bedb-6d8ac74ced85_pyramid_tiles_files_16_30_33.pt,0,train
GigaPath_embeddings_LBC_train/0/cbbb7a3f-b6d5-44d3-9eef-69757a914f2f_pyramid_tiles_files_16_31_14.pt,0,train
GigaPath_embeddings_LBC_train/0/2b545ce7-ebd8-4b3b-98fa-2f442d48bc5e_pyramid_tiles_files_16_15_42.pt,0,train
GigaPath_embeddings_LBC_train/0/85f754fe-8760-404b-bedb-6d8ac74ced85_pyramid_tiles_files_16_26_17.pt,0,train
GigaPath_embeddings_LBC_train/0/cbbb7a3f-b6d5-44d3-9eef-69757a914f2f_pyramid_tiles_files_16_32_14.pt,0,train
GigaPath_embeddings_LBC_train/0/4b71df3c-6e36-4b86-86cd-403d470980d8_pyramid_tiles_files_16_21_29.pt,0,train
GigaPath_embeddings_LBC_train/0/4b71df3c-6e36-4b86-86cd-403d470980d8_pyramid_tiles_files_16_32_12.pt,0,train
GigaPath_embeddings_LBC_train/0/2b545ce7-ebd8-4b3b-98fa-2f442d48bc5e_pyramid_tiles_files_16_9_38.pt,0,train
GigaPath_embeddings_LBC_train/0/3d2ea7da-d7a6-4b5a-8c3b-7ff4e99e614f_pyramid_tiles_files_16_2_25.pt,0,train
GigaPath_embeddings_LBC_train/0/3d2ea7da-d7a6-4b5a-8c3b-7ff4e99e614f_pyramid_tiles_files_16_1_28.pt,0,train
GigaPath_embeddings_LBC_train/0/4b71df3c-6e36-4b86-86cd-403d470980d8_pyramid_tiles_files_16_22_27.pt,0,train
GigaPath_embeddings_LBC_train/0/4b71df3c-6e36-4b86-86cd-403d470980d8_pyramid_tiles_files_16_38_29.pt,0,train
GigaPath_embeddings_LBC_train/0/3d2ea7da-d7a6-4b5a-8c3b-7ff4e99e614f_pyramid_tiles_files_16_28_12.pt,0,train
GigaPath_embeddings_LBC_train/0/2b545ce7-ebd8-4b3b-98fa-2f442d48bc5e_pyramid_tiles_files_16_28_43.pt,0,train
GigaPath_embeddings_LBC_train/0/85f754fe-8760-404b-bedb-6d8ac74ced85_pyramid_tiles_files_16_17_0.pt,0,train
GigaPath_embeddings_LBC_train/0/2b545ce7-ebd8-4b3b-98fa-2f442d48bc5e_pyramid_tiles_files_16_9_25.pt,0,train
GigaPath_embeddings_LBC_train/0/2b545ce7-ebd8-4b3b-98fa-2f442d48bc5e_pyramid_tiles_files_16_15_9.pt,0,train
GigaPath_embeddings_LBC_train/0/2b545ce7-ebd8-4b3b-98fa-2f442d48bc5e_pyramid_tiles_files_16_10_16.pt,0,train
GigaPath_embeddings_LBC_train/0/cbbb7a3f-b6d5-44d3-9eef-69757a914f2f_pyramid_tiles_files_16_24_40.pt,0,train
GigaPath_embeddings_LBC_train/0/3d2ea7da-d7a6-4b5a-8c3b-7ff4e99e614f_pyramid_tiles_files_16_9_16.pt,0,train
GigaPath_embeddings_LBC_train/0/85f754fe-8760-404b-bedb-6d8ac74ced85_pyramid_tiles_files_16_9_17.pt,0,train
GigaPath_embeddings_LBC_train/0/3d2ea7da-d7a6-4b5a-8c3b-7ff4e99e614f_pyramid_tiles_files_16_34_31.pt,0,train
GigaPath_embeddings_LBC_train/0/4b71df3c-6e36-4b86-86cd-403d470980d8_pyramid_tiles_files_16_21_0.pt,0,train
GigaPath_embeddings_LBC_train/0/2b545ce7-ebd8-4b3b-98fa-2f442d48bc5e_pyramid_tiles_files_16_10_24.pt,0,train
GigaPath_embeddings_LBC_train/0/3d2ea7da-d7a6-4b5a-8c3b-7ff4e99e614f_pyramid_tiles_files_16_16_26.pt,0,train
GigaPath_embeddings_LBC_train/0/3d2ea7da-d7a6-4b5a-8c3b-7ff4e99e614f_pyramid_tiles_files_16_36_17.pt,0,train
GigaPath_embeddings_LBC_train/0/4b71df3c-6e36-4b86-86cd-403d470980d8_pyramid_tiles_files_16_12_15.pt,0,train
GigaPath_embeddings_LBC_train/0/4b71df3c-6e36-4b86-86cd-403d470980d8_pyramid_tiles_files_16_13_27.pt,0,train
GigaPath_embeddings_LBC_train/0/4b71df3c-6e36-4b86-86cd-403d470980d8_pyramid_tiles_files_16_32_21.pt,0,train
GigaPath_embeddings_LBC_train/0/2b545ce7-ebd8-4b3b-98fa-2f442d48bc5e_pyramid_tiles_files_16_33_33.pt,0,train
GigaPath_embeddings_LBC_train/0/2b545ce7-ebd8-4b3b-98fa-2f442d48bc5e_pyramid_tiles_files_16_34_35.pt,0,train
GigaPath_embeddings_LBC_train/0/85f754fe-8760-404b-bedb-6d8ac74ced85_pyramid_tiles_files_16_5_24.pt,0,train
GigaPath_embeddings_LBC_train/0/85f754fe-8760-404b-bedb-6d8ac74ced85_pyramid_tiles_files_16_9_27.pt,0,train
GigaPath_embeddings_LBC_train/0/3d2ea7da-d7a6-4b5a-8c3b-7ff4e99e614f_pyramid_tiles_files_16_9_11.pt,0,train
GigaPath_embeddings_LBC_train/0/3d2ea7da-d7a6-4b5a-8c3b-7ff4e99e614f_pyramid_tiles_files_16_10_15.pt,0,train
GigaPath_embeddings_LBC_train/0/cbbb7a3f-b6d5-44d3-9eef-69757a914f2f_pyramid_tiles_files_16_32_21.pt,0,train
GigaPath_embeddings_LBC_train/0/2b545ce7-ebd8-4b3b-98fa-2f442d48bc5e_pyramid_tiles_files_16_24_16.pt,0,train
GigaPath_embeddings_LBC_train/0/cbbb7a3f-b6d5-44d3-9eef-69757a914f2f_pyramid_tiles_files_16_14_11.pt,0,train
GigaPath_embeddings_LBC_train/0/3d2ea7da-d7a6-4b5a-8c3b-7ff4e99e614f_pyramid_tiles_files_16_12_36.pt,0,train
GigaPath_embeddings_LBC_train/0/4b71df3c-6e36-4b86-86cd-403d470980d8_pyramid_tiles_files_16_33_11.pt,0,train
GigaPath_embeddings_LBC_train/0/3d2ea7da-d7a6-4b5a-8c3b-7ff4e99e614f_pyramid_tiles_files_16_12_35.pt,0,train
GigaPath_embeddings_LBC_train/0/3d2ea7da-d7a6-4b5a-8c3b-7ff4e99e614f_pyramid_tiles_files_16_21_17.pt,0,train
GigaPath_embeddings_LBC_train/0/85f754fe-8760-404b-bedb-6d8ac74ced85_pyramid_tiles_files_16_29_1.pt,0,train
GigaPath_embeddings_LBC_train/0/cbbb7a3f-b6d5-44d3-9eef-69757a914f2f_pyramid_tiles_files_16_8_37.pt,0,train
GigaPath_embeddings_LBC_train/0/2b545ce7-ebd8-4b3b-98fa-2f442d48bc5e_pyramid_tiles_files_16_14_34.pt,0,train
GigaPath_embeddings_LBC_train/0/cbbb7a3f-b6d5-44d3-9eef-69757a914f2f_pyramid_tiles_files_16_27_25.pt,0,train
GigaPath_embeddings_LBC_train/0/2b545ce7-ebd8-4b3b-98fa-2f442d48bc5e_pyramid_tiles_files_16_30_24.pt,0,train
GigaPath_embeddings_LBC_train/0/4b71df3c-6e36-4b86-86cd-403d470980d8_pyramid_tiles_files_16_28_32.pt,0,train
GigaPath_embeddings_LBC_train/0/2b545ce7-ebd8-4b3b-98fa-2f442d48bc5e_pyramid_tiles_files_16_23_27.pt,0,train
GigaPath_embeddings_LBC_train/0/85f754fe-8760-404b-bedb-6d8ac74ced85_pyramid_tiles_files_16_22_28.pt,0,train
GigaPath_embeddings_LBC_train/0/2b545ce7-ebd8-4b3b-98fa-2f442d48bc5e_pyramid_tiles_files_16_31_32.pt,0,train
GigaPath_embeddings_LBC_train/0/4b71df3c-6e36-4b86-86cd-403d470980d8_pyramid_tiles_files_16_5_12.pt,0,train
GigaPath_embeddings_LBC_train/0/85f754fe-8760-404b-bedb-6d8ac74ced85_pyramid_tiles_files_16_20_29.pt,0,train
GigaPath_embeddings_LBC_train/0/3d2ea7da-d7a6-4b5a-8c3b-7ff4e99e614f_pyramid_tiles_files_16_22_17.pt,0,train
GigaPath_embeddings_LBC_train/0/4b71df3c-6e36-4b86-86cd-403d470980d8_pyramid_tiles_files_16_30_29.pt,0,train
GigaPath_embeddings_LBC_train/0/2b545ce7-ebd8-4b3b-98fa-2f442d48bc5e_pyramid_tiles_files_16_7_14.pt,0,train
GigaPath_embeddings_LBC_train/0/85f754fe-8760-404b-bedb-6d8ac74ced85_pyramid_tiles_files_16_10_6.pt,0,train
GigaPath_embeddings_LBC_train/0/85f754fe-8760-404b-bedb-6d8ac74ced85_pyramid_tiles_files_16_2_15.pt,0,train
GigaPath_embeddings_LBC_train/0/2b545ce7-ebd8-4b3b-98fa-2f442d48bc5e_pyramid_tiles_files_16_13_10.pt,0,train
GigaPath_embeddings_LBC_train/0/cbbb7a3f-b6d5-44d3-9eef-69757a914f2f_pyramid_tiles_files_16_27_12.pt,0,train
GigaPath_embeddings_LBC_train/0/85f754fe-8760-404b-bedb-6d8ac74ced85_pyramid_tiles_files_16_20_11.pt,0,train
GigaPath_embeddings_LBC_train/0/85f754fe-8760-404b-bedb-6d8ac74ced85_pyramid_tiles_files_16_28_5.pt,0,train
GigaPath_embeddings_LBC_train/0/4b71df3c-6e36-4b86-86cd-403d470980d8_pyramid_tiles_files_16_16_36.pt,0,train
GigaPath_embeddings_LBC_train/0/4b71df3c-6e36-4b86-86cd-403d470980d8_pyramid_tiles_files_16_9_28.pt,0,train
GigaPath_embeddings_LBC_train/0/cbbb7a3f-b6d5-44d3-9eef-69757a914f2f_pyramid_tiles_files_16_21_11.pt,0,train
GigaPath_embeddings_LBC_train/0/cbbb7a3f-b6d5-44d3-9eef-69757a914f2f_pyramid_tiles_files_16_22_11.pt,0,train
GigaPath_embeddings_LBC_train/0/85f754fe-8760-404b-bedb-6d8ac74ced85_pyramid_tiles_files_16_16_9.pt,0,train
GigaPath_embeddings_LBC_train/0/3d2ea7da-d7a6-4b5a-8c3b-7ff4e99e614f_pyramid_tiles_files_16_16_4.pt,0,train
GigaPath_embeddings_LBC_train/0/4b71df3c-6e36-4b86-86cd-403d470980d8_pyramid_tiles_files_16_33_9.pt,0,train
GigaPath_embeddings_LBC_train/0/cbbb7a3f-b6d5-44d3-9eef-69757a914f2f_pyramid_tiles_files_16_21_15.pt,0,train
GigaPath_embeddings_LBC_train/0/3d2ea7da-d7a6-4b5a-8c3b-7ff4e99e614f_pyramid_tiles_files_16_19_16.pt,0,train
GigaPath_embeddings_LBC_train/0/85f754fe-8760-404b-bedb-6d8ac74ced85_pyramid_tiles_files_16_13_3.pt,0,train
GigaPath_embeddings_LBC_train/0/3d2ea7da-d7a6-4b5a-8c3b-7ff4e99e614f_pyramid_tiles_files_16_23_12.pt,0,train
GigaPath_embeddings_LBC_train/0/85f754fe-8760-404b-bedb-6d8ac74ced85_pyramid_tiles_files_16_10_25.pt,0,train
GigaPath_embeddings_LBC_train/0/cbbb7a3f-b6d5-44d3-9eef-69757a914f2f_pyramid_tiles_files_16_37_10.pt,0,train
GigaPath_embeddings_LBC_train/0/3d2ea7da-d7a6-4b5a-8c3b-7ff4e99e614f_pyramid_tiles_files_16_7_19.pt,0,train
GigaPath_embeddings_LBC_train/0/3d2ea7da-d7a6-4b5a-8c3b-7ff4e99e614f_pyramid_tiles_files_16_30_30.pt,0,train
GigaPath_embeddings_LBC_train/0/2b545ce7-ebd8-4b3b-98fa-2f442d48bc5e_pyramid_tiles_files_16_24_15.pt,0,train
GigaPath_embeddings_LBC_train/0/85f754fe-8760-404b-bedb-6d8ac74ced85_pyramid_tiles_files_16_25_27.pt,0,train
GigaPath_embeddings_LBC_train/0/2b545ce7-ebd8-4b3b-98fa-2f442d48bc5e_pyramid_tiles_files_16_29_34.pt,0,train
GigaPath_embeddings_LBC_train/0/cbbb7a3f-b6d5-44d3-9eef-69757a914f2f_pyramid_tiles_files_16_9_32.pt,0,train
GigaPath_embeddings_LBC_train/0/cbbb7a3f-b6d5-44d3-9eef-69757a914f2f_pyramid_tiles_files_16_30_28.pt,0,train
GigaPath_embeddings_LBC_train/0/cbbb7a3f-b6d5-44d3-9eef-69757a914f2f_pyramid_tiles_files_16_3_32.pt,0,train
GigaPath_embeddings_LBC_train/0/85f754fe-8760-404b-bedb-6d8ac74ced85_pyramid_tiles_files_16_10_2.pt,0,train
GigaPath_embeddings_LBC_train/0/3d2ea7da-d7a6-4b5a-8c3b-7ff4e99e614f_pyramid_tiles_files_16_31_23.pt,0,train
GigaPath_embeddings_LBC_train/0/85f754fe-8760-404b-bedb-6d8ac74ced85_pyramid_tiles_files_16_29_29.pt,0,train
GigaPath_embeddings_LBC_train/0/cbbb7a3f-b6d5-44d3-9eef-69757a914f2f_pyramid_tiles_files_16_34_10.pt,0,train
GigaPath_embeddings_LBC_train/0/3d2ea7da-d7a6-4b5a-8c3b-7ff4e99e614f_pyramid_tiles_files_16_29_4.pt,0,train
GigaPath_embeddings_LBC_train/0/4b71df3c-6e36-4b86-86cd-403d470980d8_pyramid_tiles_files_16_5_16.pt,0,train
GigaPath_embeddings_LBC_train/0/4b71df3c-6e36-4b86-86cd-403d470980d8_pyramid_tiles_files_16_22_33.pt,0,train
GigaPath_embeddings_LBC_train/0/cbbb7a3f-b6d5-44d3-9eef-69757a914f2f_pyramid_tiles_files_16_14_6.pt,0,train
GigaPath_embeddings_LBC_train/0/cbbb7a3f-b6d5-44d3-9eef-69757a914f2f_pyramid_tiles_files_16_16_20.pt,0,train
GigaPath_embeddings_LBC_train/0/cbbb7a3f-b6d5-44d3-9eef-69757a914f2f_pyramid_tiles_files_16_19_24.pt,0,train
GigaPath_embeddings_LBC_train/0/3d2ea7da-d7a6-4b5a-8c3b-7ff4e99e614f_pyramid_tiles_files_16_27_10.pt,0,train
GigaPath_embeddings_LBC_train/0/2b545ce7-ebd8-4b3b-98fa-2f442d48bc5e_pyramid_tiles_files_16_17_15.pt,0,train
GigaPath_embeddings_LBC_train/0/85f754fe-8760-404b-bedb-6d8ac74ced85_pyramid_tiles_files_16_30_20.pt,0,train
GigaPath_embeddings_LBC_train/0/cbbb7a3f-b6d5-44d3-9eef-69757a914f2f_pyramid_tiles_files_16_8_32.pt,0,train
GigaPath_embeddings_LBC_train/0/3d2ea7da-d7a6-4b5a-8c3b-7ff4e99e614f_pyramid_tiles_files_16_9_36.pt,0,train
GigaPath_embeddings_LBC_train/0/3d2ea7da-d7a6-4b5a-8c3b-7ff4e99e614f_pyramid_tiles_files_16_12_17.pt,0,train
GigaPath_embeddings_LBC_train/0/3d2ea7da-d7a6-4b5a-8c3b-7ff4e99e614f_pyramid_tiles_files_16_2_14.pt,0,train
GigaPath_embeddings_LBC_train/0/85f754fe-8760-404b-bedb-6d8ac74ced85_pyramid_tiles_files_16_19_17.pt,0,train
GigaPath_embeddings_LBC_train/0/2b545ce7-ebd8-4b3b-98fa-2f442d48bc5e_pyramid_tiles_files_16_32_39.pt,0,train
GigaPath_embeddings_LBC_train/0/cbbb7a3f-b6d5-44d3-9eef-69757a914f2f_pyramid_tiles_files_16_13_17.pt,0,train
GigaPath_embeddings_LBC_train/0/cbbb7a3f-b6d5-44d3-9eef-69757a914f2f_pyramid_tiles_files_16_35_15.pt,0,train
GigaPath_embeddings_LBC_train/0/2b545ce7-ebd8-4b3b-98fa-2f442d48bc5e_pyramid_tiles_files_16_7_42.pt,0,train
GigaPath_embeddings_LBC_train/0/3d2ea7da-d7a6-4b5a-8c3b-7ff4e99e614f_pyramid_tiles_files_16_21_12.pt,0,train
GigaPath_embeddings_LBC_train/0/85f754fe-8760-404b-bedb-6d8ac74ced85_pyramid_tiles_files_16_24_19.pt,0,train
GigaPath_embeddings_LBC_train/0/4b71df3c-6e36-4b86-86cd-403d470980d8_pyramid_tiles_files_16_16_29.pt,0,train
GigaPath_embeddings_LBC_train/0/3d2ea7da-d7a6-4b5a-8c3b-7ff4e99e614f_pyramid_tiles_files_16_16_32.pt,0,train
GigaPath_embeddings_LBC_train/0/85f754fe-8760-404b-bedb-6d8ac74ced85_pyramid_tiles_files_16_33_5.pt,0,train
GigaPath_embeddings_LBC_train/0/2b545ce7-ebd8-4b3b-98fa-2f442d48bc5e_pyramid_tiles_files_16_21_44.pt,0,train
GigaPath_embeddings_LBC_train/0/cbbb7a3f-b6d5-44d3-9eef-69757a914f2f_pyramid_tiles_files_16_24_32.pt,0,train
GigaPath_embeddings_LBC_train/0/2b545ce7-ebd8-4b3b-98fa-2f442d48bc5e_pyramid_tiles_files_16_27_28.pt,0,train
GigaPath_embeddings_LBC_train/0/4b71df3c-6e36-4b86-86cd-403d470980d8_pyramid_tiles_files_16_34_8.pt,0,train
GigaPath_embeddings_LBC_train/0/3d2ea7da-d7a6-4b5a-8c3b-7ff4e99e614f_pyramid_tiles_files_16_19_12.pt,0,train
GigaPath_embeddings_LBC_train/0/2b545ce7-ebd8-4b3b-98fa-2f442d48bc5e_pyramid_tiles_files_16_21_38.pt,0,train
GigaPath_embeddings_LBC_train/0/4b71df3c-6e36-4b86-86cd-403d470980d8_pyramid_tiles_files_16_8_13.pt,0,train
GigaPath_embeddings_LBC_train/0/2b545ce7-ebd8-4b3b-98fa-2f442d48bc5e_pyramid_tiles_files_16_34_36.pt,0,train
GigaPath_embeddings_LBC_train/0/3d2ea7da-d7a6-4b5a-8c3b-7ff4e99e614f_pyramid_tiles_files_16_17_25.pt,0,train
GigaPath_embeddings_LBC_train/0/4b71df3c-6e36-4b86-86cd-403d470980d8_pyramid_tiles_files_16_25_35.pt,0,train
GigaPath_embeddings_LBC_train/0/2b545ce7-ebd8-4b3b-98fa-2f442d48bc5e_pyramid_tiles_files_16_4_35.pt,0,train
GigaPath_embeddings_LBC_train/0/4b71df3c-6e36-4b86-86cd-403d470980d8_pyramid_tiles_files_16_42_15.pt,0,train
GigaPath_embeddings_LBC_train/0/4b71df3c-6e36-4b86-86cd-403d470980d8_pyramid_tiles_files_16_16_10.pt,0,train
GigaPath_embeddings_LBC_train/0/2b545ce7-ebd8-4b3b-98fa-2f442d48bc5e_pyramid_tiles_files_16_5_35.pt,0,train
GigaPath_embeddings_LBC_train/0/cbbb7a3f-b6d5-44d3-9eef-69757a914f2f_pyramid_tiles_files_16_10_26.pt,0,train
GigaPath_embeddings_LBC_train/0/3d2ea7da-d7a6-4b5a-8c3b-7ff4e99e614f_pyramid_tiles_files_16_27_12.pt,0,train
GigaPath_embeddings_LBC_train/0/85f754fe-8760-404b-bedb-6d8ac74ced85_pyramid_tiles_files_16_3_27.pt,0,train
GigaPath_embeddings_LBC_train/0/2b545ce7-ebd8-4b3b-98fa-2f442d48bc5e_pyramid_tiles_files_16_24_34.pt,0,train
GigaPath_embeddings_LBC_train/0/2b545ce7-ebd8-4b3b-98fa-2f442d48bc5e_pyramid_tiles_files_16_27_40.pt,0,train
GigaPath_embeddings_LBC_train/0/cbbb7a3f-b6d5-44d3-9eef-69757a914f2f_pyramid_tiles_files_16_12_19.pt,0,train
GigaPath_embeddings_LBC_train/0/4b71df3c-6e36-4b86-86cd-403d470980d8_pyramid_tiles_files_16_12_28.pt,0,train
GigaPath_embeddings_LBC_train/0/85f754fe-8760-404b-bedb-6d8ac74ced85_pyramid_tiles_files_16_26_8.pt,0,train
GigaPath_embeddings_LBC_train/0/85f754fe-8760-404b-bedb-6d8ac74ced85_pyramid_tiles_files_16_7_23.pt,0,train
GigaPath_embeddings_LBC_train/0/3d2ea7da-d7a6-4b5a-8c3b-7ff4e99e614f_pyramid_tiles_files_16_31_25.pt,0,train
GigaPath_embeddings_LBC_train/0/cbbb7a3f-b6d5-44d3-9eef-69757a914f2f_pyramid_tiles_files_16_16_18.pt,0,train
GigaPath_embeddings_LBC_train/0/4b71df3c-6e36-4b86-86cd-403d470980d8_pyramid_tiles_files_16_16_24.pt,0,train
GigaPath_embeddings_LBC_train/0/85f754fe-8760-404b-bedb-6d8ac74ced85_pyramid_tiles_files_16_24_25.pt,0,train
GigaPath_embeddings_LBC_train/0/cbbb7a3f-b6d5-44d3-9eef-69757a914f2f_pyramid_tiles_files_16_28_22.pt,0,train
GigaPath_embeddings_LBC_train/0/3d2ea7da-d7a6-4b5a-8c3b-7ff4e99e614f_pyramid_tiles_files_16_30_31.pt,0,train
GigaPath_embeddings_LBC_train/0/4b71df3c-6e36-4b86-86cd-403d470980d8_pyramid_tiles_files_16_14_15.pt,0,train
GigaPath_embeddings_LBC_train/0/85f754fe-8760-404b-bedb-6d8ac74ced85_pyramid_tiles_files_16_31_29.pt,0,train
GigaPath_embeddings_LBC_train/0/cbbb7a3f-b6d5-44d3-9eef-69757a914f2f_pyramid_tiles_files_16_36_19.pt,0,train
GigaPath_embeddings_LBC_train/0/cbbb7a3f-b6d5-44d3-9eef-69757a914f2f_pyramid_tiles_files_16_23_38.pt,0,train
GigaPath_embeddings_LBC_train/0/cbbb7a3f-b6d5-44d3-9eef-69757a914f2f_pyramid_tiles_files_16_12_17.pt,0,train
GigaPath_embeddings_LBC_train/0/cbbb7a3f-b6d5-44d3-9eef-69757a914f2f_pyramid_tiles_files_16_28_11.pt,0,train
GigaPath_embeddings_LBC_train/0/2b545ce7-ebd8-4b3b-98fa-2f442d48bc5e_pyramid_tiles_files_16_29_12.pt,0,train
GigaPath_embeddings_LBC_train/0/3d2ea7da-d7a6-4b5a-8c3b-7ff4e99e614f_pyramid_tiles_files_16_21_2.pt,0,train
GigaPath_embeddings_LBC_train/0/3d2ea7da-d7a6-4b5a-8c3b-7ff4e99e614f_pyramid_tiles_files_16_4_19.pt,0,train
GigaPath_embeddings_LBC_train/0/cbbb7a3f-b6d5-44d3-9eef-69757a914f2f_pyramid_tiles_files_16_9_26.pt,0,train
GigaPath_embeddings_LBC_train/0/cbbb7a3f-b6d5-44d3-9eef-69757a914f2f_pyramid_tiles_files_16_37_16.pt,0,train
GigaPath_embeddings_LBC_train/0/4b71df3c-6e36-4b86-86cd-403d470980d8_pyramid_tiles_files_16_40_20.pt,0,train
GigaPath_embeddings_LBC_train/0/3d2ea7da-d7a6-4b5a-8c3b-7ff4e99e614f_pyramid_tiles_files_16_16_29.pt,0,train
GigaPath_embeddings_LBC_train/0/cbbb7a3f-b6d5-44d3-9eef-69757a914f2f_pyramid_tiles_files_16_30_12.pt,0,train
GigaPath_embeddings_LBC_train/0/4b71df3c-6e36-4b86-86cd-403d470980d8_pyramid_tiles_files_16_24_36.pt,0,train
GigaPath_embeddings_LBC_train/0/cbbb7a3f-b6d5-44d3-9eef-69757a914f2f_pyramid_tiles_files_16_20_6.pt,0,train
GigaPath_embeddings_LBC_train/0/2b545ce7-ebd8-4b3b-98fa-2f442d48bc5e_pyramid_tiles_files_16_19_12.pt,0,train
GigaPath_embeddings_LBC_train/0/3d2ea7da-d7a6-4b5a-8c3b-7ff4e99e614f_pyramid_tiles_files_16_30_22.pt,0,train
GigaPath_embeddings_LBC_train/0/85f754fe-8760-404b-bedb-6d8ac74ced85_pyramid_tiles_files_16_22_36.pt,0,train
GigaPath_embeddings_LBC_train/0/4b71df3c-6e36-4b86-86cd-403d470980d8_pyramid_tiles_files_16_37_27.pt,0,train
GigaPath_embeddings_LBC_train/0/3d2ea7da-d7a6-4b5a-8c3b-7ff4e99e614f_pyramid_tiles_files_16_35_31.pt,0,train
GigaPath_embeddings_LBC_train/0/3d2ea7da-d7a6-4b5a-8c3b-7ff4e99e614f_pyramid_tiles_files_16_15_21.pt,0,train
GigaPath_embeddings_LBC_train/0/85f754fe-8760-404b-bedb-6d8ac74ced85_pyramid_tiles_files_16_2_25.pt,0,train
GigaPath_embeddings_LBC_train/0/85f754fe-8760-404b-bedb-6d8ac74ced85_pyramid_tiles_files_16_5_29.pt,0,train
GigaPath_embeddings_LBC_train/0/4b71df3c-6e36-4b86-86cd-403d470980d8_pyramid_tiles_files_16_4_12.pt,0,train
GigaPath_embeddings_LBC_train/0/85f754fe-8760-404b-bedb-6d8ac74ced85_pyramid_tiles_files_16_11_23.pt,0,train
GigaPath_embeddings_LBC_train/0/85f754fe-8760-404b-bedb-6d8ac74ced85_pyramid_tiles_files_16_24_13.pt,0,train
GigaPath_embeddings_LBC_train/0/4b71df3c-6e36-4b86-86cd-403d470980d8_pyramid_tiles_files_16_1_15.pt,0,train
GigaPath_embeddings_LBC_train/0/2b545ce7-ebd8-4b3b-98fa-2f442d48bc5e_pyramid_tiles_files_16_25_20.pt,0,train
GigaPath_embeddings_LBC_train/0/85f754fe-8760-404b-bedb-6d8ac74ced85_pyramid_tiles_files_16_15_17.pt,0,train
GigaPath_embeddings_LBC_train/0/2b545ce7-ebd8-4b3b-98fa-2f442d48bc5e_pyramid_tiles_files_16_20_15.pt,0,train
GigaPath_embeddings_LBC_train/0/2b545ce7-ebd8-4b3b-98fa-2f442d48bc5e_pyramid_tiles_files_16_23_34.pt,0,train
GigaPath_embeddings_LBC_train/0/85f754fe-8760-404b-bedb-6d8ac74ced85_pyramid_tiles_files_16_16_20.pt,0,train
GigaPath_embeddings_LBC_train/0/4b71df3c-6e36-4b86-86cd-403d470980d8_pyramid_tiles_files_16_33_24.pt,0,train
GigaPath_embeddings_LBC_train/0/85f754fe-8760-404b-bedb-6d8ac74ced85_pyramid_tiles_files_16_2_12.pt,0,train
GigaPath_embeddings_LBC_train/0/85f754fe-8760-404b-bedb-6d8ac74ced85_pyramid_tiles_files_16_23_15.pt,0,train
GigaPath_embeddings_LBC_train/0/85f754fe-8760-404b-bedb-6d8ac74ced85_pyramid_tiles_files_16_32_11.pt,0,train
GigaPath_embeddings_LBC_train/0/85f754fe-8760-404b-bedb-6d8ac74ced85_pyramid_tiles_files_16_24_23.pt,0,train
GigaPath_embeddings_LBC_train/0/3d2ea7da-d7a6-4b5a-8c3b-7ff4e99e614f_pyramid_tiles_files_16_14_12.pt,0,train
GigaPath_embeddings_LBC_train/0/cbbb7a3f-b6d5-44d3-9eef-69757a914f2f_pyramid_tiles_files_16_13_34.pt,0,train
GigaPath_embeddings_LBC_train/0/cbbb7a3f-b6d5-44d3-9eef-69757a914f2f_pyramid_tiles_files_16_24_4.pt,0,train
GigaPath_embeddings_LBC_train/0/cbbb7a3f-b6d5-44d3-9eef-69757a914f2f_pyramid_tiles_files_16_12_32.pt,0,train
GigaPath_embeddings_LBC_train/0/85f754fe-8760-404b-bedb-6d8ac74ced85_pyramid_tiles_files_16_31_8.pt,0,train
GigaPath_embeddings_LBC_train/0/85f754fe-8760-404b-bedb-6d8ac74ced85_pyramid_tiles_files_16_37_15.pt,0,train
GigaPath_embeddings_LBC_train/0/2b545ce7-ebd8-4b3b-98fa-2f442d48bc5e_pyramid_tiles_files_16_14_37.pt,0,train
GigaPath_embeddings_LBC_train/0/85f754fe-8760-404b-bedb-6d8ac74ced85_pyramid_tiles_files_16_3_9.pt,0,train
GigaPath_embeddings_LBC_train/0/4b71df3c-6e36-4b86-86cd-403d470980d8_pyramid_tiles_files_16_25_9.pt,0,train
GigaPath_embeddings_LBC_train/0/85f754fe-8760-404b-bedb-6d8ac74ced85_pyramid_tiles_files_16_13_32.pt,0,train
GigaPath_embeddings_LBC_train/0/3d2ea7da-d7a6-4b5a-8c3b-7ff4e99e614f_pyramid_tiles_files_16_14_23.pt,0,train
GigaPath_embeddings_LBC_train/0/cbbb7a3f-b6d5-44d3-9eef-69757a914f2f_pyramid_tiles_files_16_33_18.pt,0,train
GigaPath_embeddings_LBC_train/0/3d2ea7da-d7a6-4b5a-8c3b-7ff4e99e614f_pyramid_tiles_files_16_19_29.pt,0,train
GigaPath_embeddings_LBC_train/0/4b71df3c-6e36-4b86-86cd-403d470980d8_pyramid_tiles_files_16_39_24.pt,0,train
GigaPath_embeddings_LBC_train/0/cbbb7a3f-b6d5-44d3-9eef-69757a914f2f_pyramid_tiles_files_16_13_16.pt,0,train
GigaPath_embeddings_LBC_train/0/3d2ea7da-d7a6-4b5a-8c3b-7ff4e99e614f_pyramid_tiles_files_16_20_35.pt,0,train
GigaPath_embeddings_LBC_train/0/85f754fe-8760-404b-bedb-6d8ac74ced85_pyramid_tiles_files_16_4_22.pt,0,train
GigaPath_embeddings_LBC_train/0/2b545ce7-ebd8-4b3b-98fa-2f442d48bc5e_pyramid_tiles_files_16_30_21.pt,0,train
GigaPath_embeddings_LBC_train/0/2b545ce7-ebd8-4b3b-98fa-2f442d48bc5e_pyramid_tiles_files_16_11_39.pt,0,train
GigaPath_embeddings_LBC_train/0/2b545ce7-ebd8-4b3b-98fa-2f442d48bc5e_pyramid_tiles_files_16_32_34.pt,0,train
GigaPath_embeddings_LBC_train/0/3d2ea7da-d7a6-4b5a-8c3b-7ff4e99e614f_pyramid_tiles_files_16_17_3.pt,0,train
GigaPath_embeddings_LBC_train/0/85f754fe-8760-404b-bedb-6d8ac74ced85_pyramid_tiles_files_16_22_11.pt,0,train
GigaPath_embeddings_LBC_train/0/85f754fe-8760-404b-bedb-6d8ac74ced85_pyramid_tiles_files_16_25_21.pt,0,train
GigaPath_embeddings_LBC_train/0/2b545ce7-ebd8-4b3b-98fa-2f442d48bc5e_pyramid_tiles_files_16_33_23.pt,0,train
GigaPath_embeddings_LBC_train/0/cbbb7a3f-b6d5-44d3-9eef-69757a914f2f_pyramid_tiles_files_16_13_15.pt,0,train
GigaPath_embeddings_LBC_train/0/2b545ce7-ebd8-4b3b-98fa-2f442d48bc5e_pyramid_tiles_files_16_26_28.pt,0,train
GigaPath_embeddings_LBC_train/0/cbbb7a3f-b6d5-44d3-9eef-69757a914f2f_pyramid_tiles_files_16_32_35.pt,0,train
GigaPath_embeddings_LBC_train/0/85f754fe-8760-404b-bedb-6d8ac74ced85_pyramid_tiles_files_16_32_27.pt,0,train
GigaPath_embeddings_LBC_train/0/2b545ce7-ebd8-4b3b-98fa-2f442d48bc5e_pyramid_tiles_files_16_16_10.pt,0,train
GigaPath_embeddings_LBC_train/0/2b545ce7-ebd8-4b3b-98fa-2f442d48bc5e_pyramid_tiles_files_16_10_13.pt,0,train
GigaPath_embeddings_LBC_train/0/85f754fe-8760-404b-bedb-6d8ac74ced85_pyramid_tiles_files_16_15_4.pt,0,train
GigaPath_embeddings_LBC_train/0/85f754fe-8760-404b-bedb-6d8ac74ced85_pyramid_tiles_files_16_35_16.pt,0,train
GigaPath_embeddings_LBC_train/0/2b545ce7-ebd8-4b3b-98fa-2f442d48bc5e_pyramid_tiles_files_16_14_26.pt,0,train
GigaPath_embeddings_LBC_train/0/cbbb7a3f-b6d5-44d3-9eef-69757a914f2f_pyramid_tiles_files_16_1_31.pt,0,train
GigaPath_embeddings_LBC_train/0/3d2ea7da-d7a6-4b5a-8c3b-7ff4e99e614f_pyramid_tiles_files_16_18_36.pt,0,train
GigaPath_embeddings_LBC_train/0/cbbb7a3f-b6d5-44d3-9eef-69757a914f2f_pyramid_tiles_files_16_8_24.pt,0,train
GigaPath_embeddings_LBC_train/0/4b71df3c-6e36-4b86-86cd-403d470980d8_pyramid_tiles_files_16_39_10.pt,0,train
GigaPath_embeddings_LBC_train/0/85f754fe-8760-404b-bedb-6d8ac74ced85_pyramid_tiles_files_16_26_5.pt,0,train
GigaPath_embeddings_LBC_train/0/85f754fe-8760-404b-bedb-6d8ac74ced85_pyramid_tiles_files_16_27_19.pt,0,train
GigaPath_embeddings_LBC_train/0/3d2ea7da-d7a6-4b5a-8c3b-7ff4e99e614f_pyramid_tiles_files_16_18_13.pt,0,train
GigaPath_embeddings_LBC_train/0/cbbb7a3f-b6d5-44d3-9eef-69757a914f2f_pyramid_tiles_files_16_17_31.pt,0,train
GigaPath_embeddings_LBC_train/0/85f754fe-8760-404b-bedb-6d8ac74ced85_pyramid_tiles_files_16_13_16.pt,0,train
GigaPath_embeddings_LBC_train/0/cbbb7a3f-b6d5-44d3-9eef-69757a914f2f_pyramid_tiles_files_16_7_32.pt,0,train
GigaPath_embeddings_LBC_train/0/3d2ea7da-d7a6-4b5a-8c3b-7ff4e99e614f_pyramid_tiles_files_16_21_24.pt,0,train
GigaPath_embeddings_LBC_train/0/85f754fe-8760-404b-bedb-6d8ac74ced85_pyramid_tiles_files_16_29_19.pt,0,train
GigaPath_embeddings_LBC_train/0/cbbb7a3f-b6d5-44d3-9eef-69757a914f2f_pyramid_tiles_files_16_24_3.pt,0,train
GigaPath_embeddings_LBC_train/0/85f754fe-8760-404b-bedb-6d8ac74ced85_pyramid_tiles_files_16_31_4.pt,0,train
GigaPath_embeddings_LBC_train/0/2b545ce7-ebd8-4b3b-98fa-2f442d48bc5e_pyramid_tiles_files_16_30_13.pt,0,train
GigaPath_embeddings_LBC_train/0/3d2ea7da-d7a6-4b5a-8c3b-7ff4e99e614f_pyramid_tiles_files_16_22_2.pt,0,train
GigaPath_embeddings_LBC_train/0/85f754fe-8760-404b-bedb-6d8ac74ced85_pyramid_tiles_files_16_26_20.pt,0,train
GigaPath_embeddings_LBC_train/0/3d2ea7da-d7a6-4b5a-8c3b-7ff4e99e614f_pyramid_tiles_files_16_26_3.pt,0,train
GigaPath_embeddings_LBC_train/0/85f754fe-8760-404b-bedb-6d8ac74ced85_pyramid_tiles_files_16_20_10.pt,0,train
GigaPath_embeddings_LBC_train/0/cbbb7a3f-b6d5-44d3-9eef-69757a914f2f_pyramid_tiles_files_16_22_20.pt,0,train
GigaPath_embeddings_LBC_train/0/4b71df3c-6e36-4b86-86cd-403d470980d8_pyramid_tiles_files_16_17_20.pt,0,train
GigaPath_embeddings_LBC_train/0/3d2ea7da-d7a6-4b5a-8c3b-7ff4e99e614f_pyramid_tiles_files_16_34_32.pt,0,train
GigaPath_embeddings_LBC_train/0/cbbb7a3f-b6d5-44d3-9eef-69757a914f2f_pyramid_tiles_files_16_18_13.pt,0,train
GigaPath_embeddings_LBC_train/0/cbbb7a3f-b6d5-44d3-9eef-69757a914f2f_pyramid_tiles_files_16_22_41.pt,0,train
GigaPath_embeddings_LBC_train/0/2b545ce7-ebd8-4b3b-98fa-2f442d48bc5e_pyramid_tiles_files_16_12_43.pt,0,train
GigaPath_embeddings_LBC_train/0/2b545ce7-ebd8-4b3b-98fa-2f442d48bc5e_pyramid_tiles_files_16_6_39.pt,0,train
GigaPath_embeddings_LBC_train/0/2b545ce7-ebd8-4b3b-98fa-2f442d48bc5e_pyramid_tiles_files_16_2_33.pt,0,train
GigaPath_embeddings_LBC_train/0/cbbb7a3f-b6d5-44d3-9eef-69757a914f2f_pyramid_tiles_files_16_33_23.pt,0,train
GigaPath_embeddings_LBC_train/0/4b71df3c-6e36-4b86-86cd-403d470980d8_pyramid_tiles_files_16_5_27.pt,0,train
GigaPath_embeddings_LBC_train/0/cbbb7a3f-b6d5-44d3-9eef-69757a914f2f_pyramid_tiles_files_16_7_30.pt,0,train
GigaPath_embeddings_LBC_train/0/3d2ea7da-d7a6-4b5a-8c3b-7ff4e99e614f_pyramid_tiles_files_16_12_2.pt,0,train
GigaPath_embeddings_LBC_train/0/cbbb7a3f-b6d5-44d3-9eef-69757a914f2f_pyramid_tiles_files_16_8_33.pt,0,train
GigaPath_embeddings_LBC_train/0/2b545ce7-ebd8-4b3b-98fa-2f442d48bc5e_pyramid_tiles_files_16_29_13.pt,0,train
GigaPath_embeddings_LBC_train/0/cbbb7a3f-b6d5-44d3-9eef-69757a914f2f_pyramid_tiles_files_16_13_3.pt,0,train
GigaPath_embeddings_LBC_train/0/3d2ea7da-d7a6-4b5a-8c3b-7ff4e99e614f_pyramid_tiles_files_16_31_16.pt,0,train
GigaPath_embeddings_LBC_train/0/3d2ea7da-d7a6-4b5a-8c3b-7ff4e99e614f_pyramid_tiles_files_16_16_6.pt,0,train
GigaPath_embeddings_LBC_train/0/3d2ea7da-d7a6-4b5a-8c3b-7ff4e99e614f_pyramid_tiles_files_16_16_30.pt,0,train
GigaPath_embeddings_LBC_train/0/4b71df3c-6e36-4b86-86cd-403d470980d8_pyramid_tiles_files_16_3_19.pt,0,train
GigaPath_embeddings_LBC_train/0/85f754fe-8760-404b-bedb-6d8ac74ced85_pyramid_tiles_files_16_14_6.pt,0,train
GigaPath_embeddings_LBC_train/0/2b545ce7-ebd8-4b3b-98fa-2f442d48bc5e_pyramid_tiles_files_16_5_20.pt,0,train
GigaPath_embeddings_LBC_train/0/2b545ce7-ebd8-4b3b-98fa-2f442d48bc5e_pyramid_tiles_files_16_10_36.pt,0,train
GigaPath_embeddings_LBC_train/0/2b545ce7-ebd8-4b3b-98fa-2f442d48bc5e_pyramid_tiles_files_16_29_45.pt,0,train
GigaPath_embeddings_LBC_train/0/2b545ce7-ebd8-4b3b-98fa-2f442d48bc5e_pyramid_tiles_files_16_13_36.pt,0,train
GigaPath_embeddings_LBC_train/0/3d2ea7da-d7a6-4b5a-8c3b-7ff4e99e614f_pyramid_tiles_files_16_8_11.pt,0,train
GigaPath_embeddings_LBC_train/0/85f754fe-8760-404b-bedb-6d8ac74ced85_pyramid_tiles_files_16_24_29.pt,0,train
GigaPath_embeddings_LBC_train/0/3d2ea7da-d7a6-4b5a-8c3b-7ff4e99e614f_pyramid_tiles_files_16_7_31.pt,0,train
GigaPath_embeddings_LBC_train/0/2b545ce7-ebd8-4b3b-98fa-2f442d48bc5e_pyramid_tiles_files_16_11_40.pt,0,train
GigaPath_embeddings_LBC_train/0/cbbb7a3f-b6d5-44d3-9eef-69757a914f2f_pyramid_tiles_files_16_2_22.pt,0,train
GigaPath_embeddings_LBC_train/0/85f754fe-8760-404b-bedb-6d8ac74ced85_pyramid_tiles_files_16_24_5.pt,0,train
GigaPath_embeddings_LBC_train/0/85f754fe-8760-404b-bedb-6d8ac74ced85_pyramid_tiles_files_16_6_20.pt,0,train
GigaPath_embeddings_LBC_train/0/2b545ce7-ebd8-4b3b-98fa-2f442d48bc5e_pyramid_tiles_files_16_7_15.pt,0,train
GigaPath_embeddings_LBC_train/0/cbbb7a3f-b6d5-44d3-9eef-69757a914f2f_pyramid_tiles_files_16_21_39.pt,0,train
GigaPath_embeddings_LBC_train/0/4b71df3c-6e36-4b86-86cd-403d470980d8_pyramid_tiles_files_16_8_26.pt,0,train
GigaPath_embeddings_LBC_train/0/3d2ea7da-d7a6-4b5a-8c3b-7ff4e99e614f_pyramid_tiles_files_16_7_15.pt,0,train
GigaPath_embeddings_LBC_train/0/cbbb7a3f-b6d5-44d3-9eef-69757a914f2f_pyramid_tiles_files_16_9_7.pt,0,train
GigaPath_embeddings_LBC_train/0/3d2ea7da-d7a6-4b5a-8c3b-7ff4e99e614f_pyramid_tiles_files_16_33_16.pt,0,train
GigaPath_embeddings_LBC_train/0/2b545ce7-ebd8-4b3b-98fa-2f442d48bc5e_pyramid_tiles_files_16_25_33.pt,0,train
GigaPath_embeddings_LBC_train/0/cbbb7a3f-b6d5-44d3-9eef-69757a914f2f_pyramid_tiles_files_16_19_10.pt,0,train
GigaPath_embeddings_LBC_train/0/2b545ce7-ebd8-4b3b-98fa-2f442d48bc5e_pyramid_tiles_files_16_15_26.pt,0,train
GigaPath_embeddings_LBC_train/0/3d2ea7da-d7a6-4b5a-8c3b-7ff4e99e614f_pyramid_tiles_files_16_12_26.pt,0,train
GigaPath_embeddings_LBC_train/0/85f754fe-8760-404b-bedb-6d8ac74ced85_pyramid_tiles_files_16_9_9.pt,0,train
GigaPath_embeddings_LBC_train/0/3d2ea7da-d7a6-4b5a-8c3b-7ff4e99e614f_pyramid_tiles_files_16_18_38.pt,0,train
GigaPath_embeddings_LBC_train/0/cbbb7a3f-b6d5-44d3-9eef-69757a914f2f_pyramid_tiles_files_16_29_25.pt,0,train
GigaPath_embeddings_LBC_train/0/2b545ce7-ebd8-4b3b-98fa-2f442d48bc5e_pyramid_tiles_files_16_18_46.pt,0,train
GigaPath_embeddings_LBC_train/0/cbbb7a3f-b6d5-44d3-9eef-69757a914f2f_pyramid_tiles_files_16_30_5.pt,0,train
GigaPath_embeddings_LBC_train/0/3d2ea7da-d7a6-4b5a-8c3b-7ff4e99e614f_pyramid_tiles_files_16_21_20.pt,0,train
GigaPath_embeddings_LBC_train/0/4b71df3c-6e36-4b86-86cd-403d470980d8_pyramid_tiles_files_16_25_24.pt,0,train
GigaPath_embeddings_LBC_train/0/2b545ce7-ebd8-4b3b-98fa-2f442d48bc5e_pyramid_tiles_files_16_31_38.pt,0,train
GigaPath_embeddings_LBC_train/0/cbbb7a3f-b6d5-44d3-9eef-69757a914f2f_pyramid_tiles_files_16_35_22.pt,0,train
GigaPath_embeddings_LBC_train/0/2b545ce7-ebd8-4b3b-98fa-2f442d48bc5e_pyramid_tiles_files_16_35_31.pt,0,train
GigaPath_embeddings_LBC_train/0/3d2ea7da-d7a6-4b5a-8c3b-7ff4e99e614f_pyramid_tiles_files_16_22_23.pt,0,train
GigaPath_embeddings_LBC_train/0/4b71df3c-6e36-4b86-86cd-403d470980d8_pyramid_tiles_files_16_12_25.pt,0,train
GigaPath_embeddings_LBC_train/0/2b545ce7-ebd8-4b3b-98fa-2f442d48bc5e_pyramid_tiles_files_16_32_33.pt,0,train
GigaPath_embeddings_LBC_train/0/2b545ce7-ebd8-4b3b-98fa-2f442d48bc5e_pyramid_tiles_files_16_32_27.pt,0,train
GigaPath_embeddings_LBC_train/0/cbbb7a3f-b6d5-44d3-9eef-69757a914f2f_pyramid_tiles_files_16_4_26.pt,0,train
GigaPath_embeddings_LBC_train/0/cbbb7a3f-b6d5-44d3-9eef-69757a914f2f_pyramid_tiles_files_16_32_36.pt,0,train
GigaPath_embeddings_LBC_train/0/85f754fe-8760-404b-bedb-6d8ac74ced85_pyramid_tiles_files_16_29_6.pt,0,train
GigaPath_embeddings_LBC_train/0/3d2ea7da-d7a6-4b5a-8c3b-7ff4e99e614f_pyramid_tiles_files_16_32_24.pt,0,train
GigaPath_embeddings_LBC_train/0/cbbb7a3f-b6d5-44d3-9eef-69757a914f2f_pyramid_tiles_files_16_18_26.pt,0,train
GigaPath_embeddings_LBC_train/0/cbbb7a3f-b6d5-44d3-9eef-69757a914f2f_pyramid_tiles_files_16_8_16.pt,0,train
GigaPath_embeddings_LBC_train/0/2b545ce7-ebd8-4b3b-98fa-2f442d48bc5e_pyramid_tiles_files_16_21_29.pt,0,train
GigaPath_embeddings_LBC_train/0/cbbb7a3f-b6d5-44d3-9eef-69757a914f2f_pyramid_tiles_files_16_25_24.pt,0,train
GigaPath_embeddings_LBC_train/0/4b71df3c-6e36-4b86-86cd-403d470980d8_pyramid_tiles_files_16_27_4.pt,0,train
GigaPath_embeddings_LBC_train/0/cbbb7a3f-b6d5-44d3-9eef-69757a914f2f_pyramid_tiles_files_16_8_13.pt,0,train
GigaPath_embeddings_LBC_train/0/2b545ce7-ebd8-4b3b-98fa-2f442d48bc5e_pyramid_tiles_files_16_14_20.pt,0,train
GigaPath_embeddings_LBC_train/0/85f754fe-8760-404b-bedb-6d8ac74ced85_pyramid_tiles_files_16_25_36.pt,0,train
GigaPath_embeddings_LBC_train/0/3d2ea7da-d7a6-4b5a-8c3b-7ff4e99e614f_pyramid_tiles_files_16_21_41.pt,0,train
GigaPath_embeddings_LBC_train/0/cbbb7a3f-b6d5-44d3-9eef-69757a914f2f_pyramid_tiles_files_16_12_33.pt,0,train
GigaPath_embeddings_LBC_train/0/2b545ce7-ebd8-4b3b-98fa-2f442d48bc5e_pyramid_tiles_files_16_34_22.pt,0,train
GigaPath_embeddings_LBC_train/0/4b71df3c-6e36-4b86-86cd-403d470980d8_pyramid_tiles_files_16_19_25.pt,0,train
GigaPath_embeddings_LBC_train/0/4b71df3c-6e36-4b86-86cd-403d470980d8_pyramid_tiles_files_16_29_31.pt,0,train
GigaPath_embeddings_LBC_train/0/4b71df3c-6e36-4b86-86cd-403d470980d8_pyramid_tiles_files_16_8_2.pt,0,train
GigaPath_embeddings_LBC_train/0/cbbb7a3f-b6d5-44d3-9eef-69757a914f2f_pyramid_tiles_files_16_23_2.pt,0,train
GigaPath_embeddings_LBC_train/0/cbbb7a3f-b6d5-44d3-9eef-69757a914f2f_pyramid_tiles_files_16_8_20.pt,0,train
GigaPath_embeddings_LBC_train/0/85f754fe-8760-404b-bedb-6d8ac74ced85_pyramid_tiles_files_16_26_10.pt,0,train
GigaPath_embeddings_LBC_train/0/cbbb7a3f-b6d5-44d3-9eef-69757a914f2f_pyramid_tiles_files_16_19_25.pt,0,train
GigaPath_embeddings_LBC_train/0/3d2ea7da-d7a6-4b5a-8c3b-7ff4e99e614f_pyramid_tiles_files_16_22_21.pt,0,train
GigaPath_embeddings_LBC_train/0/3d2ea7da-d7a6-4b5a-8c3b-7ff4e99e614f_pyramid_tiles_files_16_12_9.pt,0,train
GigaPath_embeddings_LBC_train/0/4b71df3c-6e36-4b86-86cd-403d470980d8_pyramid_tiles_files_16_29_30.pt,0,train
GigaPath_embeddings_LBC_train/0/4b71df3c-6e36-4b86-86cd-403d470980d8_pyramid_tiles_files_16_28_8.pt,0,train
GigaPath_embeddings_LBC_train/0/85f754fe-8760-404b-bedb-6d8ac74ced85_pyramid_tiles_files_16_20_3.pt,0,train
GigaPath_embeddings_LBC_train/0/85f754fe-8760-404b-bedb-6d8ac74ced85_pyramid_tiles_files_16_32_12.pt,0,train
GigaPath_embeddings_LBC_train/0/cbbb7a3f-b6d5-44d3-9eef-69757a914f2f_pyramid_tiles_files_16_14_16.pt,0,train
GigaPath_embeddings_LBC_train/0/2b545ce7-ebd8-4b3b-98fa-2f442d48bc5e_pyramid_tiles_files_16_10_11.pt,0,train
GigaPath_embeddings_LBC_train/0/cbbb7a3f-b6d5-44d3-9eef-69757a914f2f_pyramid_tiles_files_16_29_11.pt,0,train
GigaPath_embeddings_LBC_train/0/85f754fe-8760-404b-bedb-6d8ac74ced85_pyramid_tiles_files_16_11_11.pt,0,train
GigaPath_embeddings_LBC_train/0/3d2ea7da-d7a6-4b5a-8c3b-7ff4e99e614f_pyramid_tiles_files_16_19_35.pt,0,train
GigaPath_embeddings_LBC_train/0/cbbb7a3f-b6d5-44d3-9eef-69757a914f2f_pyramid_tiles_files_16_19_14.pt,0,train
GigaPath_embeddings_LBC_train/0/85f754fe-8760-404b-bedb-6d8ac74ced85_pyramid_tiles_files_16_17_29.pt,0,train
GigaPath_embeddings_LBC_train/0/4b71df3c-6e36-4b86-86cd-403d470980d8_pyramid_tiles_files_16_32_13.pt,0,train
GigaPath_embeddings_LBC_train/0/85f754fe-8760-404b-bedb-6d8ac74ced85_pyramid_tiles_files_16_37_18.pt,0,train
GigaPath_embeddings_LBC_train/0/2b545ce7-ebd8-4b3b-98fa-2f442d48bc5e_pyramid_tiles_files_16_31_36.pt,0,train
GigaPath_embeddings_LBC_train/0/85f754fe-8760-404b-bedb-6d8ac74ced85_pyramid_tiles_files_16_22_15.pt,0,train
GigaPath_embeddings_LBC_train/0/4b71df3c-6e36-4b86-86cd-403d470980d8_pyramid_tiles_files_16_14_17.pt,0,train
GigaPath_embeddings_LBC_train/0/3d2ea7da-d7a6-4b5a-8c3b-7ff4e99e614f_pyramid_tiles_files_16_25_2.pt,0,train
GigaPath_embeddings_LBC_train/0/3d2ea7da-d7a6-4b5a-8c3b-7ff4e99e614f_pyramid_tiles_files_16_26_19.pt,0,train
GigaPath_embeddings_LBC_train/0/85f754fe-8760-404b-bedb-6d8ac74ced85_pyramid_tiles_files_16_28_31.pt,0,train
GigaPath_embeddings_LBC_train/0/85f754fe-8760-404b-bedb-6d8ac74ced85_pyramid_tiles_files_16_23_8.pt,0,train
GigaPath_embeddings_LBC_train/0/cbbb7a3f-b6d5-44d3-9eef-69757a914f2f_pyramid_tiles_files_16_25_34.pt,0,train
GigaPath_embeddings_LBC_train/0/85f754fe-8760-404b-bedb-6d8ac74ced85_pyramid_tiles_files_16_35_11.pt,0,train
GigaPath_embeddings_LBC_train/0/cbbb7a3f-b6d5-44d3-9eef-69757a914f2f_pyramid_tiles_files_16_17_23.pt,0,train
GigaPath_embeddings_LBC_train/0/cbbb7a3f-b6d5-44d3-9eef-69757a914f2f_pyramid_tiles_files_16_1_19.pt,0,train
GigaPath_embeddings_LBC_train/0/85f754fe-8760-404b-bedb-6d8ac74ced85_pyramid_tiles_files_16_21_10.pt,0,train
GigaPath_embeddings_LBC_train/0/85f754fe-8760-404b-bedb-6d8ac74ced85_pyramid_tiles_files_16_34_29.pt,0,train
GigaPath_embeddings_LBC_train/0/85f754fe-8760-404b-bedb-6d8ac74ced85_pyramid_tiles_files_16_13_21.pt,0,train
GigaPath_embeddings_LBC_train/0/3d2ea7da-d7a6-4b5a-8c3b-7ff4e99e614f_pyramid_tiles_files_16_15_3.pt,0,train
GigaPath_embeddings_LBC_train/0/4b71df3c-6e36-4b86-86cd-403d470980d8_pyramid_tiles_files_16_25_28.pt,0,train
GigaPath_embeddings_LBC_train/0/85f754fe-8760-404b-bedb-6d8ac74ced85_pyramid_tiles_files_16_37_19.pt,0,train
GigaPath_embeddings_LBC_train/0/85f754fe-8760-404b-bedb-6d8ac74ced85_pyramid_tiles_files_16_23_33.pt,0,train
GigaPath_embeddings_LBC_train/0/2b545ce7-ebd8-4b3b-98fa-2f442d48bc5e_pyramid_tiles_files_16_5_27.pt,0,train
GigaPath_embeddings_LBC_train/0/cbbb7a3f-b6d5-44d3-9eef-69757a914f2f_pyramid_tiles_files_16_24_23.pt,0,train
GigaPath_embeddings_LBC_train/0/cbbb7a3f-b6d5-44d3-9eef-69757a914f2f_pyramid_tiles_files_16_13_25.pt,0,train
GigaPath_embeddings_LBC_train/0/4b71df3c-6e36-4b86-86cd-403d470980d8_pyramid_tiles_files_16_34_28.pt,0,train
GigaPath_embeddings_LBC_train/0/85f754fe-8760-404b-bedb-6d8ac74ced85_pyramid_tiles_files_16_10_31.pt,0,train
GigaPath_embeddings_LBC_train/0/4b71df3c-6e36-4b86-86cd-403d470980d8_pyramid_tiles_files_16_8_15.pt,0,train
GigaPath_embeddings_LBC_train/0/4b71df3c-6e36-4b86-86cd-403d470980d8_pyramid_tiles_files_16_25_8.pt,0,train
GigaPath_embeddings_LBC_train/0/85f754fe-8760-404b-bedb-6d8ac74ced85_pyramid_tiles_files_16_36_8.pt,0,train
GigaPath_embeddings_LBC_train/0/cbbb7a3f-b6d5-44d3-9eef-69757a914f2f_pyramid_tiles_files_16_29_12.pt,0,train
GigaPath_embeddings_LBC_train/0/3d2ea7da-d7a6-4b5a-8c3b-7ff4e99e614f_pyramid_tiles_files_16_29_35.pt,0,train
GigaPath_embeddings_LBC_train/0/4b71df3c-6e36-4b86-86cd-403d470980d8_pyramid_tiles_files_16_33_12.pt,0,train
GigaPath_embeddings_LBC_train/0/3d2ea7da-d7a6-4b5a-8c3b-7ff4e99e614f_pyramid_tiles_files_16_20_31.pt,0,train
GigaPath_embeddings_LBC_train/0/2b545ce7-ebd8-4b3b-98fa-2f442d48bc5e_pyramid_tiles_files_16_19_21.pt,0,train
GigaPath_embeddings_LBC_train/0/3d2ea7da-d7a6-4b5a-8c3b-7ff4e99e614f_pyramid_tiles_files_16_3_19.pt,0,train
GigaPath_embeddings_LBC_train/0/4b71df3c-6e36-4b86-86cd-403d470980d8_pyramid_tiles_files_16_17_32.pt,0,train
GigaPath_embeddings_LBC_train/0/4b71df3c-6e36-4b86-86cd-403d470980d8_pyramid_tiles_files_16_2_20.pt,0,train
GigaPath_embeddings_LBC_train/0/2b545ce7-ebd8-4b3b-98fa-2f442d48bc5e_pyramid_tiles_files_16_16_40.pt,0,train
GigaPath_embeddings_LBC_train/0/85f754fe-8760-404b-bedb-6d8ac74ced85_pyramid_tiles_files_16_34_31.pt,0,train
GigaPath_embeddings_LBC_train/0/cbbb7a3f-b6d5-44d3-9eef-69757a914f2f_pyramid_tiles_files_16_7_23.pt,0,train
GigaPath_embeddings_LBC_train/0/cbbb7a3f-b6d5-44d3-9eef-69757a914f2f_pyramid_tiles_files_16_39_20.pt,0,train
GigaPath_embeddings_LBC_train/0/2b545ce7-ebd8-4b3b-98fa-2f442d48bc5e_pyramid_tiles_files_16_35_23.pt,0,train
GigaPath_embeddings_LBC_train/0/3d2ea7da-d7a6-4b5a-8c3b-7ff4e99e614f_pyramid_tiles_files_16_30_34.pt,0,train
GigaPath_embeddings_LBC_train/0/3d2ea7da-d7a6-4b5a-8c3b-7ff4e99e614f_pyramid_tiles_files_16_19_17.pt,0,train
GigaPath_embeddings_LBC_train/0/2b545ce7-ebd8-4b3b-98fa-2f442d48bc5e_pyramid_tiles_files_16_2_36.pt,0,train
GigaPath_embeddings_LBC_train/0/4b71df3c-6e36-4b86-86cd-403d470980d8_pyramid_tiles_files_16_19_12.pt,0,train
GigaPath_embeddings_LBC_train/0/4b71df3c-6e36-4b86-86cd-403d470980d8_pyramid_tiles_files_16_2_12.pt,0,train
GigaPath_embeddings_LBC_train/0/cbbb7a3f-b6d5-44d3-9eef-69757a914f2f_pyramid_tiles_files_16_20_29.pt,0,train
GigaPath_embeddings_LBC_train/0/2b545ce7-ebd8-4b3b-98fa-2f442d48bc5e_pyramid_tiles_files_16_8_27.pt,0,train
GigaPath_embeddings_LBC_train/0/cbbb7a3f-b6d5-44d3-9eef-69757a914f2f_pyramid_tiles_files_16_21_29.pt,0,train
GigaPath_embeddings_LBC_train/0/85f754fe-8760-404b-bedb-6d8ac74ced85_pyramid_tiles_files_16_30_1.pt,0,train
GigaPath_embeddings_LBC_train/0/4b71df3c-6e36-4b86-86cd-403d470980d8_pyramid_tiles_files_16_37_4.pt,0,train
GigaPath_embeddings_LBC_train/0/85f754fe-8760-404b-bedb-6d8ac74ced85_pyramid_tiles_files_16_5_17.pt,0,train
GigaPath_embeddings_LBC_train/0/3d2ea7da-d7a6-4b5a-8c3b-7ff4e99e614f_pyramid_tiles_files_16_5_32.pt,0,train
GigaPath_embeddings_LBC_train/0/85f754fe-8760-404b-bedb-6d8ac74ced85_pyramid_tiles_files_16_14_32.pt,0,train
GigaPath_embeddings_LBC_train/0/3d2ea7da-d7a6-4b5a-8c3b-7ff4e99e614f_pyramid_tiles_files_16_13_10.pt,0,train
GigaPath_embeddings_LBC_train/0/2b545ce7-ebd8-4b3b-98fa-2f442d48bc5e_pyramid_tiles_files_16_24_31.pt,0,train
GigaPath_embeddings_LBC_train/0/cbbb7a3f-b6d5-44d3-9eef-69757a914f2f_pyramid_tiles_files_16_18_35.pt,0,train
GigaPath_embeddings_LBC_train/0/4b71df3c-6e36-4b86-86cd-403d470980d8_pyramid_tiles_files_16_22_25.pt,0,train
GigaPath_embeddings_LBC_train/0/4b71df3c-6e36-4b86-86cd-403d470980d8_pyramid_tiles_files_16_23_2.pt,0,train
GigaPath_embeddings_LBC_train/0/3d2ea7da-d7a6-4b5a-8c3b-7ff4e99e614f_pyramid_tiles_files_16_27_20.pt,0,train
GigaPath_embeddings_LBC_train/0/cbbb7a3f-b6d5-44d3-9eef-69757a914f2f_pyramid_tiles_files_16_15_28.pt,0,train
GigaPath_embeddings_LBC_train/0/2b545ce7-ebd8-4b3b-98fa-2f442d48bc5e_pyramid_tiles_files_16_14_25.pt,0,train
GigaPath_embeddings_LBC_train/0/cbbb7a3f-b6d5-44d3-9eef-69757a914f2f_pyramid_tiles_files_16_19_32.pt,0,train
GigaPath_embeddings_LBC_train/0/85f754fe-8760-404b-bedb-6d8ac74ced85_pyramid_tiles_files_16_29_25.pt,0,train
GigaPath_embeddings_LBC_train/0/2b545ce7-ebd8-4b3b-98fa-2f442d48bc5e_pyramid_tiles_files_16_15_43.pt,0,train
GigaPath_embeddings_LBC_train/0/85f754fe-8760-404b-bedb-6d8ac74ced85_pyramid_tiles_files_16_14_21.pt,0,train
GigaPath_embeddings_LBC_train/0/cbbb7a3f-b6d5-44d3-9eef-69757a914f2f_pyramid_tiles_files_16_35_35.pt,0,train
GigaPath_embeddings_LBC_train/0/3d2ea7da-d7a6-4b5a-8c3b-7ff4e99e614f_pyramid_tiles_files_16_16_25.pt,0,train
GigaPath_embeddings_LBC_train/0/4b71df3c-6e36-4b86-86cd-403d470980d8_pyramid_tiles_files_16_36_11.pt,0,train
GigaPath_embeddings_LBC_train/0/3d2ea7da-d7a6-4b5a-8c3b-7ff4e99e614f_pyramid_tiles_files_16_19_9.pt,0,train
GigaPath_embeddings_LBC_train/0/85f754fe-8760-404b-bedb-6d8ac74ced85_pyramid_tiles_files_16_24_15.pt,0,train
GigaPath_embeddings_LBC_train/0/4b71df3c-6e36-4b86-86cd-403d470980d8_pyramid_tiles_files_16_16_7.pt,0,train
GigaPath_embeddings_LBC_train/0/2b545ce7-ebd8-4b3b-98fa-2f442d48bc5e_pyramid_tiles_files_16_19_35.pt,0,train
GigaPath_embeddings_LBC_train/0/2b545ce7-ebd8-4b3b-98fa-2f442d48bc5e_pyramid_tiles_files_16_31_44.pt,0,train
GigaPath_embeddings_LBC_train/0/85f754fe-8760-404b-bedb-6d8ac74ced85_pyramid_tiles_files_16_3_20.pt,0,train
GigaPath_embeddings_LBC_train/0/cbbb7a3f-b6d5-44d3-9eef-69757a914f2f_pyramid_tiles_files_16_24_14.pt,0,train
GigaPath_embeddings_LBC_train/0/3d2ea7da-d7a6-4b5a-8c3b-7ff4e99e614f_pyramid_tiles_files_16_33_22.pt,0,train
GigaPath_embeddings_LBC_train/0/4b71df3c-6e36-4b86-86cd-403d470980d8_pyramid_tiles_files_16_28_36.pt,0,train
GigaPath_embeddings_LBC_train/0/3d2ea7da-d7a6-4b5a-8c3b-7ff4e99e614f_pyramid_tiles_files_16_35_30.pt,0,train
GigaPath_embeddings_LBC_train/0/3d2ea7da-d7a6-4b5a-8c3b-7ff4e99e614f_pyramid_tiles_files_16_23_2.pt,0,train
GigaPath_embeddings_LBC_train/0/cbbb7a3f-b6d5-44d3-9eef-69757a914f2f_pyramid_tiles_files_16_18_33.pt,0,train
GigaPath_embeddings_LBC_train/0/cbbb7a3f-b6d5-44d3-9eef-69757a914f2f_pyramid_tiles_files_16_22_14.pt,0,train
GigaPath_embeddings_LBC_train/0/cbbb7a3f-b6d5-44d3-9eef-69757a914f2f_pyramid_tiles_files_16_26_38.pt,0,train
GigaPath_embeddings_LBC_train/0/3d2ea7da-d7a6-4b5a-8c3b-7ff4e99e614f_pyramid_tiles_files_16_9_29.pt,0,train
GigaPath_embeddings_LBC_train/0/4b71df3c-6e36-4b86-86cd-403d470980d8_pyramid_tiles_files_16_25_23.pt,0,train
GigaPath_embeddings_LBC_train/0/3d2ea7da-d7a6-4b5a-8c3b-7ff4e99e614f_pyramid_tiles_files_16_11_37.pt,0,train
GigaPath_embeddings_LBC_train/0/4b71df3c-6e36-4b86-86cd-403d470980d8_pyramid_tiles_files_16_23_38.pt,0,train
GigaPath_embeddings_LBC_train/0/85f754fe-8760-404b-bedb-6d8ac74ced85_pyramid_tiles_files_16_16_33.pt,0,train
GigaPath_embeddings_LBC_train/0/3d2ea7da-d7a6-4b5a-8c3b-7ff4e99e614f_pyramid_tiles_files_16_30_24.pt,0,train
GigaPath_embeddings_LBC_train/0/3d2ea7da-d7a6-4b5a-8c3b-7ff4e99e614f_pyramid_tiles_files_16_14_26.pt,0,train
GigaPath_embeddings_LBC_train/0/4b71df3c-6e36-4b86-86cd-403d470980d8_pyramid_tiles_files_16_19_0.pt,0,train
GigaPath_embeddings_LBC_train/0/4b71df3c-6e36-4b86-86cd-403d470980d8_pyramid_tiles_files_16_15_32.pt,0,train
GigaPath_embeddings_LBC_train/0/3d2ea7da-d7a6-4b5a-8c3b-7ff4e99e614f_pyramid_tiles_files_16_24_28.pt,0,train
GigaPath_embeddings_LBC_train/0/4b71df3c-6e36-4b86-86cd-403d470980d8_pyramid_tiles_files_16_9_19.pt,0,train
GigaPath_embeddings_LBC_train/0/cbbb7a3f-b6d5-44d3-9eef-69757a914f2f_pyramid_tiles_files_16_35_21.pt,0,train
GigaPath_embeddings_LBC_train/0/cbbb7a3f-b6d5-44d3-9eef-69757a914f2f_pyramid_tiles_files_16_6_27.pt,0,train
GigaPath_embeddings_LBC_train/0/cbbb7a3f-b6d5-44d3-9eef-69757a914f2f_pyramid_tiles_files_16_15_23.pt,0,train
GigaPath_embeddings_LBC_train/0/cbbb7a3f-b6d5-44d3-9eef-69757a914f2f_pyramid_tiles_files_16_23_22.pt,0,train
GigaPath_embeddings_LBC_train/0/4b71df3c-6e36-4b86-86cd-403d470980d8_pyramid_tiles_files_16_3_23.pt,0,train
GigaPath_embeddings_LBC_train/0/4b71df3c-6e36-4b86-86cd-403d470980d8_pyramid_tiles_files_16_14_21.pt,0,train
GigaPath_embeddings_LBC_train/0/3d2ea7da-d7a6-4b5a-8c3b-7ff4e99e614f_pyramid_tiles_files_16_34_19.pt,0,train
GigaPath_embeddings_LBC_train/0/4b71df3c-6e36-4b86-86cd-403d470980d8_pyramid_tiles_files_16_35_28.pt,0,train
GigaPath_embeddings_LBC_train/0/85f754fe-8760-404b-bedb-6d8ac74ced85_pyramid_tiles_files_16_21_24.pt,0,train
GigaPath_embeddings_LBC_train/0/2b545ce7-ebd8-4b3b-98fa-2f442d48bc5e_pyramid_tiles_files_16_6_18.pt,0,train
GigaPath_embeddings_LBC_train/0/2b545ce7-ebd8-4b3b-98fa-2f442d48bc5e_pyramid_tiles_files_16_12_19.pt,0,train
GigaPath_embeddings_LBC_train/0/cbbb7a3f-b6d5-44d3-9eef-69757a914f2f_pyramid_tiles_files_16_5_24.pt,0,train
GigaPath_embeddings_LBC_train/0/2b545ce7-ebd8-4b3b-98fa-2f442d48bc5e_pyramid_tiles_files_16_7_18.pt,0,train
GigaPath_embeddings_LBC_train/0/85f754fe-8760-404b-bedb-6d8ac74ced85_pyramid_tiles_files_16_12_28.pt,0,train
GigaPath_embeddings_LBC_train/0/2b545ce7-ebd8-4b3b-98fa-2f442d48bc5e_pyramid_tiles_files_16_21_9.pt,0,train
GigaPath_embeddings_LBC_train/0/85f754fe-8760-404b-bedb-6d8ac74ced85_pyramid_tiles_files_16_1_26.pt,0,train
GigaPath_embeddings_LBC_train/0/85f754fe-8760-404b-bedb-6d8ac74ced85_pyramid_tiles_files_16_27_32.pt,0,train
GigaPath_embeddings_LBC_train/0/cbbb7a3f-b6d5-44d3-9eef-69757a914f2f_pyramid_tiles_files_16_7_9.pt,0,train
GigaPath_embeddings_LBC_train/0/2b545ce7-ebd8-4b3b-98fa-2f442d48bc5e_pyramid_tiles_files_16_24_19.pt,0,train
GigaPath_embeddings_LBC_train/0/2b545ce7-ebd8-4b3b-98fa-2f442d48bc5e_pyramid_tiles_files_16_15_10.pt,0,train
GigaPath_embeddings_LBC_train/0/3d2ea7da-d7a6-4b5a-8c3b-7ff4e99e614f_pyramid_tiles_files_16_31_30.pt,0,train
GigaPath_embeddings_LBC_train/0/2b545ce7-ebd8-4b3b-98fa-2f442d48bc5e_pyramid_tiles_files_16_7_38.pt,0,train
GigaPath_embeddings_LBC_train/0/2b545ce7-ebd8-4b3b-98fa-2f442d48bc5e_pyramid_tiles_files_16_0_29.pt,0,train
GigaPath_embeddings_LBC_train/0/2b545ce7-ebd8-4b3b-98fa-2f442d48bc5e_pyramid_tiles_files_16_5_23.pt,0,train
GigaPath_embeddings_LBC_train/0/4b71df3c-6e36-4b86-86cd-403d470980d8_pyramid_tiles_files_16_12_12.pt,0,train
GigaPath_embeddings_LBC_train/0/4b71df3c-6e36-4b86-86cd-403d470980d8_pyramid_tiles_files_16_15_3.pt,0,train
GigaPath_embeddings_LBC_train/0/3d2ea7da-d7a6-4b5a-8c3b-7ff4e99e614f_pyramid_tiles_files_16_17_37.pt,0,train
GigaPath_embeddings_LBC_train/0/2b545ce7-ebd8-4b3b-98fa-2f442d48bc5e_pyramid_tiles_files_16_17_10.pt,0,train
GigaPath_embeddings_LBC_train/0/2b545ce7-ebd8-4b3b-98fa-2f442d48bc5e_pyramid_tiles_files_16_1_27.pt,0,train
GigaPath_embeddings_LBC_train/0/2b545ce7-ebd8-4b3b-98fa-2f442d48bc5e_pyramid_tiles_files_16_11_33.pt,0,train
GigaPath_embeddings_LBC_train/0/85f754fe-8760-404b-bedb-6d8ac74ced85_pyramid_tiles_files_16_18_7.pt,0,train
GigaPath_embeddings_LBC_train/0/cbbb7a3f-b6d5-44d3-9eef-69757a914f2f_pyramid_tiles_files_16_18_15.pt,0,train
GigaPath_embeddings_LBC_train/0/3d2ea7da-d7a6-4b5a-8c3b-7ff4e99e614f_pyramid_tiles_files_16_11_10.pt,0,train
GigaPath_embeddings_LBC_train/0/3d2ea7da-d7a6-4b5a-8c3b-7ff4e99e614f_pyramid_tiles_files_16_32_6.pt,0,train
GigaPath_embeddings_LBC_train/0/cbbb7a3f-b6d5-44d3-9eef-69757a914f2f_pyramid_tiles_files_16_4_17.pt,0,train
GigaPath_embeddings_LBC_train/0/85f754fe-8760-404b-bedb-6d8ac74ced85_pyramid_tiles_files_16_25_34.pt,0,train
GigaPath_embeddings_LBC_train/0/cbbb7a3f-b6d5-44d3-9eef-69757a914f2f_pyramid_tiles_files_16_37_13.pt,0,train
GigaPath_embeddings_LBC_train/0/4b71df3c-6e36-4b86-86cd-403d470980d8_pyramid_tiles_files_16_12_6.pt,0,train
GigaPath_embeddings_LBC_train/0/4b71df3c-6e36-4b86-86cd-403d470980d8_pyramid_tiles_files_16_25_36.pt,0,train
GigaPath_embeddings_LBC_train/0/2b545ce7-ebd8-4b3b-98fa-2f442d48bc5e_pyramid_tiles_files_16_14_18.pt,0,train
GigaPath_embeddings_LBC_train/0/4b71df3c-6e36-4b86-86cd-403d470980d8_pyramid_tiles_files_16_32_32.pt,0,train
GigaPath_embeddings_LBC_train/0/2b545ce7-ebd8-4b3b-98fa-2f442d48bc5e_pyramid_tiles_files_16_24_35.pt,0,train
GigaPath_embeddings_LBC_train/0/cbbb7a3f-b6d5-44d3-9eef-69757a914f2f_pyramid_tiles_files_16_14_23.pt,0,train
GigaPath_embeddings_LBC_train/0/3d2ea7da-d7a6-4b5a-8c3b-7ff4e99e614f_pyramid_tiles_files_16_20_13.pt,0,train
GigaPath_embeddings_LBC_train/0/85f754fe-8760-404b-bedb-6d8ac74ced85_pyramid_tiles_files_16_7_14.pt,0,train
GigaPath_embeddings_LBC_train/0/4b71df3c-6e36-4b86-86cd-403d470980d8_pyramid_tiles_files_16_1_18.pt,0,train
GigaPath_embeddings_LBC_train/0/85f754fe-8760-404b-bedb-6d8ac74ced85_pyramid_tiles_files_16_14_10.pt,0,train
GigaPath_embeddings_LBC_train/0/cbbb7a3f-b6d5-44d3-9eef-69757a914f2f_pyramid_tiles_files_16_9_29.pt,0,train
GigaPath_embeddings_LBC_train/0/4b71df3c-6e36-4b86-86cd-403d470980d8_pyramid_tiles_files_16_28_11.pt,0,train
GigaPath_embeddings_LBC_train/0/2b545ce7-ebd8-4b3b-98fa-2f442d48bc5e_pyramid_tiles_files_16_28_23.pt,0,train
GigaPath_embeddings_LBC_train/0/2b545ce7-ebd8-4b3b-98fa-2f442d48bc5e_pyramid_tiles_files_16_18_48.pt,0,train
GigaPath_embeddings_LBC_train/0/85f754fe-8760-404b-bedb-6d8ac74ced85_pyramid_tiles_files_16_28_22.pt,0,train
GigaPath_embeddings_LBC_train/0/85f754fe-8760-404b-bedb-6d8ac74ced85_pyramid_tiles_files_16_28_25.pt,0,train
GigaPath_embeddings_LBC_train/0/85f754fe-8760-404b-bedb-6d8ac74ced85_pyramid_tiles_files_16_26_2.pt,0,train
GigaPath_embeddings_LBC_train/0/4b71df3c-6e36-4b86-86cd-403d470980d8_pyramid_tiles_files_16_13_9.pt,0,train
GigaPath_embeddings_LBC_train/0/4b71df3c-6e36-4b86-86cd-403d470980d8_pyramid_tiles_files_16_25_34.pt,0,train
GigaPath_embeddings_LBC_train/0/4b71df3c-6e36-4b86-86cd-403d470980d8_pyramid_tiles_files_16_12_9.pt,0,train
GigaPath_embeddings_LBC_train/0/85f754fe-8760-404b-bedb-6d8ac74ced85_pyramid_tiles_files_16_28_26.pt,0,train
GigaPath_embeddings_LBC_train/0/85f754fe-8760-404b-bedb-6d8ac74ced85_pyramid_tiles_files_16_18_8.pt,0,train
GigaPath_embeddings_LBC_train/0/cbbb7a3f-b6d5-44d3-9eef-69757a914f2f_pyramid_tiles_files_16_18_24.pt,0,train
GigaPath_embeddings_LBC_train/0/3d2ea7da-d7a6-4b5a-8c3b-7ff4e99e614f_pyramid_tiles_files_16_16_12.pt,0,train
GigaPath_embeddings_LBC_train/0/4b71df3c-6e36-4b86-86cd-403d470980d8_pyramid_tiles_files_16_28_31.pt,0,train
GigaPath_embeddings_LBC_train/0/3d2ea7da-d7a6-4b5a-8c3b-7ff4e99e614f_pyramid_tiles_files_16_8_14.pt,0,train
GigaPath_embeddings_LBC_train/0/cbbb7a3f-b6d5-44d3-9eef-69757a914f2f_pyramid_tiles_files_16_37_12.pt,0,train
GigaPath_embeddings_LBC_train/0/2b545ce7-ebd8-4b3b-98fa-2f442d48bc5e_pyramid_tiles_files_16_35_20.pt,0,train
GigaPath_embeddings_LBC_train/0/4b71df3c-6e36-4b86-86cd-403d470980d8_pyramid_tiles_files_16_30_8.pt,0,train
GigaPath_embeddings_LBC_train/0/2b545ce7-ebd8-4b3b-98fa-2f442d48bc5e_pyramid_tiles_files_16_3_18.pt,0,train
GigaPath_embeddings_LBC_train/0/3d2ea7da-d7a6-4b5a-8c3b-7ff4e99e614f_pyramid_tiles_files_16_17_11.pt,0,train
GigaPath_embeddings_LBC_train/0/85f754fe-8760-404b-bedb-6d8ac74ced85_pyramid_tiles_files_16_24_21.pt,0,train
GigaPath_embeddings_LBC_train/0/3d2ea7da-d7a6-4b5a-8c3b-7ff4e99e614f_pyramid_tiles_files_16_22_15.pt,0,train
GigaPath_embeddings_LBC_train/0/3d2ea7da-d7a6-4b5a-8c3b-7ff4e99e614f_pyramid_tiles_files_16_27_14.pt,0,train
GigaPath_embeddings_LBC_train/0/cbbb7a3f-b6d5-44d3-9eef-69757a914f2f_pyramid_tiles_files_16_32_26.pt,0,train
GigaPath_embeddings_LBC_train/0/cbbb7a3f-b6d5-44d3-9eef-69757a914f2f_pyramid_tiles_files_16_34_8.pt,0,train
GigaPath_embeddings_LBC_train/0/cbbb7a3f-b6d5-44d3-9eef-69757a914f2f_pyramid_tiles_files_16_29_38.pt,0,train
GigaPath_embeddings_LBC_train/0/3d2ea7da-d7a6-4b5a-8c3b-7ff4e99e614f_pyramid_tiles_files_16_32_31.pt,0,train
GigaPath_embeddings_LBC_train/0/3d2ea7da-d7a6-4b5a-8c3b-7ff4e99e614f_pyramid_tiles_files_16_31_24.pt,0,train
GigaPath_embeddings_LBC_train/0/3d2ea7da-d7a6-4b5a-8c3b-7ff4e99e614f_pyramid_tiles_files_16_26_12.pt,0,train
GigaPath_embeddings_LBC_train/0/2b545ce7-ebd8-4b3b-98fa-2f442d48bc5e_pyramid_tiles_files_16_26_25.pt,0,train
GigaPath_embeddings_LBC_train/0/85f754fe-8760-404b-bedb-6d8ac74ced85_pyramid_tiles_files_16_13_6.pt,0,train
GigaPath_embeddings_LBC_train/0/4b71df3c-6e36-4b86-86cd-403d470980d8_pyramid_tiles_files_16_14_10.pt,0,train
GigaPath_embeddings_LBC_train/0/cbbb7a3f-b6d5-44d3-9eef-69757a914f2f_pyramid_tiles_files_16_33_26.pt,0,train
GigaPath_embeddings_LBC_train/0/3d2ea7da-d7a6-4b5a-8c3b-7ff4e99e614f_pyramid_tiles_files_16_16_40.pt,0,train
GigaPath_embeddings_LBC_train/0/3d2ea7da-d7a6-4b5a-8c3b-7ff4e99e614f_pyramid_tiles_files_16_38_15.pt,0,train
GigaPath_embeddings_LBC_train/0/cbbb7a3f-b6d5-44d3-9eef-69757a914f2f_pyramid_tiles_files_16_25_40.pt,0,train
GigaPath_embeddings_LBC_train/0/85f754fe-8760-404b-bedb-6d8ac74ced85_pyramid_tiles_files_16_19_6.pt,0,train
GigaPath_embeddings_LBC_train/0/2b545ce7-ebd8-4b3b-98fa-2f442d48bc5e_pyramid_tiles_files_16_6_26.pt,0,train
GigaPath_embeddings_LBC_train/0/4b71df3c-6e36-4b86-86cd-403d470980d8_pyramid_tiles_files_16_1_12.pt,0,train
GigaPath_embeddings_LBC_train/0/cbbb7a3f-b6d5-44d3-9eef-69757a914f2f_pyramid_tiles_files_16_20_22.pt,0,train
GigaPath_embeddings_LBC_train/0/85f754fe-8760-404b-bedb-6d8ac74ced85_pyramid_tiles_files_16_15_16.pt,0,train
GigaPath_embeddings_LBC_train/0/4b71df3c-6e36-4b86-86cd-403d470980d8_pyramid_tiles_files_16_24_28.pt,0,train
GigaPath_embeddings_LBC_train/0/2b545ce7-ebd8-4b3b-98fa-2f442d48bc5e_pyramid_tiles_files_16_21_12.pt,0,train
GigaPath_embeddings_LBC_train/0/4b71df3c-6e36-4b86-86cd-403d470980d8_pyramid_tiles_files_16_34_2.pt,0,train
GigaPath_embeddings_LBC_train/0/3d2ea7da-d7a6-4b5a-8c3b-7ff4e99e614f_pyramid_tiles_files_16_2_21.pt,0,train
GigaPath_embeddings_LBC_train/0/2b545ce7-ebd8-4b3b-98fa-2f442d48bc5e_pyramid_tiles_files_16_33_25.pt,0,train
GigaPath_embeddings_LBC_train/0/85f754fe-8760-404b-bedb-6d8ac74ced85_pyramid_tiles_files_16_11_13.pt,0,train
GigaPath_embeddings_LBC_train/0/4b71df3c-6e36-4b86-86cd-403d470980d8_pyramid_tiles_files_16_13_25.pt,0,train
GigaPath_embeddings_LBC_train/0/2b545ce7-ebd8-4b3b-98fa-2f442d48bc5e_pyramid_tiles_files_16_27_37.pt,0,train
GigaPath_embeddings_LBC_train/0/2b545ce7-ebd8-4b3b-98fa-2f442d48bc5e_pyramid_tiles_files_16_26_27.pt,0,train
GigaPath_embeddings_LBC_train/0/85f754fe-8760-404b-bedb-6d8ac74ced85_pyramid_tiles_files_16_29_17.pt,0,train
GigaPath_embeddings_LBC_train/0/cbbb7a3f-b6d5-44d3-9eef-69757a914f2f_pyramid_tiles_files_16_20_31.pt,0,train
GigaPath_embeddings_LBC_train/0/3d2ea7da-d7a6-4b5a-8c3b-7ff4e99e614f_pyramid_tiles_files_16_38_23.pt,0,train
GigaPath_embeddings_LBC_train/0/85f754fe-8760-404b-bedb-6d8ac74ced85_pyramid_tiles_files_16_26_36.pt,0,train
GigaPath_embeddings_LBC_train/0/2b545ce7-ebd8-4b3b-98fa-2f442d48bc5e_pyramid_tiles_files_16_17_40.pt,0,train
GigaPath_embeddings_LBC_train/0/cbbb7a3f-b6d5-44d3-9eef-69757a914f2f_pyramid_tiles_files_16_21_35.pt,0,train
GigaPath_embeddings_LBC_train/0/85f754fe-8760-404b-bedb-6d8ac74ced85_pyramid_tiles_files_16_21_23.pt,0,train
GigaPath_embeddings_LBC_train/0/2b545ce7-ebd8-4b3b-98fa-2f442d48bc5e_pyramid_tiles_files_16_9_15.pt,0,train
GigaPath_embeddings_LBC_train/0/4b71df3c-6e36-4b86-86cd-403d470980d8_pyramid_tiles_files_16_31_25.pt,0,train
GigaPath_embeddings_LBC_train/0/85f754fe-8760-404b-bedb-6d8ac74ced85_pyramid_tiles_files_16_12_35.pt,0,train
GigaPath_embeddings_LBC_train/0/cbbb7a3f-b6d5-44d3-9eef-69757a914f2f_pyramid_tiles_files_16_31_31.pt,0,train
GigaPath_embeddings_LBC_train/0/4b71df3c-6e36-4b86-86cd-403d470980d8_pyramid_tiles_files_16_2_23.pt,0,train
GigaPath_embeddings_LBC_train/0/3d2ea7da-d7a6-4b5a-8c3b-7ff4e99e614f_pyramid_tiles_files_16_29_14.pt,0,train
GigaPath_embeddings_LBC_train/0/3d2ea7da-d7a6-4b5a-8c3b-7ff4e99e614f_pyramid_tiles_files_16_15_38.pt,0,train
GigaPath_embeddings_LBC_train/0/85f754fe-8760-404b-bedb-6d8ac74ced85_pyramid_tiles_files_16_20_17.pt,0,train
GigaPath_embeddings_LBC_train/0/85f754fe-8760-404b-bedb-6d8ac74ced85_pyramid_tiles_files_16_19_15.pt,0,train
GigaPath_embeddings_LBC_train/0/85f754fe-8760-404b-bedb-6d8ac74ced85_pyramid_tiles_files_16_27_15.pt,0,train
GigaPath_embeddings_LBC_train/0/2b545ce7-ebd8-4b3b-98fa-2f442d48bc5e_pyramid_tiles_files_16_29_35.pt,0,train
GigaPath_embeddings_LBC_train/0/85f754fe-8760-404b-bedb-6d8ac74ced85_pyramid_tiles_files_16_31_13.pt,0,train
GigaPath_embeddings_LBC_train/0/85f754fe-8760-404b-bedb-6d8ac74ced85_pyramid_tiles_files_16_14_22.pt,0,train
GigaPath_embeddings_LBC_train/0/cbbb7a3f-b6d5-44d3-9eef-69757a914f2f_pyramid_tiles_files_16_24_7.pt,0,train
GigaPath_embeddings_LBC_train/0/85f754fe-8760-404b-bedb-6d8ac74ced85_pyramid_tiles_files_16_28_20.pt,0,train
GigaPath_embeddings_LBC_train/0/3d2ea7da-d7a6-4b5a-8c3b-7ff4e99e614f_pyramid_tiles_files_16_19_6.pt,0,train
GigaPath_embeddings_LBC_train/0/cbbb7a3f-b6d5-44d3-9eef-69757a914f2f_pyramid_tiles_files_16_4_15.pt,0,train
GigaPath_embeddings_LBC_train/0/2b545ce7-ebd8-4b3b-98fa-2f442d48bc5e_pyramid_tiles_files_16_35_36.pt,0,train
GigaPath_embeddings_LBC_train/0/3d2ea7da-d7a6-4b5a-8c3b-7ff4e99e614f_pyramid_tiles_files_16_25_5.pt,0,train
GigaPath_embeddings_LBC_train/0/85f754fe-8760-404b-bedb-6d8ac74ced85_pyramid_tiles_files_16_24_22.pt,0,train
GigaPath_embeddings_LBC_train/0/4b71df3c-6e36-4b86-86cd-403d470980d8_pyramid_tiles_files_16_37_8.pt,0,train
GigaPath_embeddings_LBC_train/0/3d2ea7da-d7a6-4b5a-8c3b-7ff4e99e614f_pyramid_tiles_files_16_6_23.pt,0,train
GigaPath_embeddings_LBC_train/0/2b545ce7-ebd8-4b3b-98fa-2f442d48bc5e_pyramid_tiles_files_16_30_20.pt,0,train
GigaPath_embeddings_LBC_train/0/3d2ea7da-d7a6-4b5a-8c3b-7ff4e99e614f_pyramid_tiles_files_16_29_19.pt,0,train
GigaPath_embeddings_LBC_train/0/4b71df3c-6e36-4b86-86cd-403d470980d8_pyramid_tiles_files_16_24_25.pt,0,train
GigaPath_embeddings_LBC_train/0/3d2ea7da-d7a6-4b5a-8c3b-7ff4e99e614f_pyramid_tiles_files_16_3_10.pt,0,train
GigaPath_embeddings_LBC_train/0/3d2ea7da-d7a6-4b5a-8c3b-7ff4e99e614f_pyramid_tiles_files_16_23_23.pt,0,train
GigaPath_embeddings_LBC_train/0/85f754fe-8760-404b-bedb-6d8ac74ced85_pyramid_tiles_files_16_39_32.pt,0,train
GigaPath_embeddings_LBC_train/0/cbbb7a3f-b6d5-44d3-9eef-69757a914f2f_pyramid_tiles_files_16_6_19.pt,0,train
GigaPath_embeddings_LBC_train/0/cbbb7a3f-b6d5-44d3-9eef-69757a914f2f_pyramid_tiles_files_16_21_41.pt,0,train
GigaPath_embeddings_LBC_train/0/2b545ce7-ebd8-4b3b-98fa-2f442d48bc5e_pyramid_tiles_files_16_17_48.pt,0,train
GigaPath_embeddings_LBC_train/0/3d2ea7da-d7a6-4b5a-8c3b-7ff4e99e614f_pyramid_tiles_files_16_13_38.pt,0,train
GigaPath_embeddings_LBC_train/0/3d2ea7da-d7a6-4b5a-8c3b-7ff4e99e614f_pyramid_tiles_files_16_21_9.pt,0,train
GigaPath_embeddings_LBC_train/0/cbbb7a3f-b6d5-44d3-9eef-69757a914f2f_pyramid_tiles_files_16_5_25.pt,0,train
GigaPath_embeddings_LBC_train/0/4b71df3c-6e36-4b86-86cd-403d470980d8_pyramid_tiles_files_16_18_9.pt,0,train
GigaPath_embeddings_LBC_train/0/85f754fe-8760-404b-bedb-6d8ac74ced85_pyramid_tiles_files_16_12_12.pt,0,train
GigaPath_embeddings_LBC_train/0/2b545ce7-ebd8-4b3b-98fa-2f442d48bc5e_pyramid_tiles_files_16_4_32.pt,0,train
GigaPath_embeddings_LBC_train/0/3d2ea7da-d7a6-4b5a-8c3b-7ff4e99e614f_pyramid_tiles_files_16_25_35.pt,0,train
GigaPath_embeddings_LBC_train/0/4b71df3c-6e36-4b86-86cd-403d470980d8_pyramid_tiles_files_16_21_9.pt,0,train
GigaPath_embeddings_LBC_train/0/85f754fe-8760-404b-bedb-6d8ac74ced85_pyramid_tiles_files_16_19_3.pt,0,train
GigaPath_embeddings_LBC_train/0/3d2ea7da-d7a6-4b5a-8c3b-7ff4e99e614f_pyramid_tiles_files_16_11_15.pt,0,train
GigaPath_embeddings_LBC_train/0/cbbb7a3f-b6d5-44d3-9eef-69757a914f2f_pyramid_tiles_files_16_18_8.pt,0,train
GigaPath_embeddings_LBC_train/0/cbbb7a3f-b6d5-44d3-9eef-69757a914f2f_pyramid_tiles_files_16_20_1.pt,0,train
GigaPath_embeddings_LBC_train/0/4b71df3c-6e36-4b86-86cd-403d470980d8_pyramid_tiles_files_16_22_13.pt,0,train
GigaPath_embeddings_LBC_train/0/cbbb7a3f-b6d5-44d3-9eef-69757a914f2f_pyramid_tiles_files_16_1_28.pt,0,train
GigaPath_embeddings_LBC_train/0/85f754fe-8760-404b-bedb-6d8ac74ced85_pyramid_tiles_files_16_11_17.pt,0,train
GigaPath_embeddings_LBC_train/0/3d2ea7da-d7a6-4b5a-8c3b-7ff4e99e614f_pyramid_tiles_files_16_6_11.pt,0,train
GigaPath_embeddings_LBC_train/0/3d2ea7da-d7a6-4b5a-8c3b-7ff4e99e614f_pyramid_tiles_files_16_14_10.pt,0,train
GigaPath_embeddings_LBC_train/0/4b71df3c-6e36-4b86-86cd-403d470980d8_pyramid_tiles_files_16_14_11.pt,0,train
GigaPath_embeddings_LBC_train/0/4b71df3c-6e36-4b86-86cd-403d470980d8_pyramid_tiles_files_16_28_19.pt,0,train
GigaPath_embeddings_LBC_train/0/4b71df3c-6e36-4b86-86cd-403d470980d8_pyramid_tiles_files_16_15_13.pt,0,train
GigaPath_embeddings_LBC_train/0/2b545ce7-ebd8-4b3b-98fa-2f442d48bc5e_pyramid_tiles_files_16_16_37.pt,0,train
GigaPath_embeddings_LBC_train/0/cbbb7a3f-b6d5-44d3-9eef-69757a914f2f_pyramid_tiles_files_16_32_18.pt,0,train
GigaPath_embeddings_LBC_train/0/4b71df3c-6e36-4b86-86cd-403d470980d8_pyramid_tiles_files_16_18_33.pt,0,train
GigaPath_embeddings_LBC_train/0/cbbb7a3f-b6d5-44d3-9eef-69757a914f2f_pyramid_tiles_files_16_5_10.pt,0,train
GigaPath_embeddings_LBC_train/0/4b71df3c-6e36-4b86-86cd-403d470980d8_pyramid_tiles_files_16_16_31.pt,0,train
GigaPath_embeddings_LBC_train/0/85f754fe-8760-404b-bedb-6d8ac74ced85_pyramid_tiles_files_16_10_15.pt,0,train
GigaPath_embeddings_LBC_train/0/3d2ea7da-d7a6-4b5a-8c3b-7ff4e99e614f_pyramid_tiles_files_16_21_37.pt,0,train
GigaPath_embeddings_LBC_train/0/85f754fe-8760-404b-bedb-6d8ac74ced85_pyramid_tiles_files_16_3_17.pt,0,train
GigaPath_embeddings_LBC_train/0/cbbb7a3f-b6d5-44d3-9eef-69757a914f2f_pyramid_tiles_files_16_31_27.pt,0,train
GigaPath_embeddings_LBC_train/0/4b71df3c-6e36-4b86-86cd-403d470980d8_pyramid_tiles_files_16_25_3.pt,0,train
GigaPath_embeddings_LBC_train/0/cbbb7a3f-b6d5-44d3-9eef-69757a914f2f_pyramid_tiles_files_16_5_16.pt,0,train
GigaPath_embeddings_LBC_train/0/4b71df3c-6e36-4b86-86cd-403d470980d8_pyramid_tiles_files_16_29_34.pt,0,train
GigaPath_embeddings_LBC_train/0/2b545ce7-ebd8-4b3b-98fa-2f442d48bc5e_pyramid_tiles_files_16_18_38.pt,0,train
GigaPath_embeddings_LBC_train/0/4b71df3c-6e36-4b86-86cd-403d470980d8_pyramid_tiles_files_16_20_35.pt,0,train
GigaPath_embeddings_LBC_train/0/2b545ce7-ebd8-4b3b-98fa-2f442d48bc5e_pyramid_tiles_files_16_3_16.pt,0,train
GigaPath_embeddings_LBC_train/0/4b71df3c-6e36-4b86-86cd-403d470980d8_pyramid_tiles_files_16_22_34.pt,0,train
GigaPath_embeddings_LBC_train/0/85f754fe-8760-404b-bedb-6d8ac74ced85_pyramid_tiles_files_16_28_19.pt,0,train
GigaPath_embeddings_LBC_train/0/85f754fe-8760-404b-bedb-6d8ac74ced85_pyramid_tiles_files_16_2_17.pt,0,train
GigaPath_embeddings_LBC_train/0/4b71df3c-6e36-4b86-86cd-403d470980d8_pyramid_tiles_files_16_25_11.pt,0,train
GigaPath_embeddings_LBC_train/0/85f754fe-8760-404b-bedb-6d8ac74ced85_pyramid_tiles_files_16_38_19.pt,0,train
GigaPath_embeddings_LBC_train/0/2b545ce7-ebd8-4b3b-98fa-2f442d48bc5e_pyramid_tiles_files_16_0_19.pt,0,train
GigaPath_embeddings_LBC_train/0/cbbb7a3f-b6d5-44d3-9eef-69757a914f2f_pyramid_tiles_files_16_2_27.pt,0,train
GigaPath_embeddings_LBC_train/0/2b545ce7-ebd8-4b3b-98fa-2f442d48bc5e_pyramid_tiles_files_16_3_19.pt,0,train
GigaPath_embeddings_LBC_train/0/cbbb7a3f-b6d5-44d3-9eef-69757a914f2f_pyramid_tiles_files_16_12_21.pt,0,train
GigaPath_embeddings_LBC_train/0/4b71df3c-6e36-4b86-86cd-403d470980d8_pyramid_tiles_files_16_30_3.pt,0,train
GigaPath_embeddings_LBC_train/0/3d2ea7da-d7a6-4b5a-8c3b-7ff4e99e614f_pyramid_tiles_files_16_9_25.pt,0,train
GigaPath_embeddings_LBC_train/0/2b545ce7-ebd8-4b3b-98fa-2f442d48bc5e_pyramid_tiles_files_16_5_34.pt,0,train
GigaPath_embeddings_LBC_train/0/85f754fe-8760-404b-bedb-6d8ac74ced85_pyramid_tiles_files_16_10_19.pt,0,train
GigaPath_embeddings_LBC_train/0/cbbb7a3f-b6d5-44d3-9eef-69757a914f2f_pyramid_tiles_files_16_36_29.pt,0,train
GigaPath_embeddings_LBC_train/0/4b71df3c-6e36-4b86-86cd-403d470980d8_pyramid_tiles_files_16_36_31.pt,0,train
GigaPath_embeddings_LBC_train/0/3d2ea7da-d7a6-4b5a-8c3b-7ff4e99e614f_pyramid_tiles_files_16_29_15.pt,0,train
GigaPath_embeddings_LBC_train/0/cbbb7a3f-b6d5-44d3-9eef-69757a914f2f_pyramid_tiles_files_16_13_38.pt,0,train
GigaPath_embeddings_LBC_train/0/85f754fe-8760-404b-bedb-6d8ac74ced85_pyramid_tiles_files_16_16_5.pt,0,train
GigaPath_embeddings_LBC_train/0/85f754fe-8760-404b-bedb-6d8ac74ced85_pyramid_tiles_files_16_11_7.pt,0,train
GigaPath_embeddings_LBC_train/0/3d2ea7da-d7a6-4b5a-8c3b-7ff4e99e614f_pyramid_tiles_files_16_17_21.pt,0,train
GigaPath_embeddings_LBC_train/0/2b545ce7-ebd8-4b3b-98fa-2f442d48bc5e_pyramid_tiles_files_16_3_38.pt,0,train
GigaPath_embeddings_LBC_train/0/85f754fe-8760-404b-bedb-6d8ac74ced85_pyramid_tiles_files_16_27_11.pt,0,train
GigaPath_embeddings_LBC_train/0/cbbb7a3f-b6d5-44d3-9eef-69757a914f2f_pyramid_tiles_files_16_16_38.pt,0,train
GigaPath_embeddings_LBC_train/0/cbbb7a3f-b6d5-44d3-9eef-69757a914f2f_pyramid_tiles_files_16_8_14.pt,0,train
GigaPath_embeddings_LBC_train/0/3d2ea7da-d7a6-4b5a-8c3b-7ff4e99e614f_pyramid_tiles_files_16_10_9.pt,0,train
GigaPath_embeddings_LBC_train/0/85f754fe-8760-404b-bedb-6d8ac74ced85_pyramid_tiles_files_16_23_35.pt,0,train
GigaPath_embeddings_LBC_train/0/3d2ea7da-d7a6-4b5a-8c3b-7ff4e99e614f_pyramid_tiles_files_16_15_20.pt,0,train
GigaPath_embeddings_LBC_train/0/85f754fe-8760-404b-bedb-6d8ac74ced85_pyramid_tiles_files_16_35_28.pt,0,train
GigaPath_embeddings_LBC_train/0/cbbb7a3f-b6d5-44d3-9eef-69757a914f2f_pyramid_tiles_files_16_37_29.pt,0,train
GigaPath_embeddings_LBC_train/0/cbbb7a3f-b6d5-44d3-9eef-69757a914f2f_pyramid_tiles_files_16_29_31.pt,0,train
GigaPath_embeddings_LBC_train/0/85f754fe-8760-404b-bedb-6d8ac74ced85_pyramid_tiles_files_16_10_18.pt,0,train
GigaPath_embeddings_LBC_train/0/4b71df3c-6e36-4b86-86cd-403d470980d8_pyramid_tiles_files_16_5_5.pt,0,train
GigaPath_embeddings_LBC_train/0/4b71df3c-6e36-4b86-86cd-403d470980d8_pyramid_tiles_files_16_19_22.pt,0,train
GigaPath_embeddings_LBC_train/0/4b71df3c-6e36-4b86-86cd-403d470980d8_pyramid_tiles_files_16_12_24.pt,0,train
GigaPath_embeddings_LBC_train/0/2b545ce7-ebd8-4b3b-98fa-2f442d48bc5e_pyramid_tiles_files_16_21_23.pt,0,train
GigaPath_embeddings_LBC_train/0/4b71df3c-6e36-4b86-86cd-403d470980d8_pyramid_tiles_files_16_2_19.pt,0,train
GigaPath_embeddings_LBC_train/0/4b71df3c-6e36-4b86-86cd-403d470980d8_pyramid_tiles_files_16_9_23.pt,0,train
GigaPath_embeddings_LBC_train/0/cbbb7a3f-b6d5-44d3-9eef-69757a914f2f_pyramid_tiles_files_16_28_9.pt,0,train
GigaPath_embeddings_LBC_train/0/85f754fe-8760-404b-bedb-6d8ac74ced85_pyramid_tiles_files_16_26_9.pt,0,train
GigaPath_embeddings_LBC_train/0/4b71df3c-6e36-4b86-86cd-403d470980d8_pyramid_tiles_files_16_33_18.pt,0,train
GigaPath_embeddings_LBC_train/0/cbbb7a3f-b6d5-44d3-9eef-69757a914f2f_pyramid_tiles_files_16_7_28.pt,0,train
GigaPath_embeddings_LBC_train/0/cbbb7a3f-b6d5-44d3-9eef-69757a914f2f_pyramid_tiles_files_16_21_1.pt,0,train
GigaPath_embeddings_LBC_train/0/cbbb7a3f-b6d5-44d3-9eef-69757a914f2f_pyramid_tiles_files_16_22_30.pt,0,train
GigaPath_embeddings_LBC_train/0/2b545ce7-ebd8-4b3b-98fa-2f442d48bc5e_pyramid_tiles_files_16_18_23.pt,0,train
GigaPath_embeddings_LBC_train/0/4b71df3c-6e36-4b86-86cd-403d470980d8_pyramid_tiles_files_16_10_23.pt,0,train
GigaPath_embeddings_LBC_train/0/85f754fe-8760-404b-bedb-6d8ac74ced85_pyramid_tiles_files_16_37_16.pt,0,train
GigaPath_embeddings_LBC_train/0/2b545ce7-ebd8-4b3b-98fa-2f442d48bc5e_pyramid_tiles_files_16_15_15.pt,0,train
GigaPath_embeddings_LBC_train/0/3d2ea7da-d7a6-4b5a-8c3b-7ff4e99e614f_pyramid_tiles_files_16_12_22.pt,0,train
GigaPath_embeddings_LBC_train/0/85f754fe-8760-404b-bedb-6d8ac74ced85_pyramid_tiles_files_16_18_14.pt,0,train
GigaPath_embeddings_LBC_train/0/85f754fe-8760-404b-bedb-6d8ac74ced85_pyramid_tiles_files_16_25_3.pt,0,train
GigaPath_embeddings_LBC_train/0/85f754fe-8760-404b-bedb-6d8ac74ced85_pyramid_tiles_files_16_29_8.pt,0,train
GigaPath_embeddings_LBC_train/0/85f754fe-8760-404b-bedb-6d8ac74ced85_pyramid_tiles_files_16_36_23.pt,0,train
GigaPath_embeddings_LBC_train/0/4b71df3c-6e36-4b86-86cd-403d470980d8_pyramid_tiles_files_16_9_4.pt,0,train
GigaPath_embeddings_LBC_train/0/2b545ce7-ebd8-4b3b-98fa-2f442d48bc5e_pyramid_tiles_files_16_8_13.pt,0,train
GigaPath_embeddings_LBC_train/0/4b71df3c-6e36-4b86-86cd-403d470980d8_pyramid_tiles_files_16_38_7.pt,0,train
GigaPath_embeddings_LBC_train/0/2b545ce7-ebd8-4b3b-98fa-2f442d48bc5e_pyramid_tiles_files_16_35_22.pt,0,train
GigaPath_embeddings_LBC_train/0/cbbb7a3f-b6d5-44d3-9eef-69757a914f2f_pyramid_tiles_files_16_11_6.pt,0,train
GigaPath_embeddings_LBC_train/0/cbbb7a3f-b6d5-44d3-9eef-69757a914f2f_pyramid_tiles_files_16_31_37.pt,0,train
GigaPath_embeddings_LBC_train/0/3d2ea7da-d7a6-4b5a-8c3b-7ff4e99e614f_pyramid_tiles_files_16_9_37.pt,0,train
GigaPath_embeddings_LBC_train/0/4b71df3c-6e36-4b86-86cd-403d470980d8_pyramid_tiles_files_16_35_23.pt,0,train
GigaPath_embeddings_LBC_train/0/4b71df3c-6e36-4b86-86cd-403d470980d8_pyramid_tiles_files_16_7_18.pt,0,train
GigaPath_embeddings_LBC_train/0/2b545ce7-ebd8-4b3b-98fa-2f442d48bc5e_pyramid_tiles_files_16_30_17.pt,0,train
GigaPath_embeddings_LBC_train/0/2b545ce7-ebd8-4b3b-98fa-2f442d48bc5e_pyramid_tiles_files_16_8_33.pt,0,train
GigaPath_embeddings_LBC_train/0/3d2ea7da-d7a6-4b5a-8c3b-7ff4e99e614f_pyramid_tiles_files_16_13_18.pt,0,train
GigaPath_embeddings_LBC_train/0/3d2ea7da-d7a6-4b5a-8c3b-7ff4e99e614f_pyramid_tiles_files_16_14_40.pt,0,train
GigaPath_embeddings_LBC_train/0/cbbb7a3f-b6d5-44d3-9eef-69757a914f2f_pyramid_tiles_files_16_22_36.pt,0,train
GigaPath_embeddings_LBC_train/0/2b545ce7-ebd8-4b3b-98fa-2f442d48bc5e_pyramid_tiles_files_16_11_13.pt,0,train
GigaPath_embeddings_LBC_train/0/cbbb7a3f-b6d5-44d3-9eef-69757a914f2f_pyramid_tiles_files_16_31_9.pt,0,train
GigaPath_embeddings_LBC_train/0/85f754fe-8760-404b-bedb-6d8ac74ced85_pyramid_tiles_files_16_27_26.pt,0,train
GigaPath_embeddings_LBC_train/0/85f754fe-8760-404b-bedb-6d8ac74ced85_pyramid_tiles_files_16_9_4.pt,0,train
GigaPath_embeddings_LBC_train/0/3d2ea7da-d7a6-4b5a-8c3b-7ff4e99e614f_pyramid_tiles_files_16_3_22.pt,0,train
GigaPath_embeddings_LBC_train/0/4b71df3c-6e36-4b86-86cd-403d470980d8_pyramid_tiles_files_16_10_14.pt,0,train
GigaPath_embeddings_LBC_train/0/2b545ce7-ebd8-4b3b-98fa-2f442d48bc5e_pyramid_tiles_files_16_17_17.pt,0,train
GigaPath_embeddings_LBC_train/0/4b71df3c-6e36-4b86-86cd-403d470980d8_pyramid_tiles_files_16_7_19.pt,0,train
GigaPath_embeddings_LBC_train/0/2b545ce7-ebd8-4b3b-98fa-2f442d48bc5e_pyramid_tiles_files_16_11_17.pt,0,train
GigaPath_embeddings_LBC_train/0/cbbb7a3f-b6d5-44d3-9eef-69757a914f2f_pyramid_tiles_files_16_21_32.pt,0,train
GigaPath_embeddings_LBC_train/0/2b545ce7-ebd8-4b3b-98fa-2f442d48bc5e_pyramid_tiles_files_16_19_9.pt,0,train
GigaPath_embeddings_LBC_train/0/3d2ea7da-d7a6-4b5a-8c3b-7ff4e99e614f_pyramid_tiles_files_16_8_33.pt,0,train
GigaPath_embeddings_LBC_train/0/4b71df3c-6e36-4b86-86cd-403d470980d8_pyramid_tiles_files_16_8_11.pt,0,train
GigaPath_embeddings_LBC_train/0/3d2ea7da-d7a6-4b5a-8c3b-7ff4e99e614f_pyramid_tiles_files_16_38_25.pt,0,train
GigaPath_embeddings_LBC_train/0/cbbb7a3f-b6d5-44d3-9eef-69757a914f2f_pyramid_tiles_files_16_19_22.pt,0,train
GigaPath_embeddings_LBC_train/0/cbbb7a3f-b6d5-44d3-9eef-69757a914f2f_pyramid_tiles_files_16_21_20.pt,0,train
GigaPath_embeddings_LBC_train/0/cbbb7a3f-b6d5-44d3-9eef-69757a914f2f_pyramid_tiles_files_16_40_17.pt,0,train
GigaPath_embeddings_LBC_train/0/3d2ea7da-d7a6-4b5a-8c3b-7ff4e99e614f_pyramid_tiles_files_16_24_14.pt,0,train
GigaPath_embeddings_LBC_train/0/2b545ce7-ebd8-4b3b-98fa-2f442d48bc5e_pyramid_tiles_files_16_23_32.pt,0,train
GigaPath_embeddings_LBC_train/0/3d2ea7da-d7a6-4b5a-8c3b-7ff4e99e614f_pyramid_tiles_files_16_10_30.pt,0,train
GigaPath_embeddings_LBC_train/0/2b545ce7-ebd8-4b3b-98fa-2f442d48bc5e_pyramid_tiles_files_16_30_26.pt,0,train
GigaPath_embeddings_LBC_train/0/4b71df3c-6e36-4b86-86cd-403d470980d8_pyramid_tiles_files_16_34_6.pt,0,train
GigaPath_embeddings_LBC_train/0/3d2ea7da-d7a6-4b5a-8c3b-7ff4e99e614f_pyramid_tiles_files_16_15_7.pt,0,train
GigaPath_embeddings_LBC_train/0/4b71df3c-6e36-4b86-86cd-403d470980d8_pyramid_tiles_files_16_30_34.pt,0,train
GigaPath_embeddings_LBC_train/0/4b71df3c-6e36-4b86-86cd-403d470980d8_pyramid_tiles_files_16_24_33.pt,0,train
GigaPath_embeddings_LBC_train/0/4b71df3c-6e36-4b86-86cd-403d470980d8_pyramid_tiles_files_16_14_20.pt,0,train
GigaPath_embeddings_LBC_train/0/4b71df3c-6e36-4b86-86cd-403d470980d8_pyramid_tiles_files_16_12_4.pt,0,train
GigaPath_embeddings_LBC_train/0/2b545ce7-ebd8-4b3b-98fa-2f442d48bc5e_pyramid_tiles_files_16_7_13.pt,0,train
GigaPath_embeddings_LBC_train/0/2b545ce7-ebd8-4b3b-98fa-2f442d48bc5e_pyramid_tiles_files_16_17_24.pt,0,train
GigaPath_embeddings_LBC_train/0/cbbb7a3f-b6d5-44d3-9eef-69757a914f2f_pyramid_tiles_files_16_30_25.pt,0,train
GigaPath_embeddings_LBC_train/0/3d2ea7da-d7a6-4b5a-8c3b-7ff4e99e614f_pyramid_tiles_files_16_28_18.pt,0,train
GigaPath_embeddings_LBC_train/0/85f754fe-8760-404b-bedb-6d8ac74ced85_pyramid_tiles_files_16_15_34.pt,0,train
GigaPath_embeddings_LBC_train/0/2b545ce7-ebd8-4b3b-98fa-2f442d48bc5e_pyramid_tiles_files_16_26_37.pt,0,train
GigaPath_embeddings_LBC_train/0/3d2ea7da-d7a6-4b5a-8c3b-7ff4e99e614f_pyramid_tiles_files_16_27_32.pt,0,train
GigaPath_embeddings_LBC_train/0/2b545ce7-ebd8-4b3b-98fa-2f442d48bc5e_pyramid_tiles_files_16_16_18.pt,0,train
GigaPath_embeddings_LBC_train/0/3d2ea7da-d7a6-4b5a-8c3b-7ff4e99e614f_pyramid_tiles_files_16_4_16.pt,0,train
GigaPath_embeddings_LBC_train/0/85f754fe-8760-404b-bedb-6d8ac74ced85_pyramid_tiles_files_16_23_37.pt,0,train
GigaPath_embeddings_LBC_train/0/2b545ce7-ebd8-4b3b-98fa-2f442d48bc5e_pyramid_tiles_files_16_21_15.pt,0,train
GigaPath_embeddings_LBC_train/0/cbbb7a3f-b6d5-44d3-9eef-69757a914f2f_pyramid_tiles_files_16_23_13.pt,0,train
GigaPath_embeddings_LBC_train/0/3d2ea7da-d7a6-4b5a-8c3b-7ff4e99e614f_pyramid_tiles_files_16_30_6.pt,0,train
GigaPath_embeddings_LBC_train/0/3d2ea7da-d7a6-4b5a-8c3b-7ff4e99e614f_pyramid_tiles_files_16_31_14.pt,0,train
GigaPath_embeddings_LBC_train/0/4b71df3c-6e36-4b86-86cd-403d470980d8_pyramid_tiles_files_16_11_4.pt,0,train
GigaPath_embeddings_LBC_train/0/cbbb7a3f-b6d5-44d3-9eef-69757a914f2f_pyramid_tiles_files_16_33_20.pt,0,train
GigaPath_embeddings_LBC_train/0/2b545ce7-ebd8-4b3b-98fa-2f442d48bc5e_pyramid_tiles_files_16_25_24.pt,0,train
GigaPath_embeddings_LBC_train/0/cbbb7a3f-b6d5-44d3-9eef-69757a914f2f_pyramid_tiles_files_16_25_29.pt,0,train
GigaPath_embeddings_LBC_train/0/2b545ce7-ebd8-4b3b-98fa-2f442d48bc5e_pyramid_tiles_files_16_1_31.pt,0,train
GigaPath_embeddings_LBC_train/0/2b545ce7-ebd8-4b3b-98fa-2f442d48bc5e_pyramid_tiles_files_16_19_17.pt,0,train
GigaPath_embeddings_LBC_train/0/85f754fe-8760-404b-bedb-6d8ac74ced85_pyramid_tiles_files_16_17_22.pt,0,train
GigaPath_embeddings_LBC_train/0/2b545ce7-ebd8-4b3b-98fa-2f442d48bc5e_pyramid_tiles_files_16_25_9.pt,0,train
GigaPath_embeddings_LBC_train/0/2b545ce7-ebd8-4b3b-98fa-2f442d48bc5e_pyramid_tiles_files_16_9_11.pt,0,train
GigaPath_embeddings_LBC_train/0/3d2ea7da-d7a6-4b5a-8c3b-7ff4e99e614f_pyramid_tiles_files_16_12_14.pt,0,train
GigaPath_embeddings_LBC_train/0/cbbb7a3f-b6d5-44d3-9eef-69757a914f2f_pyramid_tiles_files_16_30_11.pt,0,train
GigaPath_embeddings_LBC_train/0/3d2ea7da-d7a6-4b5a-8c3b-7ff4e99e614f_pyramid_tiles_files_16_34_20.pt,0,train
GigaPath_embeddings_LBC_train/0/3d2ea7da-d7a6-4b5a-8c3b-7ff4e99e614f_pyramid_tiles_files_16_10_10.pt,0,train
GigaPath_embeddings_LBC_train/0/85f754fe-8760-404b-bedb-6d8ac74ced85_pyramid_tiles_files_16_29_26.pt,0,train
GigaPath_embeddings_LBC_train/0/85f754fe-8760-404b-bedb-6d8ac74ced85_pyramid_tiles_files_16_5_28.pt,0,train
GigaPath_embeddings_LBC_train/0/cbbb7a3f-b6d5-44d3-9eef-69757a914f2f_pyramid_tiles_files_16_15_4.pt,0,train
GigaPath_embeddings_LBC_train/0/2b545ce7-ebd8-4b3b-98fa-2f442d48bc5e_pyramid_tiles_files_16_14_43.pt,0,train
GigaPath_embeddings_LBC_train/0/cbbb7a3f-b6d5-44d3-9eef-69757a914f2f_pyramid_tiles_files_16_3_12.pt,0,train
GigaPath_embeddings_LBC_train/0/cbbb7a3f-b6d5-44d3-9eef-69757a914f2f_pyramid_tiles_files_16_31_25.pt,0,train
GigaPath_embeddings_LBC_train/0/85f754fe-8760-404b-bedb-6d8ac74ced85_pyramid_tiles_files_16_32_10.pt,0,train
GigaPath_embeddings_LBC_train/0/3d2ea7da-d7a6-4b5a-8c3b-7ff4e99e614f_pyramid_tiles_files_16_9_28.pt,0,train
GigaPath_embeddings_LBC_train/0/2b545ce7-ebd8-4b3b-98fa-2f442d48bc5e_pyramid_tiles_files_16_18_37.pt,0,train
GigaPath_embeddings_LBC_train/0/85f754fe-8760-404b-bedb-6d8ac74ced85_pyramid_tiles_files_16_26_18.pt,0,train
GigaPath_embeddings_LBC_train/0/3d2ea7da-d7a6-4b5a-8c3b-7ff4e99e614f_pyramid_tiles_files_16_0_18.pt,0,train
GigaPath_embeddings_LBC_train/0/cbbb7a3f-b6d5-44d3-9eef-69757a914f2f_pyramid_tiles_files_16_8_26.pt,0,train
GigaPath_embeddings_LBC_train/0/3d2ea7da-d7a6-4b5a-8c3b-7ff4e99e614f_pyramid_tiles_files_16_13_30.pt,0,train
GigaPath_embeddings_LBC_train/0/4b71df3c-6e36-4b86-86cd-403d470980d8_pyramid_tiles_files_16_19_27.pt,0,train
GigaPath_embeddings_LBC_train/0/cbbb7a3f-b6d5-44d3-9eef-69757a914f2f_pyramid_tiles_files_16_19_39.pt,0,train
GigaPath_embeddings_LBC_train/0/4b71df3c-6e36-4b86-86cd-403d470980d8_pyramid_tiles_files_16_20_5.pt,0,train
GigaPath_embeddings_LBC_train/0/85f754fe-8760-404b-bedb-6d8ac74ced85_pyramid_tiles_files_16_3_18.pt,0,train
GigaPath_embeddings_LBC_train/0/3d2ea7da-d7a6-4b5a-8c3b-7ff4e99e614f_pyramid_tiles_files_16_0_26.pt,0,train
GigaPath_embeddings_LBC_train/0/4b71df3c-6e36-4b86-86cd-403d470980d8_pyramid_tiles_files_16_14_29.pt,0,train
GigaPath_embeddings_LBC_train/0/85f754fe-8760-404b-bedb-6d8ac74ced85_pyramid_tiles_files_16_19_23.pt,0,train
GigaPath_embeddings_LBC_train/0/cbbb7a3f-b6d5-44d3-9eef-69757a914f2f_pyramid_tiles_files_16_33_13.pt,0,train
GigaPath_embeddings_LBC_train/0/3d2ea7da-d7a6-4b5a-8c3b-7ff4e99e614f_pyramid_tiles_files_16_20_2.pt,0,train
GigaPath_embeddings_LBC_train/0/85f754fe-8760-404b-bedb-6d8ac74ced85_pyramid_tiles_files_16_33_10.pt,0,train
GigaPath_embeddings_LBC_train/0/4b71df3c-6e36-4b86-86cd-403d470980d8_pyramid_tiles_files_16_14_12.pt,0,train
GigaPath_embeddings_LBC_train/0/3d2ea7da-d7a6-4b5a-8c3b-7ff4e99e614f_pyramid_tiles_files_16_22_26.pt,0,train
GigaPath_embeddings_LBC_train/0/2b545ce7-ebd8-4b3b-98fa-2f442d48bc5e_pyramid_tiles_files_16_10_29.pt,0,train
GigaPath_embeddings_LBC_train/0/85f754fe-8760-404b-bedb-6d8ac74ced85_pyramid_tiles_files_16_36_11.pt,0,train
GigaPath_embeddings_LBC_train/0/3d2ea7da-d7a6-4b5a-8c3b-7ff4e99e614f_pyramid_tiles_files_16_17_36.pt,0,train
GigaPath_embeddings_LBC_train/0/4b71df3c-6e36-4b86-86cd-403d470980d8_pyramid_tiles_files_16_24_27.pt,0,train
GigaPath_embeddings_LBC_train/0/4b71df3c-6e36-4b86-86cd-403d470980d8_pyramid_tiles_files_16_20_23.pt,0,train
GigaPath_embeddings_LBC_train/0/3d2ea7da-d7a6-4b5a-8c3b-7ff4e99e614f_pyramid_tiles_files_16_8_24.pt,0,train
GigaPath_embeddings_LBC_train/0/2b545ce7-ebd8-4b3b-98fa-2f442d48bc5e_pyramid_tiles_files_16_14_17.pt,0,train
GigaPath_embeddings_LBC_train/0/3d2ea7da-d7a6-4b5a-8c3b-7ff4e99e614f_pyramid_tiles_files_16_31_10.pt,0,train
GigaPath_embeddings_LBC_train/0/2b545ce7-ebd8-4b3b-98fa-2f442d48bc5e_pyramid_tiles_files_16_22_39.pt,0,train
GigaPath_embeddings_LBC_train/0/3d2ea7da-d7a6-4b5a-8c3b-7ff4e99e614f_pyramid_tiles_files_16_4_25.pt,0,train
GigaPath_embeddings_LBC_train/0/3d2ea7da-d7a6-4b5a-8c3b-7ff4e99e614f_pyramid_tiles_files_16_26_32.pt,0,train
GigaPath_embeddings_LBC_train/0/2b545ce7-ebd8-4b3b-98fa-2f442d48bc5e_pyramid_tiles_files_16_10_25.pt,0,train
GigaPath_embeddings_LBC_train/0/2b545ce7-ebd8-4b3b-98fa-2f442d48bc5e_pyramid_tiles_files_16_12_29.pt,0,train
GigaPath_embeddings_LBC_train/0/2b545ce7-ebd8-4b3b-98fa-2f442d48bc5e_pyramid_tiles_files_16_13_31.pt,0,train
GigaPath_embeddings_LBC_train/0/cbbb7a3f-b6d5-44d3-9eef-69757a914f2f_pyramid_tiles_files_16_34_32.pt,0,train
GigaPath_embeddings_LBC_train/0/2b545ce7-ebd8-4b3b-98fa-2f442d48bc5e_pyramid_tiles_files_16_9_45.pt,0,train
GigaPath_embeddings_LBC_train/0/85f754fe-8760-404b-bedb-6d8ac74ced85_pyramid_tiles_files_16_10_11.pt,0,train
GigaPath_embeddings_LBC_train/0/3d2ea7da-d7a6-4b5a-8c3b-7ff4e99e614f_pyramid_tiles_files_16_9_23.pt,0,train
GigaPath_embeddings_LBC_train/0/cbbb7a3f-b6d5-44d3-9eef-69757a914f2f_pyramid_tiles_files_16_12_22.pt,0,train
GigaPath_embeddings_LBC_train/0/2b545ce7-ebd8-4b3b-98fa-2f442d48bc5e_pyramid_tiles_files_16_7_9.pt,0,train
GigaPath_embeddings_LBC_train/0/4b71df3c-6e36-4b86-86cd-403d470980d8_pyramid_tiles_files_16_13_16.pt,0,train
GigaPath_embeddings_LBC_train/0/4b71df3c-6e36-4b86-86cd-403d470980d8_pyramid_tiles_files_16_7_23.pt,0,train
GigaPath_embeddings_LBC_train/0/2b545ce7-ebd8-4b3b-98fa-2f442d48bc5e_pyramid_tiles_files_16_33_37.pt,0,train
GigaPath_embeddings_LBC_train/0/4b71df3c-6e36-4b86-86cd-403d470980d8_pyramid_tiles_files_16_36_20.pt,0,train
GigaPath_embeddings_LBC_train/0/4b71df3c-6e36-4b86-86cd-403d470980d8_pyramid_tiles_files_16_26_25.pt,0,train
GigaPath_embeddings_LBC_train/0/2b545ce7-ebd8-4b3b-98fa-2f442d48bc5e_pyramid_tiles_files_16_22_25.pt,0,train
GigaPath_embeddings_LBC_train/0/3d2ea7da-d7a6-4b5a-8c3b-7ff4e99e614f_pyramid_tiles_files_16_38_16.pt,0,train
GigaPath_embeddings_LBC_train/0/3d2ea7da-d7a6-4b5a-8c3b-7ff4e99e614f_pyramid_tiles_files_16_22_14.pt,0,train
GigaPath_embeddings_LBC_train/0/cbbb7a3f-b6d5-44d3-9eef-69757a914f2f_pyramid_tiles_files_16_27_34.pt,0,train
GigaPath_embeddings_LBC_train/0/cbbb7a3f-b6d5-44d3-9eef-69757a914f2f_pyramid_tiles_files_16_13_5.pt,0,train
GigaPath_embeddings_LBC_train/0/2b545ce7-ebd8-4b3b-98fa-2f442d48bc5e_pyramid_tiles_files_16_34_31.pt,0,train
GigaPath_embeddings_LBC_train/0/4b71df3c-6e36-4b86-86cd-403d470980d8_pyramid_tiles_files_16_7_20.pt,0,train
GigaPath_embeddings_LBC_train/0/3d2ea7da-d7a6-4b5a-8c3b-7ff4e99e614f_pyramid_tiles_files_16_19_3.pt,0,train
GigaPath_embeddings_LBC_train/0/cbbb7a3f-b6d5-44d3-9eef-69757a914f2f_pyramid_tiles_files_16_12_8.pt,0,train
GigaPath_embeddings_LBC_train/0/4b71df3c-6e36-4b86-86cd-403d470980d8_pyramid_tiles_files_16_8_32.pt,0,train
GigaPath_embeddings_LBC_train/0/85f754fe-8760-404b-bedb-6d8ac74ced85_pyramid_tiles_files_16_32_17.pt,0,train
GigaPath_embeddings_LBC_train/0/2b545ce7-ebd8-4b3b-98fa-2f442d48bc5e_pyramid_tiles_files_16_28_21.pt,0,train
GigaPath_embeddings_LBC_train/0/85f754fe-8760-404b-bedb-6d8ac74ced85_pyramid_tiles_files_16_8_31.pt,0,train
GigaPath_embeddings_LBC_train/0/3d2ea7da-d7a6-4b5a-8c3b-7ff4e99e614f_pyramid_tiles_files_16_20_37.pt,0,train
GigaPath_embeddings_LBC_train/0/2b545ce7-ebd8-4b3b-98fa-2f442d48bc5e_pyramid_tiles_files_16_17_44.pt,0,train
GigaPath_embeddings_LBC_train/0/4b71df3c-6e36-4b86-86cd-403d470980d8_pyramid_tiles_files_16_10_2.pt,0,train
GigaPath_embeddings_LBC_train/0/85f754fe-8760-404b-bedb-6d8ac74ced85_pyramid_tiles_files_16_14_4.pt,0,train
GigaPath_embeddings_LBC_train/0/3d2ea7da-d7a6-4b5a-8c3b-7ff4e99e614f_pyramid_tiles_files_16_8_27.pt,0,train
GigaPath_embeddings_LBC_train/0/85f754fe-8760-404b-bedb-6d8ac74ced85_pyramid_tiles_files_16_32_43.pt,0,train
GigaPath_embeddings_LBC_train/0/2b545ce7-ebd8-4b3b-98fa-2f442d48bc5e_pyramid_tiles_files_16_30_25.pt,0,train
GigaPath_embeddings_LBC_train/0/cbbb7a3f-b6d5-44d3-9eef-69757a914f2f_pyramid_tiles_files_16_21_28.pt,0,train
GigaPath_embeddings_LBC_train/0/cbbb7a3f-b6d5-44d3-9eef-69757a914f2f_pyramid_tiles_files_16_35_18.pt,0,train
GigaPath_embeddings_LBC_train/0/cbbb7a3f-b6d5-44d3-9eef-69757a914f2f_pyramid_tiles_files_16_34_25.pt,0,train
GigaPath_embeddings_LBC_train/0/85f754fe-8760-404b-bedb-6d8ac74ced85_pyramid_tiles_files_16_12_21.pt,0,train
GigaPath_embeddings_LBC_train/0/cbbb7a3f-b6d5-44d3-9eef-69757a914f2f_pyramid_tiles_files_16_33_32.pt,0,train
GigaPath_embeddings_LBC_train/0/cbbb7a3f-b6d5-44d3-9eef-69757a914f2f_pyramid_tiles_files_16_18_23.pt,0,train
GigaPath_embeddings_LBC_train/0/2b545ce7-ebd8-4b3b-98fa-2f442d48bc5e_pyramid_tiles_files_16_24_47.pt,0,train
GigaPath_embeddings_LBC_train/0/85f754fe-8760-404b-bedb-6d8ac74ced85_pyramid_tiles_files_16_10_9.pt,0,train
GigaPath_embeddings_LBC_train/0/4b71df3c-6e36-4b86-86cd-403d470980d8_pyramid_tiles_files_16_28_15.pt,0,train
GigaPath_embeddings_LBC_train/0/4b71df3c-6e36-4b86-86cd-403d470980d8_pyramid_tiles_files_16_41_11.pt,0,train
GigaPath_embeddings_LBC_train/0/4b71df3c-6e36-4b86-86cd-403d470980d8_pyramid_tiles_files_16_10_5.pt,0,train
GigaPath_embeddings_LBC_train/0/2b545ce7-ebd8-4b3b-98fa-2f442d48bc5e_pyramid_tiles_files_16_34_32.pt,0,train
GigaPath_embeddings_LBC_train/0/4b71df3c-6e36-4b86-86cd-403d470980d8_pyramid_tiles_files_16_23_9.pt,0,train
GigaPath_embeddings_LBC_train/0/2b545ce7-ebd8-4b3b-98fa-2f442d48bc5e_pyramid_tiles_files_16_25_12.pt,0,train
GigaPath_embeddings_LBC_train/0/cbbb7a3f-b6d5-44d3-9eef-69757a914f2f_pyramid_tiles_files_16_22_22.pt,0,train
GigaPath_embeddings_LBC_train/0/3d2ea7da-d7a6-4b5a-8c3b-7ff4e99e614f_pyramid_tiles_files_16_16_28.pt,0,train
GigaPath_embeddings_LBC_train/0/cbbb7a3f-b6d5-44d3-9eef-69757a914f2f_pyramid_tiles_files_16_12_25.pt,0,train
GigaPath_embeddings_LBC_train/0/85f754fe-8760-404b-bedb-6d8ac74ced85_pyramid_tiles_files_16_15_27.pt,0,train
GigaPath_embeddings_LBC_train/0/85f754fe-8760-404b-bedb-6d8ac74ced85_pyramid_tiles_files_16_34_10.pt,0,train
GigaPath_embeddings_LBC_train/0/4b71df3c-6e36-4b86-86cd-403d470980d8_pyramid_tiles_files_16_13_33.pt,0,train
GigaPath_embeddings_LBC_train/0/4b71df3c-6e36-4b86-86cd-403d470980d8_pyramid_tiles_files_16_13_19.pt,0,train
GigaPath_embeddings_LBC_train/0/cbbb7a3f-b6d5-44d3-9eef-69757a914f2f_pyramid_tiles_files_16_23_31.pt,0,train
GigaPath_embeddings_LBC_train/0/4b71df3c-6e36-4b86-86cd-403d470980d8_pyramid_tiles_files_16_39_14.pt,0,train
GigaPath_embeddings_LBC_train/0/4b71df3c-6e36-4b86-86cd-403d470980d8_pyramid_tiles_files_16_32_0.pt,0,train
GigaPath_embeddings_LBC_train/0/cbbb7a3f-b6d5-44d3-9eef-69757a914f2f_pyramid_tiles_files_16_35_17.pt,0,train
GigaPath_embeddings_LBC_train/0/4b71df3c-6e36-4b86-86cd-403d470980d8_pyramid_tiles_files_16_29_4.pt,0,train
GigaPath_embeddings_LBC_train/0/3d2ea7da-d7a6-4b5a-8c3b-7ff4e99e614f_pyramid_tiles_files_16_33_14.pt,0,train
GigaPath_embeddings_LBC_train/0/3d2ea7da-d7a6-4b5a-8c3b-7ff4e99e614f_pyramid_tiles_files_16_20_10.pt,0,train
GigaPath_embeddings_LBC_train/0/2b545ce7-ebd8-4b3b-98fa-2f442d48bc5e_pyramid_tiles_files_16_23_40.pt,0,train
GigaPath_embeddings_LBC_train/0/4b71df3c-6e36-4b86-86cd-403d470980d8_pyramid_tiles_files_16_23_20.pt,0,train
GigaPath_embeddings_LBC_train/0/4b71df3c-6e36-4b86-86cd-403d470980d8_pyramid_tiles_files_16_11_0.pt,0,train
GigaPath_embeddings_LBC_train/0/4b71df3c-6e36-4b86-86cd-403d470980d8_pyramid_tiles_files_16_9_21.pt,0,train
GigaPath_embeddings_LBC_train/0/cbbb7a3f-b6d5-44d3-9eef-69757a914f2f_pyramid_tiles_files_16_23_7.pt,0,train
GigaPath_embeddings_LBC_train/0/3d2ea7da-d7a6-4b5a-8c3b-7ff4e99e614f_pyramid_tiles_files_16_15_11.pt,0,train
GigaPath_embeddings_LBC_train/0/85f754fe-8760-404b-bedb-6d8ac74ced85_pyramid_tiles_files_16_33_32.pt,0,train
GigaPath_embeddings_LBC_train/0/cbbb7a3f-b6d5-44d3-9eef-69757a914f2f_pyramid_tiles_files_16_9_14.pt,0,train
GigaPath_embeddings_LBC_train/0/cbbb7a3f-b6d5-44d3-9eef-69757a914f2f_pyramid_tiles_files_16_19_23.pt,0,train
GigaPath_embeddings_LBC_train/0/2b545ce7-ebd8-4b3b-98fa-2f442d48bc5e_pyramid_tiles_files_16_10_37.pt,0,train
GigaPath_embeddings_LBC_train/0/3d2ea7da-d7a6-4b5a-8c3b-7ff4e99e614f_pyramid_tiles_files_16_17_4.pt,0,train
GigaPath_embeddings_LBC_train/0/4b71df3c-6e36-4b86-86cd-403d470980d8_pyramid_tiles_files_16_22_0.pt,0,train
GigaPath_embeddings_LBC_train/0/4b71df3c-6e36-4b86-86cd-403d470980d8_pyramid_tiles_files_16_38_24.pt,0,train
GigaPath_embeddings_LBC_train/0/cbbb7a3f-b6d5-44d3-9eef-69757a914f2f_pyramid_tiles_files_16_30_4.pt,0,train
GigaPath_embeddings_LBC_train/0/4b71df3c-6e36-4b86-86cd-403d470980d8_pyramid_tiles_files_16_32_6.pt,0,train
GigaPath_embeddings_LBC_train/0/cbbb7a3f-b6d5-44d3-9eef-69757a914f2f_pyramid_tiles_files_16_26_3.pt,0,train
GigaPath_embeddings_LBC_train/0/3d2ea7da-d7a6-4b5a-8c3b-7ff4e99e614f_pyramid_tiles_files_16_30_25.pt,0,train
GigaPath_embeddings_LBC_train/0/85f754fe-8760-404b-bedb-6d8ac74ced85_pyramid_tiles_files_16_30_2.pt,0,train
GigaPath_embeddings_LBC_train/0/cbbb7a3f-b6d5-44d3-9eef-69757a914f2f_pyramid_tiles_files_16_21_38.pt,0,train
GigaPath_embeddings_LBC_train/0/cbbb7a3f-b6d5-44d3-9eef-69757a914f2f_pyramid_tiles_files_16_34_23.pt,0,train
GigaPath_embeddings_LBC_train/0/85f754fe-8760-404b-bedb-6d8ac74ced85_pyramid_tiles_files_16_36_10.pt,0,train
GigaPath_embeddings_LBC_train/0/cbbb7a3f-b6d5-44d3-9eef-69757a914f2f_pyramid_tiles_files_16_24_8.pt,0,train
GigaPath_embeddings_LBC_train/0/cbbb7a3f-b6d5-44d3-9eef-69757a914f2f_pyramid_tiles_files_16_37_17.pt,0,train
GigaPath_embeddings_LBC_train/0/3d2ea7da-d7a6-4b5a-8c3b-7ff4e99e614f_pyramid_tiles_files_16_36_14.pt,0,train
GigaPath_embeddings_LBC_train/0/2b545ce7-ebd8-4b3b-98fa-2f442d48bc5e_pyramid_tiles_files_16_19_43.pt,0,train
GigaPath_embeddings_LBC_train/0/3d2ea7da-d7a6-4b5a-8c3b-7ff4e99e614f_pyramid_tiles_files_16_12_5.pt,0,train
GigaPath_embeddings_LBC_train/0/4b71df3c-6e36-4b86-86cd-403d470980d8_pyramid_tiles_files_16_11_33.pt,0,train
GigaPath_embeddings_LBC_train/0/4b71df3c-6e36-4b86-86cd-403d470980d8_pyramid_tiles_files_16_35_24.pt,0,train
GigaPath_embeddings_LBC_train/0/2b545ce7-ebd8-4b3b-98fa-2f442d48bc5e_pyramid_tiles_files_16_11_11.pt,0,train
GigaPath_embeddings_LBC_train/0/cbbb7a3f-b6d5-44d3-9eef-69757a914f2f_pyramid_tiles_files_16_11_22.pt,0,train
GigaPath_embeddings_LBC_train/0/2b545ce7-ebd8-4b3b-98fa-2f442d48bc5e_pyramid_tiles_files_16_11_34.pt,0,train
GigaPath_embeddings_LBC_train/0/cbbb7a3f-b6d5-44d3-9eef-69757a914f2f_pyramid_tiles_files_16_20_32.pt,0,train
GigaPath_embeddings_LBC_train/0/3d2ea7da-d7a6-4b5a-8c3b-7ff4e99e614f_pyramid_tiles_files_16_7_26.pt,0,train
GigaPath_embeddings_LBC_train/0/2b545ce7-ebd8-4b3b-98fa-2f442d48bc5e_pyramid_tiles_files_16_19_34.pt,0,train
GigaPath_embeddings_LBC_train/0/2b545ce7-ebd8-4b3b-98fa-2f442d48bc5e_pyramid_tiles_files_16_6_32.pt,0,train
GigaPath_embeddings_LBC_train/0/cbbb7a3f-b6d5-44d3-9eef-69757a914f2f_pyramid_tiles_files_16_40_16.pt,0,train
GigaPath_embeddings_LBC_train/0/85f754fe-8760-404b-bedb-6d8ac74ced85_pyramid_tiles_files_16_32_19.pt,0,train
GigaPath_embeddings_LBC_train/0/2b545ce7-ebd8-4b3b-98fa-2f442d48bc5e_pyramid_tiles_files_16_33_27.pt,0,train
GigaPath_embeddings_LBC_train/0/4b71df3c-6e36-4b86-86cd-403d470980d8_pyramid_tiles_files_16_7_12.pt,0,train
GigaPath_embeddings_LBC_train/0/3d2ea7da-d7a6-4b5a-8c3b-7ff4e99e614f_pyramid_tiles_files_16_16_24.pt,0,train
GigaPath_embeddings_LBC_train/0/4b71df3c-6e36-4b86-86cd-403d470980d8_pyramid_tiles_files_16_11_28.pt,0,train
GigaPath_embeddings_LBC_train/0/cbbb7a3f-b6d5-44d3-9eef-69757a914f2f_pyramid_tiles_files_16_12_28.pt,0,train
GigaPath_embeddings_LBC_train/0/85f754fe-8760-404b-bedb-6d8ac74ced85_pyramid_tiles_files_16_37_13.pt,0,train
GigaPath_embeddings_LBC_train/0/3d2ea7da-d7a6-4b5a-8c3b-7ff4e99e614f_pyramid_tiles_files_16_32_11.pt,0,train
GigaPath_embeddings_LBC_train/0/cbbb7a3f-b6d5-44d3-9eef-69757a914f2f_pyramid_tiles_files_16_11_10.pt,0,train
GigaPath_embeddings_LBC_train/0/4b71df3c-6e36-4b86-86cd-403d470980d8_pyramid_tiles_files_16_20_7.pt,0,train
GigaPath_embeddings_LBC_train/0/cbbb7a3f-b6d5-44d3-9eef-69757a914f2f_pyramid_tiles_files_16_17_20.pt,0,train
GigaPath_embeddings_LBC_train/0/cbbb7a3f-b6d5-44d3-9eef-69757a914f2f_pyramid_tiles_files_16_24_20.pt,0,train
GigaPath_embeddings_LBC_train/0/cbbb7a3f-b6d5-44d3-9eef-69757a914f2f_pyramid_tiles_files_16_16_25.pt,0,train
GigaPath_embeddings_LBC_train/0/85f754fe-8760-404b-bedb-6d8ac74ced85_pyramid_tiles_files_16_26_1.pt,0,train
GigaPath_embeddings_LBC_train/0/cbbb7a3f-b6d5-44d3-9eef-69757a914f2f_pyramid_tiles_files_16_36_23.pt,0,train
GigaPath_embeddings_LBC_train/0/cbbb7a3f-b6d5-44d3-9eef-69757a914f2f_pyramid_tiles_files_16_8_23.pt,0,train
GigaPath_embeddings_LBC_train/0/85f754fe-8760-404b-bedb-6d8ac74ced85_pyramid_tiles_files_16_32_3.pt,0,train
GigaPath_embeddings_LBC_train/0/cbbb7a3f-b6d5-44d3-9eef-69757a914f2f_pyramid_tiles_files_16_33_8.pt,0,train
GigaPath_embeddings_LBC_train/0/4b71df3c-6e36-4b86-86cd-403d470980d8_pyramid_tiles_files_16_24_8.pt,0,train
GigaPath_embeddings_LBC_train/0/85f754fe-8760-404b-bedb-6d8ac74ced85_pyramid_tiles_files_16_28_12.pt,0,train
GigaPath_embeddings_LBC_train/0/4b71df3c-6e36-4b86-86cd-403d470980d8_pyramid_tiles_files_16_16_34.pt,0,train
GigaPath_embeddings_LBC_train/0/4b71df3c-6e36-4b86-86cd-403d470980d8_pyramid_tiles_files_16_4_27.pt,0,train
GigaPath_embeddings_LBC_train/0/4b71df3c-6e36-4b86-86cd-403d470980d8_pyramid_tiles_files_16_9_22.pt,0,train
GigaPath_embeddings_LBC_train/0/4b71df3c-6e36-4b86-86cd-403d470980d8_pyramid_tiles_files_16_20_26.pt,0,train
GigaPath_embeddings_LBC_train/0/3d2ea7da-d7a6-4b5a-8c3b-7ff4e99e614f_pyramid_tiles_files_16_10_39.pt,0,train
GigaPath_embeddings_LBC_train/0/cbbb7a3f-b6d5-44d3-9eef-69757a914f2f_pyramid_tiles_files_16_1_25.pt,0,train
GigaPath_embeddings_LBC_train/0/3d2ea7da-d7a6-4b5a-8c3b-7ff4e99e614f_pyramid_tiles_files_16_15_31.pt,0,train
GigaPath_embeddings_LBC_train/0/cbbb7a3f-b6d5-44d3-9eef-69757a914f2f_pyramid_tiles_files_16_1_20.pt,0,train
GigaPath_embeddings_LBC_train/0/4b71df3c-6e36-4b86-86cd-403d470980d8_pyramid_tiles_files_16_29_35.pt,0,train
GigaPath_embeddings_LBC_train/0/4b71df3c-6e36-4b86-86cd-403d470980d8_pyramid_tiles_files_16_8_16.pt,0,train
GigaPath_embeddings_LBC_train/0/3d2ea7da-d7a6-4b5a-8c3b-7ff4e99e614f_pyramid_tiles_files_16_16_18.pt,0,train
GigaPath_embeddings_LBC_train/0/3d2ea7da-d7a6-4b5a-8c3b-7ff4e99e614f_pyramid_tiles_files_16_15_37.pt,0,train
GigaPath_embeddings_LBC_train/0/3d2ea7da-d7a6-4b5a-8c3b-7ff4e99e614f_pyramid_tiles_files_16_33_9.pt,0,train
GigaPath_embeddings_LBC_train/0/4b71df3c-6e36-4b86-86cd-403d470980d8_pyramid_tiles_files_16_20_18.pt,0,train
GigaPath_embeddings_LBC_train/0/2b545ce7-ebd8-4b3b-98fa-2f442d48bc5e_pyramid_tiles_files_16_4_17.pt,0,train
GigaPath_embeddings_LBC_train/0/2b545ce7-ebd8-4b3b-98fa-2f442d48bc5e_pyramid_tiles_files_16_20_37.pt,0,train
GigaPath_embeddings_LBC_train/0/3d2ea7da-d7a6-4b5a-8c3b-7ff4e99e614f_pyramid_tiles_files_16_3_24.pt,0,train
GigaPath_embeddings_LBC_train/0/2b545ce7-ebd8-4b3b-98fa-2f442d48bc5e_pyramid_tiles_files_16_11_20.pt,0,train
GigaPath_embeddings_LBC_train/0/85f754fe-8760-404b-bedb-6d8ac74ced85_pyramid_tiles_files_16_20_28.pt,0,train
GigaPath_embeddings_LBC_train/0/3d2ea7da-d7a6-4b5a-8c3b-7ff4e99e614f_pyramid_tiles_files_16_13_11.pt,0,train
GigaPath_embeddings_LBC_train/0/4b71df3c-6e36-4b86-86cd-403d470980d8_pyramid_tiles_files_16_15_15.pt,0,train
GigaPath_embeddings_LBC_train/0/cbbb7a3f-b6d5-44d3-9eef-69757a914f2f_pyramid_tiles_files_16_8_28.pt,0,train
GigaPath_embeddings_LBC_train/0/cbbb7a3f-b6d5-44d3-9eef-69757a914f2f_pyramid_tiles_files_16_0_25.pt,0,train
GigaPath_embeddings_LBC_train/0/3d2ea7da-d7a6-4b5a-8c3b-7ff4e99e614f_pyramid_tiles_files_16_28_27.pt,0,train
GigaPath_embeddings_LBC_train/0/4b71df3c-6e36-4b86-86cd-403d470980d8_pyramid_tiles_files_16_11_22.pt,0,train
GigaPath_embeddings_LBC_train/0/3d2ea7da-d7a6-4b5a-8c3b-7ff4e99e614f_pyramid_tiles_files_16_3_23.pt,0,train
GigaPath_embeddings_LBC_train/0/cbbb7a3f-b6d5-44d3-9eef-69757a914f2f_pyramid_tiles_files_16_23_26.pt,0,train
GigaPath_embeddings_LBC_train/0/cbbb7a3f-b6d5-44d3-9eef-69757a914f2f_pyramid_tiles_files_16_15_18.pt,0,train
GigaPath_embeddings_LBC_train/0/cbbb7a3f-b6d5-44d3-9eef-69757a914f2f_pyramid_tiles_files_16_35_34.pt,0,train
GigaPath_embeddings_LBC_train/0/cbbb7a3f-b6d5-44d3-9eef-69757a914f2f_pyramid_tiles_files_16_39_26.pt,0,train
GigaPath_embeddings_LBC_train/0/3d2ea7da-d7a6-4b5a-8c3b-7ff4e99e614f_pyramid_tiles_files_16_21_28.pt,0,train
GigaPath_embeddings_LBC_train/0/2b545ce7-ebd8-4b3b-98fa-2f442d48bc5e_pyramid_tiles_files_16_19_45.pt,0,train
GigaPath_embeddings_LBC_train/0/3d2ea7da-d7a6-4b5a-8c3b-7ff4e99e614f_pyramid_tiles_files_16_6_31.pt,0,train
GigaPath_embeddings_LBC_train/0/cbbb7a3f-b6d5-44d3-9eef-69757a914f2f_pyramid_tiles_files_16_29_5.pt,0,train
GigaPath_embeddings_LBC_train/0/4b71df3c-6e36-4b86-86cd-403d470980d8_pyramid_tiles_files_16_26_9.pt,0,train
GigaPath_embeddings_LBC_train/0/cbbb7a3f-b6d5-44d3-9eef-69757a914f2f_pyramid_tiles_files_16_11_37.pt,0,train
GigaPath_embeddings_LBC_train/0/3d2ea7da-d7a6-4b5a-8c3b-7ff4e99e614f_pyramid_tiles_files_16_32_25.pt,0,train
GigaPath_embeddings_LBC_train/0/4b71df3c-6e36-4b86-86cd-403d470980d8_pyramid_tiles_files_16_33_6.pt,0,train
GigaPath_embeddings_LBC_train/0/4b71df3c-6e36-4b86-86cd-403d470980d8_pyramid_tiles_files_16_7_10.pt,0,train
GigaPath_embeddings_LBC_train/0/cbbb7a3f-b6d5-44d3-9eef-69757a914f2f_pyramid_tiles_files_16_36_15.pt,0,train
GigaPath_embeddings_LBC_train/0/2b545ce7-ebd8-4b3b-98fa-2f442d48bc5e_pyramid_tiles_files_16_28_18.pt,0,train
GigaPath_embeddings_LBC_train/0/85f754fe-8760-404b-bedb-6d8ac74ced85_pyramid_tiles_files_16_32_20.pt,0,train
GigaPath_embeddings_LBC_train/0/4b71df3c-6e36-4b86-86cd-403d470980d8_pyramid_tiles_files_16_35_20.pt,0,train
GigaPath_embeddings_LBC_train/0/4b71df3c-6e36-4b86-86cd-403d470980d8_pyramid_tiles_files_16_12_14.pt,0,train
GigaPath_embeddings_LBC_train/0/4b71df3c-6e36-4b86-86cd-403d470980d8_pyramid_tiles_files_16_16_30.pt,0,train
GigaPath_embeddings_LBC_train/0/4b71df3c-6e36-4b86-86cd-403d470980d8_pyramid_tiles_files_16_31_3.pt,0,train
GigaPath_embeddings_LBC_train/0/3d2ea7da-d7a6-4b5a-8c3b-7ff4e99e614f_pyramid_tiles_files_16_18_30.pt,0,train
GigaPath_embeddings_LBC_train/0/4b71df3c-6e36-4b86-86cd-403d470980d8_pyramid_tiles_files_16_21_12.pt,0,train
GigaPath_embeddings_LBC_train/0/2b545ce7-ebd8-4b3b-98fa-2f442d48bc5e_pyramid_tiles_files_16_20_27.pt,0,train
GigaPath_embeddings_LBC_train/0/3d2ea7da-d7a6-4b5a-8c3b-7ff4e99e614f_pyramid_tiles_files_16_17_35.pt,0,train
GigaPath_embeddings_LBC_train/0/2b545ce7-ebd8-4b3b-98fa-2f442d48bc5e_pyramid_tiles_files_16_1_22.pt,0,train
GigaPath_embeddings_LBC_train/0/cbbb7a3f-b6d5-44d3-9eef-69757a914f2f_pyramid_tiles_files_16_2_30.pt,0,train
GigaPath_embeddings_LBC_train/0/4b71df3c-6e36-4b86-86cd-403d470980d8_pyramid_tiles_files_16_13_15.pt,0,train
GigaPath_embeddings_LBC_train/0/3d2ea7da-d7a6-4b5a-8c3b-7ff4e99e614f_pyramid_tiles_files_16_23_1.pt,0,train
GigaPath_embeddings_LBC_train/0/3d2ea7da-d7a6-4b5a-8c3b-7ff4e99e614f_pyramid_tiles_files_16_1_16.pt,0,train
GigaPath_embeddings_LBC_train/0/85f754fe-8760-404b-bedb-6d8ac74ced85_pyramid_tiles_files_16_8_14.pt,0,train
GigaPath_embeddings_LBC_train/0/2b545ce7-ebd8-4b3b-98fa-2f442d48bc5e_pyramid_tiles_files_16_11_22.pt,0,train
GigaPath_embeddings_LBC_train/0/4b71df3c-6e36-4b86-86cd-403d470980d8_pyramid_tiles_files_16_15_14.pt,0,train
GigaPath_embeddings_LBC_train/0/4b71df3c-6e36-4b86-86cd-403d470980d8_pyramid_tiles_files_16_14_2.pt,0,train
GigaPath_embeddings_LBC_train/0/4b71df3c-6e36-4b86-86cd-403d470980d8_pyramid_tiles_files_16_12_31.pt,0,train
GigaPath_embeddings_LBC_train/0/3d2ea7da-d7a6-4b5a-8c3b-7ff4e99e614f_pyramid_tiles_files_16_32_32.pt,0,train
GigaPath_embeddings_LBC_train/0/cbbb7a3f-b6d5-44d3-9eef-69757a914f2f_pyramid_tiles_files_16_1_29.pt,0,train
GigaPath_embeddings_LBC_train/0/cbbb7a3f-b6d5-44d3-9eef-69757a914f2f_pyramid_tiles_files_16_23_4.pt,0,train
GigaPath_embeddings_LBC_train/0/2b545ce7-ebd8-4b3b-98fa-2f442d48bc5e_pyramid_tiles_files_16_18_43.pt,0,train
GigaPath_embeddings_LBC_train/0/4b71df3c-6e36-4b86-86cd-403d470980d8_pyramid_tiles_files_16_30_20.pt,0,train
GigaPath_embeddings_LBC_train/0/cbbb7a3f-b6d5-44d3-9eef-69757a914f2f_pyramid_tiles_files_16_39_19.pt,0,train
GigaPath_embeddings_LBC_train/0/cbbb7a3f-b6d5-44d3-9eef-69757a914f2f_pyramid_tiles_files_16_32_12.pt,0,train
GigaPath_embeddings_LBC_train/0/2b545ce7-ebd8-4b3b-98fa-2f442d48bc5e_pyramid_tiles_files_16_4_30.pt,0,train
GigaPath_embeddings_LBC_train/0/cbbb7a3f-b6d5-44d3-9eef-69757a914f2f_pyramid_tiles_files_16_9_22.pt,0,train
GigaPath_embeddings_LBC_train/0/3d2ea7da-d7a6-4b5a-8c3b-7ff4e99e614f_pyramid_tiles_files_16_37_30.pt,0,train
GigaPath_embeddings_LBC_train/0/cbbb7a3f-b6d5-44d3-9eef-69757a914f2f_pyramid_tiles_files_16_39_25.pt,0,train
GigaPath_embeddings_LBC_train/0/2b545ce7-ebd8-4b3b-98fa-2f442d48bc5e_pyramid_tiles_files_16_13_8.pt,0,train
GigaPath_embeddings_LBC_train/0/4b71df3c-6e36-4b86-86cd-403d470980d8_pyramid_tiles_files_16_5_23.pt,0,train
GigaPath_embeddings_LBC_train/0/4b71df3c-6e36-4b86-86cd-403d470980d8_pyramid_tiles_files_16_34_10.pt,0,train
GigaPath_embeddings_LBC_train/0/cbbb7a3f-b6d5-44d3-9eef-69757a914f2f_pyramid_tiles_files_16_11_23.pt,0,train
GigaPath_embeddings_LBC_train/0/cbbb7a3f-b6d5-44d3-9eef-69757a914f2f_pyramid_tiles_files_16_11_28.pt,0,train
GigaPath_embeddings_LBC_train/0/85f754fe-8760-404b-bedb-6d8ac74ced85_pyramid_tiles_files_16_33_20.pt,0,train
GigaPath_embeddings_LBC_train/0/4b71df3c-6e36-4b86-86cd-403d470980d8_pyramid_tiles_files_16_33_30.pt,0,train
GigaPath_embeddings_LBC_train/0/3d2ea7da-d7a6-4b5a-8c3b-7ff4e99e614f_pyramid_tiles_files_16_6_16.pt,0,train
GigaPath_embeddings_LBC_train/0/cbbb7a3f-b6d5-44d3-9eef-69757a914f2f_pyramid_tiles_files_16_16_8.pt,0,train
GigaPath_embeddings_LBC_train/0/cbbb7a3f-b6d5-44d3-9eef-69757a914f2f_pyramid_tiles_files_16_15_15.pt,0,train
GigaPath_embeddings_LBC_train/0/2b545ce7-ebd8-4b3b-98fa-2f442d48bc5e_pyramid_tiles_files_16_28_30.pt,0,train
GigaPath_embeddings_LBC_train/0/85f754fe-8760-404b-bedb-6d8ac74ced85_pyramid_tiles_files_16_37_23.pt,0,train
GigaPath_embeddings_LBC_train/0/2b545ce7-ebd8-4b3b-98fa-2f442d48bc5e_pyramid_tiles_files_16_6_36.pt,0,train
GigaPath_embeddings_LBC_train/0/85f754fe-8760-404b-bedb-6d8ac74ced85_pyramid_tiles_files_16_18_35.pt,0,train
GigaPath_embeddings_LBC_train/0/85f754fe-8760-404b-bedb-6d8ac74ced85_pyramid_tiles_files_16_23_22.pt,0,train
GigaPath_embeddings_LBC_train/0/cbbb7a3f-b6d5-44d3-9eef-69757a914f2f_pyramid_tiles_files_16_34_27.pt,0,train
GigaPath_embeddings_LBC_train/0/85f754fe-8760-404b-bedb-6d8ac74ced85_pyramid_tiles_files_16_30_5.pt,0,train
GigaPath_embeddings_LBC_train/0/4b71df3c-6e36-4b86-86cd-403d470980d8_pyramid_tiles_files_16_34_24.pt,0,train
GigaPath_embeddings_LBC_train/0/cbbb7a3f-b6d5-44d3-9eef-69757a914f2f_pyramid_tiles_files_16_28_37.pt,0,train
GigaPath_embeddings_LBC_train/0/4b71df3c-6e36-4b86-86cd-403d470980d8_pyramid_tiles_files_16_2_10.pt,0,train
GigaPath_embeddings_LBC_train/0/3d2ea7da-d7a6-4b5a-8c3b-7ff4e99e614f_pyramid_tiles_files_16_12_1.pt,0,train
GigaPath_embeddings_LBC_train/0/4b71df3c-6e36-4b86-86cd-403d470980d8_pyramid_tiles_files_16_24_9.pt,0,train
GigaPath_embeddings_LBC_train/0/cbbb7a3f-b6d5-44d3-9eef-69757a914f2f_pyramid_tiles_files_16_21_19.pt,0,train
GigaPath_embeddings_LBC_train/0/cbbb7a3f-b6d5-44d3-9eef-69757a914f2f_pyramid_tiles_files_16_16_31.pt,0,train
GigaPath_embeddings_LBC_train/0/2b545ce7-ebd8-4b3b-98fa-2f442d48bc5e_pyramid_tiles_files_16_35_32.pt,0,train
GigaPath_embeddings_LBC_train/0/2b545ce7-ebd8-4b3b-98fa-2f442d48bc5e_pyramid_tiles_files_16_9_40.pt,0,train
GigaPath_embeddings_LBC_train/0/3d2ea7da-d7a6-4b5a-8c3b-7ff4e99e614f_pyramid_tiles_files_16_24_22.pt,0,train
GigaPath_embeddings_LBC_train/0/3d2ea7da-d7a6-4b5a-8c3b-7ff4e99e614f_pyramid_tiles_files_16_17_40.pt,0,train
GigaPath_embeddings_LBC_train/0/4b71df3c-6e36-4b86-86cd-403d470980d8_pyramid_tiles_files_16_10_30.pt,0,train
GigaPath_embeddings_LBC_train/0/85f754fe-8760-404b-bedb-6d8ac74ced85_pyramid_tiles_files_16_23_10.pt,0,train
GigaPath_embeddings_LBC_train/0/4b71df3c-6e36-4b86-86cd-403d470980d8_pyramid_tiles_files_16_26_15.pt,0,train
GigaPath_embeddings_LBC_train/0/3d2ea7da-d7a6-4b5a-8c3b-7ff4e99e614f_pyramid_tiles_files_16_9_34.pt,0,train
GigaPath_embeddings_LBC_train/0/cbbb7a3f-b6d5-44d3-9eef-69757a914f2f_pyramid_tiles_files_16_19_3.pt,0,train
GigaPath_embeddings_LBC_train/0/4b71df3c-6e36-4b86-86cd-403d470980d8_pyramid_tiles_files_16_32_25.pt,0,train
GigaPath_embeddings_LBC_train/0/3d2ea7da-d7a6-4b5a-8c3b-7ff4e99e614f_pyramid_tiles_files_16_36_27.pt,0,train
GigaPath_embeddings_LBC_train/0/3d2ea7da-d7a6-4b5a-8c3b-7ff4e99e614f_pyramid_tiles_files_16_14_13.pt,0,train
GigaPath_embeddings_LBC_train/0/3d2ea7da-d7a6-4b5a-8c3b-7ff4e99e614f_pyramid_tiles_files_16_22_33.pt,0,train
GigaPath_embeddings_LBC_train/0/85f754fe-8760-404b-bedb-6d8ac74ced85_pyramid_tiles_files_16_18_32.pt,0,train
GigaPath_embeddings_LBC_train/0/cbbb7a3f-b6d5-44d3-9eef-69757a914f2f_pyramid_tiles_files_16_32_33.pt,0,train
GigaPath_embeddings_LBC_train/0/3d2ea7da-d7a6-4b5a-8c3b-7ff4e99e614f_pyramid_tiles_files_16_10_28.pt,0,train
GigaPath_embeddings_LBC_train/0/2b545ce7-ebd8-4b3b-98fa-2f442d48bc5e_pyramid_tiles_files_16_32_43.pt,0,train
GigaPath_embeddings_LBC_train/0/3d2ea7da-d7a6-4b5a-8c3b-7ff4e99e614f_pyramid_tiles_files_16_6_22.pt,0,train
GigaPath_embeddings_LBC_train/0/cbbb7a3f-b6d5-44d3-9eef-69757a914f2f_pyramid_tiles_files_16_37_27.pt,0,train
GigaPath_embeddings_LBC_train/0/cbbb7a3f-b6d5-44d3-9eef-69757a914f2f_pyramid_tiles_files_16_32_19.pt,0,train
GigaPath_embeddings_LBC_train/0/2b545ce7-ebd8-4b3b-98fa-2f442d48bc5e_pyramid_tiles_files_16_3_37.pt,0,train
GigaPath_embeddings_LBC_train/0/cbbb7a3f-b6d5-44d3-9eef-69757a914f2f_pyramid_tiles_files_16_24_35.pt,0,train
GigaPath_embeddings_LBC_train/0/2b545ce7-ebd8-4b3b-98fa-2f442d48bc5e_pyramid_tiles_files_16_12_27.pt,0,train
GigaPath_embeddings_LBC_train/0/3d2ea7da-d7a6-4b5a-8c3b-7ff4e99e614f_pyramid_tiles_files_16_18_9.pt,0,train
GigaPath_embeddings_LBC_train/0/2b545ce7-ebd8-4b3b-98fa-2f442d48bc5e_pyramid_tiles_files_16_23_21.pt,0,train
GigaPath_embeddings_LBC_train/0/3d2ea7da-d7a6-4b5a-8c3b-7ff4e99e614f_pyramid_tiles_files_16_29_6.pt,0,train
GigaPath_embeddings_LBC_train/0/2b545ce7-ebd8-4b3b-98fa-2f442d48bc5e_pyramid_tiles_files_16_8_42.pt,0,train
GigaPath_embeddings_LBC_train/0/cbbb7a3f-b6d5-44d3-9eef-69757a914f2f_pyramid_tiles_files_16_20_12.pt,0,train
GigaPath_embeddings_LBC_train/0/85f754fe-8760-404b-bedb-6d8ac74ced85_pyramid_tiles_files_16_21_4.pt,0,train
GigaPath_embeddings_LBC_train/0/4b71df3c-6e36-4b86-86cd-403d470980d8_pyramid_tiles_files_16_24_19.pt,0,train
GigaPath_embeddings_LBC_train/0/85f754fe-8760-404b-bedb-6d8ac74ced85_pyramid_tiles_files_16_19_26.pt,0,train
GigaPath_embeddings_LBC_train/0/2b545ce7-ebd8-4b3b-98fa-2f442d48bc5e_pyramid_tiles_files_16_13_19.pt,0,train
GigaPath_embeddings_LBC_train/0/4b71df3c-6e36-4b86-86cd-403d470980d8_pyramid_tiles_files_16_20_3.pt,0,train
GigaPath_embeddings_LBC_train/0/cbbb7a3f-b6d5-44d3-9eef-69757a914f2f_pyramid_tiles_files_16_21_16.pt,0,train
GigaPath_embeddings_LBC_train/0/cbbb7a3f-b6d5-44d3-9eef-69757a914f2f_pyramid_tiles_files_16_10_38.pt,0,train
GigaPath_embeddings_LBC_train/0/85f754fe-8760-404b-bedb-6d8ac74ced85_pyramid_tiles_files_16_16_16.pt,0,train
GigaPath_embeddings_LBC_train/0/3d2ea7da-d7a6-4b5a-8c3b-7ff4e99e614f_pyramid_tiles_files_16_30_21.pt,0,train
GigaPath_embeddings_LBC_train/0/3d2ea7da-d7a6-4b5a-8c3b-7ff4e99e614f_pyramid_tiles_files_16_3_11.pt,0,train
GigaPath_embeddings_LBC_train/0/4b71df3c-6e36-4b86-86cd-403d470980d8_pyramid_tiles_files_16_17_29.pt,0,train
GigaPath_embeddings_LBC_train/0/cbbb7a3f-b6d5-44d3-9eef-69757a914f2f_pyramid_tiles_files_16_7_15.pt,0,train
GigaPath_embeddings_LBC_train/0/85f754fe-8760-404b-bedb-6d8ac74ced85_pyramid_tiles_files_16_1_12.pt,0,train
GigaPath_embeddings_LBC_train/0/4b71df3c-6e36-4b86-86cd-403d470980d8_pyramid_tiles_files_16_41_18.pt,0,train
GigaPath_embeddings_LBC_train/0/3d2ea7da-d7a6-4b5a-8c3b-7ff4e99e614f_pyramid_tiles_files_16_8_28.pt,0,train
GigaPath_embeddings_LBC_train/0/2b545ce7-ebd8-4b3b-98fa-2f442d48bc5e_pyramid_tiles_files_16_31_27.pt,0,train
GigaPath_embeddings_LBC_train/0/4b71df3c-6e36-4b86-86cd-403d470980d8_pyramid_tiles_files_16_8_28.pt,0,train
GigaPath_embeddings_LBC_train/0/85f754fe-8760-404b-bedb-6d8ac74ced85_pyramid_tiles_files_16_6_11.pt,0,train
GigaPath_embeddings_LBC_train/0/3d2ea7da-d7a6-4b5a-8c3b-7ff4e99e614f_pyramid_tiles_files_16_9_4.pt,0,train
GigaPath_embeddings_LBC_train/0/cbbb7a3f-b6d5-44d3-9eef-69757a914f2f_pyramid_tiles_files_16_27_28.pt,0,train
GigaPath_embeddings_LBC_train/0/4b71df3c-6e36-4b86-86cd-403d470980d8_pyramid_tiles_files_16_22_15.pt,0,train
GigaPath_embeddings_LBC_train/0/2b545ce7-ebd8-4b3b-98fa-2f442d48bc5e_pyramid_tiles_files_16_34_37.pt,0,train
GigaPath_embeddings_LBC_train/0/85f754fe-8760-404b-bedb-6d8ac74ced85_pyramid_tiles_files_16_12_29.pt,0,train
GigaPath_embeddings_LBC_train/0/3d2ea7da-d7a6-4b5a-8c3b-7ff4e99e614f_pyramid_tiles_files_16_31_11.pt,0,train
GigaPath_embeddings_LBC_train/0/3d2ea7da-d7a6-4b5a-8c3b-7ff4e99e614f_pyramid_tiles_files_16_2_24.pt,0,train
GigaPath_embeddings_LBC_train/0/2b545ce7-ebd8-4b3b-98fa-2f442d48bc5e_pyramid_tiles_files_16_23_11.pt,0,train
GigaPath_embeddings_LBC_train/0/4b71df3c-6e36-4b86-86cd-403d470980d8_pyramid_tiles_files_16_36_9.pt,0,train
GigaPath_embeddings_LBC_train/0/3d2ea7da-d7a6-4b5a-8c3b-7ff4e99e614f_pyramid_tiles_files_16_13_27.pt,0,train
GigaPath_embeddings_LBC_train/0/cbbb7a3f-b6d5-44d3-9eef-69757a914f2f_pyramid_tiles_files_16_17_7.pt,0,train
GigaPath_embeddings_LBC_train/0/cbbb7a3f-b6d5-44d3-9eef-69757a914f2f_pyramid_tiles_files_16_13_11.pt,0,train
GigaPath_embeddings_LBC_train/0/3d2ea7da-d7a6-4b5a-8c3b-7ff4e99e614f_pyramid_tiles_files_16_10_3.pt,0,train
GigaPath_embeddings_LBC_train/0/85f754fe-8760-404b-bedb-6d8ac74ced85_pyramid_tiles_files_16_23_7.pt,0,train
GigaPath_embeddings_LBC_train/0/2b545ce7-ebd8-4b3b-98fa-2f442d48bc5e_pyramid_tiles_files_16_33_40.pt,0,train
GigaPath_embeddings_LBC_train/0/4b71df3c-6e36-4b86-86cd-403d470980d8_pyramid_tiles_files_16_4_16.pt,0,train
GigaPath_embeddings_LBC_train/0/2b545ce7-ebd8-4b3b-98fa-2f442d48bc5e_pyramid_tiles_files_16_17_22.pt,0,train
GigaPath_embeddings_LBC_train/0/4b71df3c-6e36-4b86-86cd-403d470980d8_pyramid_tiles_files_16_12_33.pt,0,train
GigaPath_embeddings_LBC_train/0/4b71df3c-6e36-4b86-86cd-403d470980d8_pyramid_tiles_files_16_31_22.pt,0,train
GigaPath_embeddings_LBC_train/0/85f754fe-8760-404b-bedb-6d8ac74ced85_pyramid_tiles_files_16_10_35.pt,0,train
GigaPath_embeddings_LBC_train/0/2b545ce7-ebd8-4b3b-98fa-2f442d48bc5e_pyramid_tiles_files_16_12_13.pt,0,train
GigaPath_embeddings_LBC_train/0/85f754fe-8760-404b-bedb-6d8ac74ced85_pyramid_tiles_files_16_29_4.pt,0,train
GigaPath_embeddings_LBC_train/0/2b545ce7-ebd8-4b3b-98fa-2f442d48bc5e_pyramid_tiles_files_16_1_30.pt,0,train
GigaPath_embeddings_LBC_train/0/3d2ea7da-d7a6-4b5a-8c3b-7ff4e99e614f_pyramid_tiles_files_16_28_24.pt,0,train
GigaPath_embeddings_LBC_train/0/cbbb7a3f-b6d5-44d3-9eef-69757a914f2f_pyramid_tiles_files_16_24_31.pt,0,train
GigaPath_embeddings_LBC_train/0/4b71df3c-6e36-4b86-86cd-403d470980d8_pyramid_tiles_files_16_14_1.pt,0,train
GigaPath_embeddings_LBC_train/0/85f754fe-8760-404b-bedb-6d8ac74ced85_pyramid_tiles_files_16_29_13.pt,0,train
GigaPath_embeddings_LBC_train/0/4b71df3c-6e36-4b86-86cd-403d470980d8_pyramid_tiles_files_16_9_25.pt,0,train
GigaPath_embeddings_LBC_train/0/cbbb7a3f-b6d5-44d3-9eef-69757a914f2f_pyramid_tiles_files_16_37_24.pt,0,train
GigaPath_embeddings_LBC_train/0/2b545ce7-ebd8-4b3b-98fa-2f442d48bc5e_pyramid_tiles_files_16_24_13.pt,0,train
GigaPath_embeddings_LBC_train/0/cbbb7a3f-b6d5-44d3-9eef-69757a914f2f_pyramid_tiles_files_16_28_26.pt,0,train
GigaPath_embeddings_LBC_train/0/cbbb7a3f-b6d5-44d3-9eef-69757a914f2f_pyramid_tiles_files_16_19_12.pt,0,train
GigaPath_embeddings_LBC_train/0/85f754fe-8760-404b-bedb-6d8ac74ced85_pyramid_tiles_files_16_22_19.pt,0,train
GigaPath_embeddings_LBC_train/0/4b71df3c-6e36-4b86-86cd-403d470980d8_pyramid_tiles_files_16_16_17.pt,0,train
GigaPath_embeddings_LBC_train/0/cbbb7a3f-b6d5-44d3-9eef-69757a914f2f_pyramid_tiles_files_16_36_9.pt,0,train
GigaPath_embeddings_LBC_train/0/2b545ce7-ebd8-4b3b-98fa-2f442d48bc5e_pyramid_tiles_files_16_21_30.pt,0,train
GigaPath_embeddings_LBC_train/0/85f754fe-8760-404b-bedb-6d8ac74ced85_pyramid_tiles_files_16_16_22.pt,0,train
GigaPath_embeddings_LBC_train/0/85f754fe-8760-404b-bedb-6d8ac74ced85_pyramid_tiles_files_16_0_20.pt,0,train
GigaPath_embeddings_LBC_train/0/2b545ce7-ebd8-4b3b-98fa-2f442d48bc5e_pyramid_tiles_files_16_1_26.pt,0,train
GigaPath_embeddings_LBC_train/0/3d2ea7da-d7a6-4b5a-8c3b-7ff4e99e614f_pyramid_tiles_files_16_12_11.pt,0,train
GigaPath_embeddings_LBC_train/0/85f754fe-8760-404b-bedb-6d8ac74ced85_pyramid_tiles_files_16_3_24.pt,0,train
GigaPath_embeddings_LBC_train/0/4b71df3c-6e36-4b86-86cd-403d470980d8_pyramid_tiles_files_16_13_5.pt,0,train
GigaPath_embeddings_LBC_train/0/4b71df3c-6e36-4b86-86cd-403d470980d8_pyramid_tiles_files_16_8_7.pt,0,train
GigaPath_embeddings_LBC_train/0/85f754fe-8760-404b-bedb-6d8ac74ced85_pyramid_tiles_files_16_11_27.pt,0,train
GigaPath_embeddings_LBC_train/0/2b545ce7-ebd8-4b3b-98fa-2f442d48bc5e_pyramid_tiles_files_16_25_8.pt,0,train
GigaPath_embeddings_LBC_train/0/3d2ea7da-d7a6-4b5a-8c3b-7ff4e99e614f_pyramid_tiles_files_16_7_13.pt,0,train
GigaPath_embeddings_LBC_train/0/3d2ea7da-d7a6-4b5a-8c3b-7ff4e99e614f_pyramid_tiles_files_16_5_23.pt,0,train
GigaPath_embeddings_LBC_train/0/cbbb7a3f-b6d5-44d3-9eef-69757a914f2f_pyramid_tiles_files_16_29_27.pt,0,train
GigaPath_embeddings_LBC_train/0/3d2ea7da-d7a6-4b5a-8c3b-7ff4e99e614f_pyramid_tiles_files_16_28_3.pt,0,train
GigaPath_embeddings_LBC_train/0/85f754fe-8760-404b-bedb-6d8ac74ced85_pyramid_tiles_files_16_11_18.pt,0,train
GigaPath_embeddings_LBC_train/0/85f754fe-8760-404b-bedb-6d8ac74ced85_pyramid_tiles_files_16_23_12.pt,0,train
GigaPath_embeddings_LBC_train/0/85f754fe-8760-404b-bedb-6d8ac74ced85_pyramid_tiles_files_16_10_3.pt,0,train
GigaPath_embeddings_LBC_train/0/4b71df3c-6e36-4b86-86cd-403d470980d8_pyramid_tiles_files_16_26_2.pt,0,train
GigaPath_embeddings_LBC_train/0/cbbb7a3f-b6d5-44d3-9eef-69757a914f2f_pyramid_tiles_files_16_26_18.pt,0,train
GigaPath_embeddings_LBC_train/0/cbbb7a3f-b6d5-44d3-9eef-69757a914f2f_pyramid_tiles_files_16_30_13.pt,0,train
GigaPath_embeddings_LBC_train/0/cbbb7a3f-b6d5-44d3-9eef-69757a914f2f_pyramid_tiles_files_16_38_23.pt,0,train
GigaPath_embeddings_LBC_train/0/3d2ea7da-d7a6-4b5a-8c3b-7ff4e99e614f_pyramid_tiles_files_16_17_28.pt,0,train
GigaPath_embeddings_LBC_train/0/cbbb7a3f-b6d5-44d3-9eef-69757a914f2f_pyramid_tiles_files_16_18_19.pt,0,train
GigaPath_embeddings_LBC_train/0/cbbb7a3f-b6d5-44d3-9eef-69757a914f2f_pyramid_tiles_files_16_12_6.pt,0,train
GigaPath_embeddings_LBC_train/0/85f754fe-8760-404b-bedb-6d8ac74ced85_pyramid_tiles_files_16_25_32.pt,0,train
GigaPath_embeddings_LBC_train/0/cbbb7a3f-b6d5-44d3-9eef-69757a914f2f_pyramid_tiles_files_16_2_23.pt,0,train
GigaPath_embeddings_LBC_train/0/2b545ce7-ebd8-4b3b-98fa-2f442d48bc5e_pyramid_tiles_files_16_16_45.pt,0,train
GigaPath_embeddings_LBC_train/0/3d2ea7da-d7a6-4b5a-8c3b-7ff4e99e614f_pyramid_tiles_files_16_19_10.pt,0,train
GigaPath_embeddings_LBC_train/0/4b71df3c-6e36-4b86-86cd-403d470980d8_pyramid_tiles_files_16_37_21.pt,0,train
GigaPath_embeddings_LBC_train/0/4b71df3c-6e36-4b86-86cd-403d470980d8_pyramid_tiles_files_16_28_20.pt,0,train
GigaPath_embeddings_LBC_train/0/4b71df3c-6e36-4b86-86cd-403d470980d8_pyramid_tiles_files_16_5_11.pt,0,train
GigaPath_embeddings_LBC_train/0/4b71df3c-6e36-4b86-86cd-403d470980d8_pyramid_tiles_files_16_15_4.pt,0,train
GigaPath_embeddings_LBC_train/0/4b71df3c-6e36-4b86-86cd-403d470980d8_pyramid_tiles_files_16_13_17.pt,0,train
GigaPath_embeddings_LBC_train/0/2b545ce7-ebd8-4b3b-98fa-2f442d48bc5e_pyramid_tiles_files_16_11_29.pt,0,train
GigaPath_embeddings_LBC_train/0/3d2ea7da-d7a6-4b5a-8c3b-7ff4e99e614f_pyramid_tiles_files_16_10_12.pt,0,train
GigaPath_embeddings_LBC_train/0/85f754fe-8760-404b-bedb-6d8ac74ced85_pyramid_tiles_files_16_26_0.pt,0,train
GigaPath_embeddings_LBC_train/0/cbbb7a3f-b6d5-44d3-9eef-69757a914f2f_pyramid_tiles_files_16_16_1.pt,0,train
GigaPath_embeddings_LBC_train/0/cbbb7a3f-b6d5-44d3-9eef-69757a914f2f_pyramid_tiles_files_16_27_13.pt,0,train
GigaPath_embeddings_LBC_train/0/3d2ea7da-d7a6-4b5a-8c3b-7ff4e99e614f_pyramid_tiles_files_16_29_31.pt,0,train
GigaPath_embeddings_LBC_train/0/cbbb7a3f-b6d5-44d3-9eef-69757a914f2f_pyramid_tiles_files_16_36_16.pt,0,train
GigaPath_embeddings_LBC_train/0/85f754fe-8760-404b-bedb-6d8ac74ced85_pyramid_tiles_files_16_27_9.pt,0,train
GigaPath_embeddings_LBC_train/0/3d2ea7da-d7a6-4b5a-8c3b-7ff4e99e614f_pyramid_tiles_files_16_30_27.pt,0,train
GigaPath_embeddings_LBC_train/0/4b71df3c-6e36-4b86-86cd-403d470980d8_pyramid_tiles_files_16_29_14.pt,0,train
GigaPath_embeddings_LBC_train/0/85f754fe-8760-404b-bedb-6d8ac74ced85_pyramid_tiles_files_16_16_2.pt,0,train
GigaPath_embeddings_LBC_train/0/3d2ea7da-d7a6-4b5a-8c3b-7ff4e99e614f_pyramid_tiles_files_16_18_6.pt,0,train
GigaPath_embeddings_LBC_train/0/cbbb7a3f-b6d5-44d3-9eef-69757a914f2f_pyramid_tiles_files_16_4_24.pt,0,train
GigaPath_embeddings_LBC_train/0/3d2ea7da-d7a6-4b5a-8c3b-7ff4e99e614f_pyramid_tiles_files_16_12_4.pt,0,train
GigaPath_embeddings_LBC_train/0/4b71df3c-6e36-4b86-86cd-403d470980d8_pyramid_tiles_files_16_31_9.pt,0,train
GigaPath_embeddings_LBC_train/0/cbbb7a3f-b6d5-44d3-9eef-69757a914f2f_pyramid_tiles_files_16_21_24.pt,0,train
GigaPath_embeddings_LBC_train/0/85f754fe-8760-404b-bedb-6d8ac74ced85_pyramid_tiles_files_16_19_5.pt,0,train
GigaPath_embeddings_LBC_train/0/85f754fe-8760-404b-bedb-6d8ac74ced85_pyramid_tiles_files_16_1_25.pt,0,train
GigaPath_embeddings_LBC_train/0/4b71df3c-6e36-4b86-86cd-403d470980d8_pyramid_tiles_files_16_11_9.pt,0,train
GigaPath_embeddings_LBC_train/0/cbbb7a3f-b6d5-44d3-9eef-69757a914f2f_pyramid_tiles_files_16_19_27.pt,0,train
GigaPath_embeddings_LBC_train/0/85f754fe-8760-404b-bedb-6d8ac74ced85_pyramid_tiles_files_16_1_16.pt,0,train
GigaPath_embeddings_LBC_train/0/2b545ce7-ebd8-4b3b-98fa-2f442d48bc5e_pyramid_tiles_files_16_33_22.pt,0,train
GigaPath_embeddings_LBC_train/0/3d2ea7da-d7a6-4b5a-8c3b-7ff4e99e614f_pyramid_tiles_files_16_31_34.pt,0,train
GigaPath_embeddings_LBC_train/0/4b71df3c-6e36-4b86-86cd-403d470980d8_pyramid_tiles_files_16_2_13.pt,0,train
GigaPath_embeddings_LBC_train/0/85f754fe-8760-404b-bedb-6d8ac74ced85_pyramid_tiles_files_16_27_25.pt,0,train
GigaPath_embeddings_LBC_train/0/85f754fe-8760-404b-bedb-6d8ac74ced85_pyramid_tiles_files_16_25_31.pt,0,train
GigaPath_embeddings_LBC_train/0/85f754fe-8760-404b-bedb-6d8ac74ced85_pyramid_tiles_files_16_1_14.pt,0,train
GigaPath_embeddings_LBC_train/0/2b545ce7-ebd8-4b3b-98fa-2f442d48bc5e_pyramid_tiles_files_16_25_43.pt,0,train
GigaPath_embeddings_LBC_train/0/85f754fe-8760-404b-bedb-6d8ac74ced85_pyramid_tiles_files_16_21_36.pt,0,train
GigaPath_embeddings_LBC_train/0/85f754fe-8760-404b-bedb-6d8ac74ced85_pyramid_tiles_files_16_23_20.pt,0,train
GigaPath_embeddings_LBC_train/0/4b71df3c-6e36-4b86-86cd-403d470980d8_pyramid_tiles_files_16_12_23.pt,0,train
GigaPath_embeddings_LBC_train/0/cbbb7a3f-b6d5-44d3-9eef-69757a914f2f_pyramid_tiles_files_16_23_1.pt,0,train
GigaPath_embeddings_LBC_train/0/2b545ce7-ebd8-4b3b-98fa-2f442d48bc5e_pyramid_tiles_files_16_26_40.pt,0,train
GigaPath_embeddings_LBC_train/0/2b545ce7-ebd8-4b3b-98fa-2f442d48bc5e_pyramid_tiles_files_16_20_19.pt,0,train
GigaPath_embeddings_LBC_train/0/cbbb7a3f-b6d5-44d3-9eef-69757a914f2f_pyramid_tiles_files_16_8_38.pt,0,train
GigaPath_embeddings_LBC_train/0/85f754fe-8760-404b-bedb-6d8ac74ced85_pyramid_tiles_files_16_20_7.pt,0,train
GigaPath_embeddings_LBC_train/0/3d2ea7da-d7a6-4b5a-8c3b-7ff4e99e614f_pyramid_tiles_files_16_11_39.pt,0,train
GigaPath_embeddings_LBC_train/0/2b545ce7-ebd8-4b3b-98fa-2f442d48bc5e_pyramid_tiles_files_16_7_23.pt,0,train
GigaPath_embeddings_LBC_train/0/3d2ea7da-d7a6-4b5a-8c3b-7ff4e99e614f_pyramid_tiles_files_16_27_5.pt,0,train
GigaPath_embeddings_LBC_train/0/3d2ea7da-d7a6-4b5a-8c3b-7ff4e99e614f_pyramid_tiles_files_16_26_4.pt,0,train
GigaPath_embeddings_LBC_train/0/2b545ce7-ebd8-4b3b-98fa-2f442d48bc5e_pyramid_tiles_files_16_27_30.pt,0,train
GigaPath_embeddings_LBC_train/0/85f754fe-8760-404b-bedb-6d8ac74ced85_pyramid_tiles_files_16_26_21.pt,0,train
GigaPath_embeddings_LBC_train/0/85f754fe-8760-404b-bedb-6d8ac74ced85_pyramid_tiles_files_16_10_27.pt,0,train
GigaPath_embeddings_LBC_train/0/cbbb7a3f-b6d5-44d3-9eef-69757a914f2f_pyramid_tiles_files_16_22_15.pt,0,train
GigaPath_embeddings_LBC_train/0/3d2ea7da-d7a6-4b5a-8c3b-7ff4e99e614f_pyramid_tiles_files_16_14_4.pt,0,train
GigaPath_embeddings_LBC_train/0/3d2ea7da-d7a6-4b5a-8c3b-7ff4e99e614f_pyramid_tiles_files_16_11_4.pt,0,train
GigaPath_embeddings_LBC_train/0/3d2ea7da-d7a6-4b5a-8c3b-7ff4e99e614f_pyramid_tiles_files_16_7_18.pt,0,train
GigaPath_embeddings_LBC_train/0/85f754fe-8760-404b-bedb-6d8ac74ced85_pyramid_tiles_files_16_17_12.pt,0,train
GigaPath_embeddings_LBC_train/0/3d2ea7da-d7a6-4b5a-8c3b-7ff4e99e614f_pyramid_tiles_files_16_16_2.pt,0,train
GigaPath_embeddings_LBC_train/0/2b545ce7-ebd8-4b3b-98fa-2f442d48bc5e_pyramid_tiles_files_16_6_21.pt,0,train
GigaPath_embeddings_LBC_train/0/85f754fe-8760-404b-bedb-6d8ac74ced85_pyramid_tiles_files_16_4_29.pt,0,train
GigaPath_embeddings_LBC_train/0/cbbb7a3f-b6d5-44d3-9eef-69757a914f2f_pyramid_tiles_files_16_17_12.pt,0,train
GigaPath_embeddings_LBC_train/0/4b71df3c-6e36-4b86-86cd-403d470980d8_pyramid_tiles_files_16_37_2.pt,0,train
GigaPath_embeddings_LBC_train/0/4b71df3c-6e36-4b86-86cd-403d470980d8_pyramid_tiles_files_16_10_28.pt,0,train
GigaPath_embeddings_LBC_train/0/3d2ea7da-d7a6-4b5a-8c3b-7ff4e99e614f_pyramid_tiles_files_16_7_33.pt,0,train
GigaPath_embeddings_LBC_train/0/2b545ce7-ebd8-4b3b-98fa-2f442d48bc5e_pyramid_tiles_files_16_22_20.pt,0,train
GigaPath_embeddings_LBC_train/0/2b545ce7-ebd8-4b3b-98fa-2f442d48bc5e_pyramid_tiles_files_16_18_7.pt,0,train
GigaPath_embeddings_LBC_train/0/cbbb7a3f-b6d5-44d3-9eef-69757a914f2f_pyramid_tiles_files_16_12_2.pt,0,train
GigaPath_embeddings_LBC_train/0/3d2ea7da-d7a6-4b5a-8c3b-7ff4e99e614f_pyramid_tiles_files_16_22_34.pt,0,train
GigaPath_embeddings_LBC_train/0/85f754fe-8760-404b-bedb-6d8ac74ced85_pyramid_tiles_files_16_22_0.pt,0,train
GigaPath_embeddings_LBC_train/0/2b545ce7-ebd8-4b3b-98fa-2f442d48bc5e_pyramid_tiles_files_16_18_47.pt,0,train
GigaPath_embeddings_LBC_train/0/4b71df3c-6e36-4b86-86cd-403d470980d8_pyramid_tiles_files_16_14_8.pt,0,train
GigaPath_embeddings_LBC_train/0/4b71df3c-6e36-4b86-86cd-403d470980d8_pyramid_tiles_files_16_4_24.pt,0,train
GigaPath_embeddings_LBC_train/0/4b71df3c-6e36-4b86-86cd-403d470980d8_pyramid_tiles_files_16_8_25.pt,0,train
GigaPath_embeddings_LBC_train/0/3d2ea7da-d7a6-4b5a-8c3b-7ff4e99e614f_pyramid_tiles_files_16_26_25.pt,0,train
GigaPath_embeddings_LBC_train/0/85f754fe-8760-404b-bedb-6d8ac74ced85_pyramid_tiles_files_16_25_9.pt,0,train
GigaPath_embeddings_LBC_train/0/2b545ce7-ebd8-4b3b-98fa-2f442d48bc5e_pyramid_tiles_files_16_2_17.pt,0,train
GigaPath_embeddings_LBC_train/0/cbbb7a3f-b6d5-44d3-9eef-69757a914f2f_pyramid_tiles_files_16_34_16.pt,0,train
GigaPath_embeddings_LBC_train/0/2b545ce7-ebd8-4b3b-98fa-2f442d48bc5e_pyramid_tiles_files_16_29_17.pt,0,train
GigaPath_embeddings_LBC_train/0/3d2ea7da-d7a6-4b5a-8c3b-7ff4e99e614f_pyramid_tiles_files_16_22_27.pt,0,train
GigaPath_embeddings_LBC_train/0/4b71df3c-6e36-4b86-86cd-403d470980d8_pyramid_tiles_files_16_15_24.pt,0,train
GigaPath_embeddings_LBC_train/0/4b71df3c-6e36-4b86-86cd-403d470980d8_pyramid_tiles_files_16_30_35.pt,0,train
GigaPath_embeddings_LBC_train/0/2b545ce7-ebd8-4b3b-98fa-2f442d48bc5e_pyramid_tiles_files_16_18_8.pt,0,train
GigaPath_embeddings_LBC_train/0/cbbb7a3f-b6d5-44d3-9eef-69757a914f2f_pyramid_tiles_files_16_40_26.pt,0,train
GigaPath_embeddings_LBC_train/0/2b545ce7-ebd8-4b3b-98fa-2f442d48bc5e_pyramid_tiles_files_16_19_18.pt,0,train
GigaPath_embeddings_LBC_train/0/cbbb7a3f-b6d5-44d3-9eef-69757a914f2f_pyramid_tiles_files_16_26_24.pt,0,train
GigaPath_embeddings_LBC_train/0/2b545ce7-ebd8-4b3b-98fa-2f442d48bc5e_pyramid_tiles_files_16_30_39.pt,0,train
GigaPath_embeddings_LBC_train/0/4b71df3c-6e36-4b86-86cd-403d470980d8_pyramid_tiles_files_16_4_8.pt,0,train
GigaPath_embeddings_LBC_train/0/4b71df3c-6e36-4b86-86cd-403d470980d8_pyramid_tiles_files_16_10_10.pt,0,train
GigaPath_embeddings_LBC_train/0/85f754fe-8760-404b-bedb-6d8ac74ced85_pyramid_tiles_files_16_17_10.pt,0,train
GigaPath_embeddings_LBC_train/0/2b545ce7-ebd8-4b3b-98fa-2f442d48bc5e_pyramid_tiles_files_16_12_30.pt,0,train
GigaPath_embeddings_LBC_train/0/3d2ea7da-d7a6-4b5a-8c3b-7ff4e99e614f_pyramid_tiles_files_16_28_16.pt,0,train
GigaPath_embeddings_LBC_train/0/85f754fe-8760-404b-bedb-6d8ac74ced85_pyramid_tiles_files_16_17_2.pt,0,train
GigaPath_embeddings_LBC_train/0/cbbb7a3f-b6d5-44d3-9eef-69757a914f2f_pyramid_tiles_files_16_17_40.pt,0,train
GigaPath_embeddings_LBC_train/0/85f754fe-8760-404b-bedb-6d8ac74ced85_pyramid_tiles_files_16_29_5.pt,0,train
GigaPath_embeddings_LBC_train/0/85f754fe-8760-404b-bedb-6d8ac74ced85_pyramid_tiles_files_16_22_22.pt,0,train
GigaPath_embeddings_LBC_train/0/2b545ce7-ebd8-4b3b-98fa-2f442d48bc5e_pyramid_tiles_files_16_31_20.pt,0,train
GigaPath_embeddings_LBC_train/0/2b545ce7-ebd8-4b3b-98fa-2f442d48bc5e_pyramid_tiles_files_16_33_35.pt,0,train
GigaPath_embeddings_LBC_train/0/85f754fe-8760-404b-bedb-6d8ac74ced85_pyramid_tiles_files_16_29_28.pt,0,train
GigaPath_embeddings_LBC_train/0/cbbb7a3f-b6d5-44d3-9eef-69757a914f2f_pyramid_tiles_files_16_28_40.pt,0,train
GigaPath_embeddings_LBC_train/0/2b545ce7-ebd8-4b3b-98fa-2f442d48bc5e_pyramid_tiles_files_16_11_44.pt,0,train
GigaPath_embeddings_LBC_train/0/2b545ce7-ebd8-4b3b-98fa-2f442d48bc5e_pyramid_tiles_files_16_33_39.pt,0,train
GigaPath_embeddings_LBC_train/0/2b545ce7-ebd8-4b3b-98fa-2f442d48bc5e_pyramid_tiles_files_16_27_9.pt,0,train
GigaPath_embeddings_LBC_train/0/4b71df3c-6e36-4b86-86cd-403d470980d8_pyramid_tiles_files_16_24_37.pt,0,train
GigaPath_embeddings_LBC_train/0/3d2ea7da-d7a6-4b5a-8c3b-7ff4e99e614f_pyramid_tiles_files_16_34_29.pt,0,train
GigaPath_embeddings_LBC_train/0/2b545ce7-ebd8-4b3b-98fa-2f442d48bc5e_pyramid_tiles_files_16_2_34.pt,0,train
GigaPath_embeddings_LBC_train/0/3d2ea7da-d7a6-4b5a-8c3b-7ff4e99e614f_pyramid_tiles_files_16_16_31.pt,0,train
GigaPath_embeddings_LBC_train/0/4b71df3c-6e36-4b86-86cd-403d470980d8_pyramid_tiles_files_16_29_28.pt,0,train
GigaPath_embeddings_LBC_train/0/4b71df3c-6e36-4b86-86cd-403d470980d8_pyramid_tiles_files_16_31_34.pt,0,train
GigaPath_embeddings_LBC_train/0/2b545ce7-ebd8-4b3b-98fa-2f442d48bc5e_pyramid_tiles_files_16_5_18.pt,0,train
GigaPath_embeddings_LBC_train/0/2b545ce7-ebd8-4b3b-98fa-2f442d48bc5e_pyramid_tiles_files_16_27_26.pt,0,train
GigaPath_embeddings_LBC_train/0/4b71df3c-6e36-4b86-86cd-403d470980d8_pyramid_tiles_files_16_22_36.pt,0,train
GigaPath_embeddings_LBC_train/0/85f754fe-8760-404b-bedb-6d8ac74ced85_pyramid_tiles_files_16_3_11.pt,0,train
GigaPath_embeddings_LBC_train/0/3d2ea7da-d7a6-4b5a-8c3b-7ff4e99e614f_pyramid_tiles_files_16_16_34.pt,0,train
GigaPath_embeddings_LBC_train/0/2b545ce7-ebd8-4b3b-98fa-2f442d48bc5e_pyramid_tiles_files_16_17_34.pt,0,train
GigaPath_embeddings_LBC_train/0/3d2ea7da-d7a6-4b5a-8c3b-7ff4e99e614f_pyramid_tiles_files_16_26_14.pt,0,train
GigaPath_embeddings_LBC_train/0/4b71df3c-6e36-4b86-86cd-403d470980d8_pyramid_tiles_files_16_38_20.pt,0,train
GigaPath_embeddings_LBC_train/0/cbbb7a3f-b6d5-44d3-9eef-69757a914f2f_pyramid_tiles_files_16_4_22.pt,0,train
GigaPath_embeddings_LBC_train/0/2b545ce7-ebd8-4b3b-98fa-2f442d48bc5e_pyramid_tiles_files_16_20_40.pt,0,train
GigaPath_embeddings_LBC_train/0/2b545ce7-ebd8-4b3b-98fa-2f442d48bc5e_pyramid_tiles_files_16_31_31.pt,0,train
GigaPath_embeddings_LBC_train/0/2b545ce7-ebd8-4b3b-98fa-2f442d48bc5e_pyramid_tiles_files_16_5_31.pt,0,train
GigaPath_embeddings_LBC_train/0/cbbb7a3f-b6d5-44d3-9eef-69757a914f2f_pyramid_tiles_files_16_11_21.pt,0,train
GigaPath_embeddings_LBC_train/0/85f754fe-8760-404b-bedb-6d8ac74ced85_pyramid_tiles_files_16_30_12.pt,0,train
GigaPath_embeddings_LBC_train/0/85f754fe-8760-404b-bedb-6d8ac74ced85_pyramid_tiles_files_16_23_13.pt,0,train
GigaPath_embeddings_LBC_train/0/85f754fe-8760-404b-bedb-6d8ac74ced85_pyramid_tiles_files_16_25_15.pt,0,train
GigaPath_embeddings_LBC_train/0/3d2ea7da-d7a6-4b5a-8c3b-7ff4e99e614f_pyramid_tiles_files_16_37_27.pt,0,train
GigaPath_embeddings_LBC_train/0/cbbb7a3f-b6d5-44d3-9eef-69757a914f2f_pyramid_tiles_files_16_32_30.pt,0,train
GigaPath_embeddings_LBC_train/0/cbbb7a3f-b6d5-44d3-9eef-69757a914f2f_pyramid_tiles_files_16_28_5.pt,0,train
GigaPath_embeddings_LBC_train/0/2b545ce7-ebd8-4b3b-98fa-2f442d48bc5e_pyramid_tiles_files_16_15_36.pt,0,train
GigaPath_embeddings_LBC_train/0/4b71df3c-6e36-4b86-86cd-403d470980d8_pyramid_tiles_files_16_11_2.pt,0,train
GigaPath_embeddings_LBC_train/0/cbbb7a3f-b6d5-44d3-9eef-69757a914f2f_pyramid_tiles_files_16_17_30.pt,0,train
GigaPath_embeddings_LBC_train/0/cbbb7a3f-b6d5-44d3-9eef-69757a914f2f_pyramid_tiles_files_16_23_35.pt,0,train
GigaPath_embeddings_LBC_train/0/3d2ea7da-d7a6-4b5a-8c3b-7ff4e99e614f_pyramid_tiles_files_16_35_21.pt,0,train
GigaPath_embeddings_LBC_train/0/2b545ce7-ebd8-4b3b-98fa-2f442d48bc5e_pyramid_tiles_files_16_7_17.pt,0,train
GigaPath_embeddings_LBC_train/0/4b71df3c-6e36-4b86-86cd-403d470980d8_pyramid_tiles_files_16_25_15.pt,0,train
GigaPath_embeddings_LBC_train/0/3d2ea7da-d7a6-4b5a-8c3b-7ff4e99e614f_pyramid_tiles_files_16_3_17.pt,0,train
GigaPath_embeddings_LBC_train/0/3d2ea7da-d7a6-4b5a-8c3b-7ff4e99e614f_pyramid_tiles_files_16_22_30.pt,0,train
GigaPath_embeddings_LBC_train/0/cbbb7a3f-b6d5-44d3-9eef-69757a914f2f_pyramid_tiles_files_16_35_7.pt,0,train
GigaPath_embeddings_LBC_train/0/4b71df3c-6e36-4b86-86cd-403d470980d8_pyramid_tiles_files_16_16_16.pt,0,train
GigaPath_embeddings_LBC_train/0/cbbb7a3f-b6d5-44d3-9eef-69757a914f2f_pyramid_tiles_files_16_33_12.pt,0,train
GigaPath_embeddings_LBC_train/0/4b71df3c-6e36-4b86-86cd-403d470980d8_pyramid_tiles_files_16_19_4.pt,0,train
GigaPath_embeddings_LBC_train/0/cbbb7a3f-b6d5-44d3-9eef-69757a914f2f_pyramid_tiles_files_16_22_35.pt,0,train
GigaPath_embeddings_LBC_train/0/cbbb7a3f-b6d5-44d3-9eef-69757a914f2f_pyramid_tiles_files_16_15_30.pt,0,train
GigaPath_embeddings_LBC_train/0/3d2ea7da-d7a6-4b5a-8c3b-7ff4e99e614f_pyramid_tiles_files_16_12_20.pt,0,train
GigaPath_embeddings_LBC_train/0/cbbb7a3f-b6d5-44d3-9eef-69757a914f2f_pyramid_tiles_files_16_38_29.pt,0,train
GigaPath_embeddings_LBC_train/0/2b545ce7-ebd8-4b3b-98fa-2f442d48bc5e_pyramid_tiles_files_16_25_41.pt,0,train
GigaPath_embeddings_LBC_train/0/2b545ce7-ebd8-4b3b-98fa-2f442d48bc5e_pyramid_tiles_files_16_33_31.pt,0,train
GigaPath_embeddings_LBC_train/0/3d2ea7da-d7a6-4b5a-8c3b-7ff4e99e614f_pyramid_tiles_files_16_6_7.pt,0,train
GigaPath_embeddings_LBC_train/0/cbbb7a3f-b6d5-44d3-9eef-69757a914f2f_pyramid_tiles_files_16_23_29.pt,0,train
GigaPath_embeddings_LBC_train/0/4b71df3c-6e36-4b86-86cd-403d470980d8_pyramid_tiles_files_16_14_18.pt,0,train
GigaPath_embeddings_LBC_train/0/2b545ce7-ebd8-4b3b-98fa-2f442d48bc5e_pyramid_tiles_files_16_33_36.pt,0,train
GigaPath_embeddings_LBC_train/0/2b545ce7-ebd8-4b3b-98fa-2f442d48bc5e_pyramid_tiles_files_16_29_25.pt,0,train
GigaPath_embeddings_LBC_train/0/4b71df3c-6e36-4b86-86cd-403d470980d8_pyramid_tiles_files_16_2_6.pt,0,train
GigaPath_embeddings_LBC_train/0/3d2ea7da-d7a6-4b5a-8c3b-7ff4e99e614f_pyramid_tiles_files_16_0_16.pt,0,train
GigaPath_embeddings_LBC_train/0/3d2ea7da-d7a6-4b5a-8c3b-7ff4e99e614f_pyramid_tiles_files_16_14_28.pt,0,train
GigaPath_embeddings_LBC_train/0/4b71df3c-6e36-4b86-86cd-403d470980d8_pyramid_tiles_files_16_14_19.pt,0,train
GigaPath_embeddings_LBC_train/0/2b545ce7-ebd8-4b3b-98fa-2f442d48bc5e_pyramid_tiles_files_16_12_40.pt,0,train
GigaPath_embeddings_LBC_train/0/4b71df3c-6e36-4b86-86cd-403d470980d8_pyramid_tiles_files_16_23_31.pt,0,train
GigaPath_embeddings_LBC_train/0/4b71df3c-6e36-4b86-86cd-403d470980d8_pyramid_tiles_files_16_5_15.pt,0,train
GigaPath_embeddings_LBC_train/0/3d2ea7da-d7a6-4b5a-8c3b-7ff4e99e614f_pyramid_tiles_files_16_22_11.pt,0,train
GigaPath_embeddings_LBC_train/0/cbbb7a3f-b6d5-44d3-9eef-69757a914f2f_pyramid_tiles_files_16_35_27.pt,0,train
GigaPath_embeddings_LBC_train/0/4b71df3c-6e36-4b86-86cd-403d470980d8_pyramid_tiles_files_16_38_21.pt,0,train
GigaPath_embeddings_LBC_train/0/cbbb7a3f-b6d5-44d3-9eef-69757a914f2f_pyramid_tiles_files_16_0_16.pt,0,train
GigaPath_embeddings_LBC_train/0/3d2ea7da-d7a6-4b5a-8c3b-7ff4e99e614f_pyramid_tiles_files_16_7_10.pt,0,train
GigaPath_embeddings_LBC_train/0/3d2ea7da-d7a6-4b5a-8c3b-7ff4e99e614f_pyramid_tiles_files_16_0_22.pt,0,train
GigaPath_embeddings_LBC_train/0/cbbb7a3f-b6d5-44d3-9eef-69757a914f2f_pyramid_tiles_files_16_15_19.pt,0,train
GigaPath_embeddings_LBC_train/0/3d2ea7da-d7a6-4b5a-8c3b-7ff4e99e614f_pyramid_tiles_files_16_21_34.pt,0,train
GigaPath_embeddings_LBC_train/0/85f754fe-8760-404b-bedb-6d8ac74ced85_pyramid_tiles_files_16_11_29.pt,0,train
GigaPath_embeddings_LBC_train/0/3d2ea7da-d7a6-4b5a-8c3b-7ff4e99e614f_pyramid_tiles_files_16_12_23.pt,0,train
GigaPath_embeddings_LBC_train/0/4b71df3c-6e36-4b86-86cd-403d470980d8_pyramid_tiles_files_16_39_25.pt,0,train
GigaPath_embeddings_LBC_train/0/4b71df3c-6e36-4b86-86cd-403d470980d8_pyramid_tiles_files_16_12_0.pt,0,train
GigaPath_embeddings_LBC_train/0/cbbb7a3f-b6d5-44d3-9eef-69757a914f2f_pyramid_tiles_files_16_33_24.pt,0,train
GigaPath_embeddings_LBC_train/0/2b545ce7-ebd8-4b3b-98fa-2f442d48bc5e_pyramid_tiles_files_16_6_22.pt,0,train
GigaPath_embeddings_LBC_train/0/2b545ce7-ebd8-4b3b-98fa-2f442d48bc5e_pyramid_tiles_files_16_5_15.pt,0,train
GigaPath_embeddings_LBC_train/0/3d2ea7da-d7a6-4b5a-8c3b-7ff4e99e614f_pyramid_tiles_files_16_36_30.pt,0,train
GigaPath_embeddings_LBC_train/0/85f754fe-8760-404b-bedb-6d8ac74ced85_pyramid_tiles_files_16_18_21.pt,0,train
GigaPath_embeddings_LBC_train/0/3d2ea7da-d7a6-4b5a-8c3b-7ff4e99e614f_pyramid_tiles_files_16_25_38.pt,0,train
GigaPath_embeddings_LBC_train/0/cbbb7a3f-b6d5-44d3-9eef-69757a914f2f_pyramid_tiles_files_16_22_38.pt,0,train
GigaPath_embeddings_LBC_train/0/cbbb7a3f-b6d5-44d3-9eef-69757a914f2f_pyramid_tiles_files_16_18_3.pt,0,train
GigaPath_embeddings_LBC_train/0/85f754fe-8760-404b-bedb-6d8ac74ced85_pyramid_tiles_files_16_5_10.pt,0,train
GigaPath_embeddings_LBC_train/0/85f754fe-8760-404b-bedb-6d8ac74ced85_pyramid_tiles_files_16_29_20.pt,0,train
GigaPath_embeddings_LBC_train/0/85f754fe-8760-404b-bedb-6d8ac74ced85_pyramid_tiles_files_16_36_24.pt,0,train
GigaPath_embeddings_LBC_train/0/85f754fe-8760-404b-bedb-6d8ac74ced85_pyramid_tiles_files_16_21_28.pt,0,train
GigaPath_embeddings_LBC_train/0/3d2ea7da-d7a6-4b5a-8c3b-7ff4e99e614f_pyramid_tiles_files_16_5_15.pt,0,train
GigaPath_embeddings_LBC_train/0/cbbb7a3f-b6d5-44d3-9eef-69757a914f2f_pyramid_tiles_files_16_2_20.pt,0,train
GigaPath_embeddings_LBC_train/0/3d2ea7da-d7a6-4b5a-8c3b-7ff4e99e614f_pyramid_tiles_files_16_11_34.pt,0,train
GigaPath_embeddings_LBC_train/0/2b545ce7-ebd8-4b3b-98fa-2f442d48bc5e_pyramid_tiles_files_16_3_30.pt,0,train
GigaPath_embeddings_LBC_train/0/85f754fe-8760-404b-bedb-6d8ac74ced85_pyramid_tiles_files_16_11_14.pt,0,train
GigaPath_embeddings_LBC_train/0/4b71df3c-6e36-4b86-86cd-403d470980d8_pyramid_tiles_files_16_8_23.pt,0,train
GigaPath_embeddings_LBC_train/0/85f754fe-8760-404b-bedb-6d8ac74ced85_pyramid_tiles_files_16_10_7.pt,0,train
GigaPath_embeddings_LBC_train/0/2b545ce7-ebd8-4b3b-98fa-2f442d48bc5e_pyramid_tiles_files_16_27_44.pt,0,train
GigaPath_embeddings_LBC_train/0/3d2ea7da-d7a6-4b5a-8c3b-7ff4e99e614f_pyramid_tiles_files_16_37_12.pt,0,train
GigaPath_embeddings_LBC_train/0/3d2ea7da-d7a6-4b5a-8c3b-7ff4e99e614f_pyramid_tiles_files_16_4_18.pt,0,train
GigaPath_embeddings_LBC_train/0/3d2ea7da-d7a6-4b5a-8c3b-7ff4e99e614f_pyramid_tiles_files_16_20_26.pt,0,train
GigaPath_embeddings_LBC_train/0/85f754fe-8760-404b-bedb-6d8ac74ced85_pyramid_tiles_files_16_6_29.pt,0,train
GigaPath_embeddings_LBC_train/0/2b545ce7-ebd8-4b3b-98fa-2f442d48bc5e_pyramid_tiles_files_16_13_35.pt,0,train
GigaPath_embeddings_LBC_train/0/85f754fe-8760-404b-bedb-6d8ac74ced85_pyramid_tiles_files_16_30_29.pt,0,train
GigaPath_embeddings_LBC_train/0/cbbb7a3f-b6d5-44d3-9eef-69757a914f2f_pyramid_tiles_files_16_4_35.pt,0,train
GigaPath_embeddings_LBC_train/0/cbbb7a3f-b6d5-44d3-9eef-69757a914f2f_pyramid_tiles_files_16_28_4.pt,0,train
GigaPath_embeddings_LBC_train/0/2b545ce7-ebd8-4b3b-98fa-2f442d48bc5e_pyramid_tiles_files_16_2_21.pt,0,train
GigaPath_embeddings_LBC_train/0/4b71df3c-6e36-4b86-86cd-403d470980d8_pyramid_tiles_files_16_5_18.pt,0,train
GigaPath_embeddings_LBC_train/0/cbbb7a3f-b6d5-44d3-9eef-69757a914f2f_pyramid_tiles_files_16_20_7.pt,0,train
GigaPath_embeddings_LBC_train/0/3d2ea7da-d7a6-4b5a-8c3b-7ff4e99e614f_pyramid_tiles_files_16_19_37.pt,0,train
GigaPath_embeddings_LBC_train/0/cbbb7a3f-b6d5-44d3-9eef-69757a914f2f_pyramid_tiles_files_16_7_12.pt,0,train
GigaPath_embeddings_LBC_train/0/85f754fe-8760-404b-bedb-6d8ac74ced85_pyramid_tiles_files_16_16_7.pt,0,train
GigaPath_embeddings_LBC_train/0/3d2ea7da-d7a6-4b5a-8c3b-7ff4e99e614f_pyramid_tiles_files_16_28_22.pt,0,train
GigaPath_embeddings_LBC_train/0/4b71df3c-6e36-4b86-86cd-403d470980d8_pyramid_tiles_files_16_22_21.pt,0,train
GigaPath_embeddings_LBC_train/0/4b71df3c-6e36-4b86-86cd-403d470980d8_pyramid_tiles_files_16_31_12.pt,0,train
GigaPath_embeddings_LBC_train/0/3d2ea7da-d7a6-4b5a-8c3b-7ff4e99e614f_pyramid_tiles_files_16_12_3.pt,0,train
GigaPath_embeddings_LBC_train/0/4b71df3c-6e36-4b86-86cd-403d470980d8_pyramid_tiles_files_16_33_10.pt,0,train
GigaPath_embeddings_LBC_train/0/2b545ce7-ebd8-4b3b-98fa-2f442d48bc5e_pyramid_tiles_files_16_20_39.pt,0,train
GigaPath_embeddings_LBC_train/0/2b545ce7-ebd8-4b3b-98fa-2f442d48bc5e_pyramid_tiles_files_16_9_35.pt,0,train
GigaPath_embeddings_LBC_train/0/3d2ea7da-d7a6-4b5a-8c3b-7ff4e99e614f_pyramid_tiles_files_16_33_32.pt,0,train
GigaPath_embeddings_LBC_train/0/cbbb7a3f-b6d5-44d3-9eef-69757a914f2f_pyramid_tiles_files_16_30_16.pt,0,train
GigaPath_embeddings_LBC_train/0/4b71df3c-6e36-4b86-86cd-403d470980d8_pyramid_tiles_files_16_11_13.pt,0,train
GigaPath_embeddings_LBC_train/0/4b71df3c-6e36-4b86-86cd-403d470980d8_pyramid_tiles_files_16_23_3.pt,0,train
GigaPath_embeddings_LBC_train/0/85f754fe-8760-404b-bedb-6d8ac74ced85_pyramid_tiles_files_16_21_2.pt,0,train
GigaPath_embeddings_LBC_train/0/85f754fe-8760-404b-bedb-6d8ac74ced85_pyramid_tiles_files_16_19_10.pt,0,train
GigaPath_embeddings_LBC_train/0/3d2ea7da-d7a6-4b5a-8c3b-7ff4e99e614f_pyramid_tiles_files_16_10_19.pt,0,train
GigaPath_embeddings_LBC_train/0/3d2ea7da-d7a6-4b5a-8c3b-7ff4e99e614f_pyramid_tiles_files_16_10_22.pt,0,train
GigaPath_embeddings_LBC_train/0/2b545ce7-ebd8-4b3b-98fa-2f442d48bc5e_pyramid_tiles_files_16_35_37.pt,0,train
GigaPath_embeddings_LBC_train/0/4b71df3c-6e36-4b86-86cd-403d470980d8_pyramid_tiles_files_16_7_29.pt,0,train
GigaPath_embeddings_LBC_train/0/85f754fe-8760-404b-bedb-6d8ac74ced85_pyramid_tiles_files_16_18_27.pt,0,train
GigaPath_embeddings_LBC_train/0/85f754fe-8760-404b-bedb-6d8ac74ced85_pyramid_tiles_files_16_15_18.pt,0,train
GigaPath_embeddings_LBC_train/0/cbbb7a3f-b6d5-44d3-9eef-69757a914f2f_pyramid_tiles_files_16_30_3.pt,0,train
GigaPath_embeddings_LBC_train/0/4b71df3c-6e36-4b86-86cd-403d470980d8_pyramid_tiles_files_16_26_34.pt,0,train
GigaPath_embeddings_LBC_train/0/4b71df3c-6e36-4b86-86cd-403d470980d8_pyramid_tiles_files_16_4_5.pt,0,train
GigaPath_embeddings_LBC_train/0/4b71df3c-6e36-4b86-86cd-403d470980d8_pyramid_tiles_files_16_20_33.pt,0,train
GigaPath_embeddings_LBC_train/0/4b71df3c-6e36-4b86-86cd-403d470980d8_pyramid_tiles_files_16_22_10.pt,0,train
GigaPath_embeddings_LBC_train/0/3d2ea7da-d7a6-4b5a-8c3b-7ff4e99e614f_pyramid_tiles_files_16_13_39.pt,0,train
GigaPath_embeddings_LBC_train/0/85f754fe-8760-404b-bedb-6d8ac74ced85_pyramid_tiles_files_16_26_16.pt,0,train
GigaPath_embeddings_LBC_train/0/85f754fe-8760-404b-bedb-6d8ac74ced85_pyramid_tiles_files_16_38_15.pt,0,train
GigaPath_embeddings_LBC_train/0/85f754fe-8760-404b-bedb-6d8ac74ced85_pyramid_tiles_files_16_7_5.pt,0,train
GigaPath_embeddings_LBC_train/0/3d2ea7da-d7a6-4b5a-8c3b-7ff4e99e614f_pyramid_tiles_files_16_1_27.pt,0,train
GigaPath_embeddings_LBC_train/0/cbbb7a3f-b6d5-44d3-9eef-69757a914f2f_pyramid_tiles_files_16_4_12.pt,0,train
GigaPath_embeddings_LBC_train/0/85f754fe-8760-404b-bedb-6d8ac74ced85_pyramid_tiles_files_16_22_12.pt,0,train
GigaPath_embeddings_LBC_train/0/4b71df3c-6e36-4b86-86cd-403d470980d8_pyramid_tiles_files_16_24_3.pt,0,train
GigaPath_embeddings_LBC_train/0/3d2ea7da-d7a6-4b5a-8c3b-7ff4e99e614f_pyramid_tiles_files_16_1_18.pt,0,train
GigaPath_embeddings_LBC_train/0/85f754fe-8760-404b-bedb-6d8ac74ced85_pyramid_tiles_files_16_5_12.pt,0,train
GigaPath_embeddings_LBC_train/0/85f754fe-8760-404b-bedb-6d8ac74ced85_pyramid_tiles_files_16_14_31.pt,0,train
GigaPath_embeddings_LBC_train/0/4b71df3c-6e36-4b86-86cd-403d470980d8_pyramid_tiles_files_16_4_20.pt,0,train
GigaPath_embeddings_LBC_train/0/4b71df3c-6e36-4b86-86cd-403d470980d8_pyramid_tiles_files_16_38_14.pt,0,train
GigaPath_embeddings_LBC_train/0/2b545ce7-ebd8-4b3b-98fa-2f442d48bc5e_pyramid_tiles_files_16_10_8.pt,0,train
GigaPath_embeddings_LBC_train/0/2b545ce7-ebd8-4b3b-98fa-2f442d48bc5e_pyramid_tiles_files_16_19_47.pt,0,train
GigaPath_embeddings_LBC_train/0/cbbb7a3f-b6d5-44d3-9eef-69757a914f2f_pyramid_tiles_files_16_33_21.pt,0,train
GigaPath_embeddings_LBC_train/0/2b545ce7-ebd8-4b3b-98fa-2f442d48bc5e_pyramid_tiles_files_16_4_16.pt,0,train
GigaPath_embeddings_LBC_train/0/3d2ea7da-d7a6-4b5a-8c3b-7ff4e99e614f_pyramid_tiles_files_16_37_21.pt,0,train
GigaPath_embeddings_LBC_train/0/cbbb7a3f-b6d5-44d3-9eef-69757a914f2f_pyramid_tiles_files_16_25_36.pt,0,train
GigaPath_embeddings_LBC_train/0/4b71df3c-6e36-4b86-86cd-403d470980d8_pyramid_tiles_files_16_23_12.pt,0,train
GigaPath_embeddings_LBC_train/0/3d2ea7da-d7a6-4b5a-8c3b-7ff4e99e614f_pyramid_tiles_files_16_19_11.pt,0,train
GigaPath_embeddings_LBC_train/0/3d2ea7da-d7a6-4b5a-8c3b-7ff4e99e614f_pyramid_tiles_files_16_13_7.pt,0,train
GigaPath_embeddings_LBC_train/0/3d2ea7da-d7a6-4b5a-8c3b-7ff4e99e614f_pyramid_tiles_files_16_16_37.pt,0,train
GigaPath_embeddings_LBC_train/0/3d2ea7da-d7a6-4b5a-8c3b-7ff4e99e614f_pyramid_tiles_files_16_11_35.pt,0,train
GigaPath_embeddings_LBC_train/0/85f754fe-8760-404b-bedb-6d8ac74ced85_pyramid_tiles_files_16_6_17.pt,0,train
GigaPath_embeddings_LBC_train/0/3d2ea7da-d7a6-4b5a-8c3b-7ff4e99e614f_pyramid_tiles_files_16_20_6.pt,0,train
GigaPath_embeddings_LBC_train/0/4b71df3c-6e36-4b86-86cd-403d470980d8_pyramid_tiles_files_16_31_14.pt,0,train
GigaPath_embeddings_LBC_train/0/4b71df3c-6e36-4b86-86cd-403d470980d8_pyramid_tiles_files_16_7_22.pt,0,train
GigaPath_embeddings_LBC_train/0/85f754fe-8760-404b-bedb-6d8ac74ced85_pyramid_tiles_files_16_38_12.pt,0,train
GigaPath_embeddings_LBC_train/0/3d2ea7da-d7a6-4b5a-8c3b-7ff4e99e614f_pyramid_tiles_files_16_33_25.pt,0,train
GigaPath_embeddings_LBC_train/0/4b71df3c-6e36-4b86-86cd-403d470980d8_pyramid_tiles_files_16_36_5.pt,0,train
GigaPath_embeddings_LBC_train/0/85f754fe-8760-404b-bedb-6d8ac74ced85_pyramid_tiles_files_16_6_8.pt,0,train
GigaPath_embeddings_LBC_train/0/cbbb7a3f-b6d5-44d3-9eef-69757a914f2f_pyramid_tiles_files_16_19_41.pt,0,train
GigaPath_embeddings_LBC_train/0/cbbb7a3f-b6d5-44d3-9eef-69757a914f2f_pyramid_tiles_files_16_19_1.pt,0,train
GigaPath_embeddings_LBC_train/0/2b545ce7-ebd8-4b3b-98fa-2f442d48bc5e_pyramid_tiles_files_16_1_23.pt,0,train
GigaPath_embeddings_LBC_train/0/3d2ea7da-d7a6-4b5a-8c3b-7ff4e99e614f_pyramid_tiles_files_16_26_38.pt,0,train
GigaPath_embeddings_LBC_train/0/4b71df3c-6e36-4b86-86cd-403d470980d8_pyramid_tiles_files_16_13_31.pt,0,train
GigaPath_embeddings_LBC_train/0/4b71df3c-6e36-4b86-86cd-403d470980d8_pyramid_tiles_files_16_1_20.pt,0,train
GigaPath_embeddings_LBC_train/0/cbbb7a3f-b6d5-44d3-9eef-69757a914f2f_pyramid_tiles_files_16_31_7.pt,0,train
GigaPath_embeddings_LBC_train/0/cbbb7a3f-b6d5-44d3-9eef-69757a914f2f_pyramid_tiles_files_16_24_28.pt,0,train
GigaPath_embeddings_LBC_train/0/cbbb7a3f-b6d5-44d3-9eef-69757a914f2f_pyramid_tiles_files_16_13_41.pt,0,train
GigaPath_embeddings_LBC_train/0/2b545ce7-ebd8-4b3b-98fa-2f442d48bc5e_pyramid_tiles_files_16_3_21.pt,0,train
GigaPath_embeddings_LBC_train/0/3d2ea7da-d7a6-4b5a-8c3b-7ff4e99e614f_pyramid_tiles_files_16_21_19.pt,0,train
GigaPath_embeddings_LBC_train/0/2b545ce7-ebd8-4b3b-98fa-2f442d48bc5e_pyramid_tiles_files_16_12_8.pt,0,train
GigaPath_embeddings_LBC_train/0/85f754fe-8760-404b-bedb-6d8ac74ced85_pyramid_tiles_files_16_5_31.pt,0,train
GigaPath_embeddings_LBC_train/0/3d2ea7da-d7a6-4b5a-8c3b-7ff4e99e614f_pyramid_tiles_files_16_15_32.pt,0,train
GigaPath_embeddings_LBC_train/0/4b71df3c-6e36-4b86-86cd-403d470980d8_pyramid_tiles_files_16_18_36.pt,0,train
GigaPath_embeddings_LBC_train/0/cbbb7a3f-b6d5-44d3-9eef-69757a914f2f_pyramid_tiles_files_16_35_12.pt,0,train
GigaPath_embeddings_LBC_train/0/85f754fe-8760-404b-bedb-6d8ac74ced85_pyramid_tiles_files_16_1_15.pt,0,train
GigaPath_embeddings_LBC_train/0/85f754fe-8760-404b-bedb-6d8ac74ced85_pyramid_tiles_files_16_20_14.pt,0,train
GigaPath_embeddings_LBC_train/0/4b71df3c-6e36-4b86-86cd-403d470980d8_pyramid_tiles_files_16_4_6.pt,0,train
GigaPath_embeddings_LBC_train/0/2b545ce7-ebd8-4b3b-98fa-2f442d48bc5e_pyramid_tiles_files_16_6_34.pt,0,train
GigaPath_embeddings_LBC_train/0/4b71df3c-6e36-4b86-86cd-403d470980d8_pyramid_tiles_files_16_26_6.pt,0,train
GigaPath_embeddings_LBC_train/0/4b71df3c-6e36-4b86-86cd-403d470980d8_pyramid_tiles_files_16_19_6.pt,0,train
GigaPath_embeddings_LBC_train/0/2b545ce7-ebd8-4b3b-98fa-2f442d48bc5e_pyramid_tiles_files_16_16_22.pt,0,train
GigaPath_embeddings_LBC_train/0/cbbb7a3f-b6d5-44d3-9eef-69757a914f2f_pyramid_tiles_files_16_37_28.pt,0,train
GigaPath_embeddings_LBC_train/0/85f754fe-8760-404b-bedb-6d8ac74ced85_pyramid_tiles_files_16_17_38.pt,0,train
GigaPath_embeddings_LBC_train/0/3d2ea7da-d7a6-4b5a-8c3b-7ff4e99e614f_pyramid_tiles_files_16_2_20.pt,0,train
GigaPath_embeddings_LBC_train/0/85f754fe-8760-404b-bedb-6d8ac74ced85_pyramid_tiles_files_16_8_9.pt,0,train
GigaPath_embeddings_LBC_train/0/3d2ea7da-d7a6-4b5a-8c3b-7ff4e99e614f_pyramid_tiles_files_16_16_9.pt,0,train
GigaPath_embeddings_LBC_train/0/3d2ea7da-d7a6-4b5a-8c3b-7ff4e99e614f_pyramid_tiles_files_16_35_32.pt,0,train
GigaPath_embeddings_LBC_train/0/cbbb7a3f-b6d5-44d3-9eef-69757a914f2f_pyramid_tiles_files_16_16_26.pt,0,train
GigaPath_embeddings_LBC_train/0/4b71df3c-6e36-4b86-86cd-403d470980d8_pyramid_tiles_files_16_12_36.pt,0,train
GigaPath_embeddings_LBC_train/0/2b545ce7-ebd8-4b3b-98fa-2f442d48bc5e_pyramid_tiles_files_16_28_9.pt,0,train
GigaPath_embeddings_LBC_train/0/4b71df3c-6e36-4b86-86cd-403d470980d8_pyramid_tiles_files_16_33_22.pt,0,train
GigaPath_embeddings_LBC_train/0/3d2ea7da-d7a6-4b5a-8c3b-7ff4e99e614f_pyramid_tiles_files_16_34_16.pt,0,train
GigaPath_embeddings_LBC_train/0/85f754fe-8760-404b-bedb-6d8ac74ced85_pyramid_tiles_files_16_35_17.pt,0,train
GigaPath_embeddings_LBC_train/0/cbbb7a3f-b6d5-44d3-9eef-69757a914f2f_pyramid_tiles_files_16_24_36.pt,0,train
GigaPath_embeddings_LBC_train/0/cbbb7a3f-b6d5-44d3-9eef-69757a914f2f_pyramid_tiles_files_16_18_5.pt,0,train
GigaPath_embeddings_LBC_train/0/3d2ea7da-d7a6-4b5a-8c3b-7ff4e99e614f_pyramid_tiles_files_16_28_31.pt,0,train
GigaPath_embeddings_LBC_train/0/4b71df3c-6e36-4b86-86cd-403d470980d8_pyramid_tiles_files_16_17_17.pt,0,train
GigaPath_embeddings_LBC_train/0/cbbb7a3f-b6d5-44d3-9eef-69757a914f2f_pyramid_tiles_files_16_25_10.pt,0,train
GigaPath_embeddings_LBC_train/0/4b71df3c-6e36-4b86-86cd-403d470980d8_pyramid_tiles_files_16_20_9.pt,0,train
GigaPath_embeddings_LBC_train/0/cbbb7a3f-b6d5-44d3-9eef-69757a914f2f_pyramid_tiles_files_16_3_28.pt,0,train
GigaPath_embeddings_LBC_train/0/cbbb7a3f-b6d5-44d3-9eef-69757a914f2f_pyramid_tiles_files_16_2_28.pt,0,train
GigaPath_embeddings_LBC_train/0/2b545ce7-ebd8-4b3b-98fa-2f442d48bc5e_pyramid_tiles_files_16_18_19.pt,0,train
GigaPath_embeddings_LBC_train/0/2b545ce7-ebd8-4b3b-98fa-2f442d48bc5e_pyramid_tiles_files_16_22_18.pt,0,train
GigaPath_embeddings_LBC_train/0/cbbb7a3f-b6d5-44d3-9eef-69757a914f2f_pyramid_tiles_files_16_3_17.pt,0,train
GigaPath_embeddings_LBC_train/0/4b71df3c-6e36-4b86-86cd-403d470980d8_pyramid_tiles_files_16_28_5.pt,0,train
GigaPath_embeddings_LBC_train/0/3d2ea7da-d7a6-4b5a-8c3b-7ff4e99e614f_pyramid_tiles_files_16_26_16.pt,0,train
GigaPath_embeddings_LBC_train/0/4b71df3c-6e36-4b86-86cd-403d470980d8_pyramid_tiles_files_16_13_0.pt,0,train
GigaPath_embeddings_LBC_train/0/3d2ea7da-d7a6-4b5a-8c3b-7ff4e99e614f_pyramid_tiles_files_16_19_13.pt,0,train
GigaPath_embeddings_LBC_train/0/85f754fe-8760-404b-bedb-6d8ac74ced85_pyramid_tiles_files_16_36_15.pt,0,train
GigaPath_embeddings_LBC_train/0/85f754fe-8760-404b-bedb-6d8ac74ced85_pyramid_tiles_files_16_35_9.pt,0,train
GigaPath_embeddings_LBC_train/0/85f754fe-8760-404b-bedb-6d8ac74ced85_pyramid_tiles_files_16_27_0.pt,0,train
GigaPath_embeddings_LBC_train/0/cbbb7a3f-b6d5-44d3-9eef-69757a914f2f_pyramid_tiles_files_16_16_39.pt,0,train
GigaPath_embeddings_LBC_train/0/4b71df3c-6e36-4b86-86cd-403d470980d8_pyramid_tiles_files_16_24_17.pt,0,train
GigaPath_embeddings_LBC_train/0/cbbb7a3f-b6d5-44d3-9eef-69757a914f2f_pyramid_tiles_files_16_35_14.pt,0,train
GigaPath_embeddings_LBC_train/0/4b71df3c-6e36-4b86-86cd-403d470980d8_pyramid_tiles_files_16_27_1.pt,0,train
GigaPath_embeddings_LBC_train/0/2b545ce7-ebd8-4b3b-98fa-2f442d48bc5e_pyramid_tiles_files_16_23_47.pt,0,train
GigaPath_embeddings_LBC_train/0/85f754fe-8760-404b-bedb-6d8ac74ced85_pyramid_tiles_files_16_32_15.pt,0,train
GigaPath_embeddings_LBC_train/0/3d2ea7da-d7a6-4b5a-8c3b-7ff4e99e614f_pyramid_tiles_files_16_9_8.pt,0,train
GigaPath_embeddings_LBC_train/0/2b545ce7-ebd8-4b3b-98fa-2f442d48bc5e_pyramid_tiles_files_16_20_25.pt,0,train
GigaPath_embeddings_LBC_train/0/2b545ce7-ebd8-4b3b-98fa-2f442d48bc5e_pyramid_tiles_files_16_29_11.pt,0,train
GigaPath_embeddings_LBC_train/0/85f754fe-8760-404b-bedb-6d8ac74ced85_pyramid_tiles_files_16_28_32.pt,0,train
GigaPath_embeddings_LBC_train/0/4b71df3c-6e36-4b86-86cd-403d470980d8_pyramid_tiles_files_16_4_23.pt,0,train
GigaPath_embeddings_LBC_train/0/3d2ea7da-d7a6-4b5a-8c3b-7ff4e99e614f_pyramid_tiles_files_16_13_40.pt,0,train
GigaPath_embeddings_LBC_train/0/4b71df3c-6e36-4b86-86cd-403d470980d8_pyramid_tiles_files_16_39_13.pt,0,train
GigaPath_embeddings_LBC_train/0/85f754fe-8760-404b-bedb-6d8ac74ced85_pyramid_tiles_files_16_21_30.pt,0,train
GigaPath_embeddings_LBC_train/0/85f754fe-8760-404b-bedb-6d8ac74ced85_pyramid_tiles_files_16_14_3.pt,0,train
GigaPath_embeddings_LBC_train/0/85f754fe-8760-404b-bedb-6d8ac74ced85_pyramid_tiles_files_16_13_19.pt,0,train
GigaPath_embeddings_LBC_train/0/3d2ea7da-d7a6-4b5a-8c3b-7ff4e99e614f_pyramid_tiles_files_16_12_37.pt,0,train
GigaPath_embeddings_LBC_train/0/4b71df3c-6e36-4b86-86cd-403d470980d8_pyramid_tiles_files_16_6_22.pt,0,train
GigaPath_embeddings_LBC_train/0/3d2ea7da-d7a6-4b5a-8c3b-7ff4e99e614f_pyramid_tiles_files_16_19_19.pt,0,train
GigaPath_embeddings_LBC_train/0/cbbb7a3f-b6d5-44d3-9eef-69757a914f2f_pyramid_tiles_files_16_15_35.pt,0,train
GigaPath_embeddings_LBC_train/0/3d2ea7da-d7a6-4b5a-8c3b-7ff4e99e614f_pyramid_tiles_files_16_37_14.pt,0,train
GigaPath_embeddings_LBC_train/0/cbbb7a3f-b6d5-44d3-9eef-69757a914f2f_pyramid_tiles_files_16_18_40.pt,0,train
GigaPath_embeddings_LBC_train/0/85f754fe-8760-404b-bedb-6d8ac74ced85_pyramid_tiles_files_16_8_12.pt,0,train
GigaPath_embeddings_LBC_train/0/4b71df3c-6e36-4b86-86cd-403d470980d8_pyramid_tiles_files_16_13_30.pt,0,train
GigaPath_embeddings_LBC_train/0/4b71df3c-6e36-4b86-86cd-403d470980d8_pyramid_tiles_files_16_28_34.pt,0,train
GigaPath_embeddings_LBC_train/0/3d2ea7da-d7a6-4b5a-8c3b-7ff4e99e614f_pyramid_tiles_files_16_30_9.pt,0,train
GigaPath_embeddings_LBC_train/0/cbbb7a3f-b6d5-44d3-9eef-69757a914f2f_pyramid_tiles_files_16_4_19.pt,0,train
GigaPath_embeddings_LBC_train/0/4b71df3c-6e36-4b86-86cd-403d470980d8_pyramid_tiles_files_16_23_6.pt,0,train
GigaPath_embeddings_LBC_train/0/3d2ea7da-d7a6-4b5a-8c3b-7ff4e99e614f_pyramid_tiles_files_16_2_13.pt,0,train
GigaPath_embeddings_LBC_train/0/85f754fe-8760-404b-bedb-6d8ac74ced85_pyramid_tiles_files_16_10_34.pt,0,train
GigaPath_embeddings_LBC_train/0/cbbb7a3f-b6d5-44d3-9eef-69757a914f2f_pyramid_tiles_files_16_28_31.pt,0,train
GigaPath_embeddings_LBC_train/0/85f754fe-8760-404b-bedb-6d8ac74ced85_pyramid_tiles_files_16_24_7.pt,0,train
GigaPath_embeddings_LBC_train/0/3d2ea7da-d7a6-4b5a-8c3b-7ff4e99e614f_pyramid_tiles_files_16_1_25.pt,0,train
GigaPath_embeddings_LBC_train/0/4b71df3c-6e36-4b86-86cd-403d470980d8_pyramid_tiles_files_16_28_18.pt,0,train
GigaPath_embeddings_LBC_train/0/85f754fe-8760-404b-bedb-6d8ac74ced85_pyramid_tiles_files_16_16_28.pt,0,train
GigaPath_embeddings_LBC_train/0/cbbb7a3f-b6d5-44d3-9eef-69757a914f2f_pyramid_tiles_files_16_11_13.pt,0,train
GigaPath_embeddings_LBC_train/0/cbbb7a3f-b6d5-44d3-9eef-69757a914f2f_pyramid_tiles_files_16_28_28.pt,0,train
GigaPath_embeddings_LBC_train/0/3d2ea7da-d7a6-4b5a-8c3b-7ff4e99e614f_pyramid_tiles_files_16_3_26.pt,0,train
GigaPath_embeddings_LBC_train/0/4b71df3c-6e36-4b86-86cd-403d470980d8_pyramid_tiles_files_16_40_16.pt,0,train
GigaPath_embeddings_LBC_train/0/2b545ce7-ebd8-4b3b-98fa-2f442d48bc5e_pyramid_tiles_files_16_1_24.pt,0,train
GigaPath_embeddings_LBC_train/0/4b71df3c-6e36-4b86-86cd-403d470980d8_pyramid_tiles_files_16_13_20.pt,0,train
GigaPath_embeddings_LBC_train/0/4b71df3c-6e36-4b86-86cd-403d470980d8_pyramid_tiles_files_16_29_19.pt,0,train
GigaPath_embeddings_LBC_train/0/85f754fe-8760-404b-bedb-6d8ac74ced85_pyramid_tiles_files_16_24_12.pt,0,train
GigaPath_embeddings_LBC_train/0/cbbb7a3f-b6d5-44d3-9eef-69757a914f2f_pyramid_tiles_files_16_30_18.pt,0,train
GigaPath_embeddings_LBC_train/0/cbbb7a3f-b6d5-44d3-9eef-69757a914f2f_pyramid_tiles_files_16_28_25.pt,0,train
GigaPath_embeddings_LBC_train/0/85f754fe-8760-404b-bedb-6d8ac74ced85_pyramid_tiles_files_16_31_30.pt,0,train
GigaPath_embeddings_LBC_train/0/cbbb7a3f-b6d5-44d3-9eef-69757a914f2f_pyramid_tiles_files_16_12_37.pt,0,train
GigaPath_embeddings_LBC_train/0/cbbb7a3f-b6d5-44d3-9eef-69757a914f2f_pyramid_tiles_files_16_16_11.pt,0,train
GigaPath_embeddings_LBC_train/0/85f754fe-8760-404b-bedb-6d8ac74ced85_pyramid_tiles_files_16_7_6.pt,0,train
GigaPath_embeddings_LBC_train/0/2b545ce7-ebd8-4b3b-98fa-2f442d48bc5e_pyramid_tiles_files_16_22_17.pt,0,train
GigaPath_embeddings_LBC_train/0/cbbb7a3f-b6d5-44d3-9eef-69757a914f2f_pyramid_tiles_files_16_15_8.pt,0,train
GigaPath_embeddings_LBC_train/0/2b545ce7-ebd8-4b3b-98fa-2f442d48bc5e_pyramid_tiles_files_16_11_24.pt,0,train
GigaPath_embeddings_LBC_train/0/2b545ce7-ebd8-4b3b-98fa-2f442d48bc5e_pyramid_tiles_files_16_29_14.pt,0,train
GigaPath_embeddings_LBC_train/0/3d2ea7da-d7a6-4b5a-8c3b-7ff4e99e614f_pyramid_tiles_files_16_4_24.pt,0,train
GigaPath_embeddings_LBC_train/0/4b71df3c-6e36-4b86-86cd-403d470980d8_pyramid_tiles_files_16_31_7.pt,0,train
GigaPath_embeddings_LBC_train/0/3d2ea7da-d7a6-4b5a-8c3b-7ff4e99e614f_pyramid_tiles_files_16_33_23.pt,0,train
GigaPath_embeddings_LBC_train/0/85f754fe-8760-404b-bedb-6d8ac74ced85_pyramid_tiles_files_16_6_6.pt,0,train
GigaPath_embeddings_LBC_train/0/2b545ce7-ebd8-4b3b-98fa-2f442d48bc5e_pyramid_tiles_files_16_25_29.pt,0,train
GigaPath_embeddings_LBC_train/0/4b71df3c-6e36-4b86-86cd-403d470980d8_pyramid_tiles_files_16_34_30.pt,0,train
GigaPath_embeddings_LBC_train/0/85f754fe-8760-404b-bedb-6d8ac74ced85_pyramid_tiles_files_16_6_18.pt,0,train
GigaPath_embeddings_LBC_train/0/cbbb7a3f-b6d5-44d3-9eef-69757a914f2f_pyramid_tiles_files_16_28_18.pt,0,train
GigaPath_embeddings_LBC_train/0/3d2ea7da-d7a6-4b5a-8c3b-7ff4e99e614f_pyramid_tiles_files_16_14_20.pt,0,train
GigaPath_embeddings_LBC_train/0/3d2ea7da-d7a6-4b5a-8c3b-7ff4e99e614f_pyramid_tiles_files_16_6_36.pt,0,train
GigaPath_embeddings_LBC_train/0/85f754fe-8760-404b-bedb-6d8ac74ced85_pyramid_tiles_files_16_20_9.pt,0,train
GigaPath_embeddings_LBC_train/0/85f754fe-8760-404b-bedb-6d8ac74ced85_pyramid_tiles_files_16_22_27.pt,0,train
GigaPath_embeddings_LBC_train/0/2b545ce7-ebd8-4b3b-98fa-2f442d48bc5e_pyramid_tiles_files_16_13_13.pt,0,train
GigaPath_embeddings_LBC_train/0/85f754fe-8760-404b-bedb-6d8ac74ced85_pyramid_tiles_files_16_8_20.pt,0,train
GigaPath_embeddings_LBC_train/0/3d2ea7da-d7a6-4b5a-8c3b-7ff4e99e614f_pyramid_tiles_files_16_17_41.pt,0,train
GigaPath_embeddings_LBC_train/0/2b545ce7-ebd8-4b3b-98fa-2f442d48bc5e_pyramid_tiles_files_16_4_36.pt,0,train
GigaPath_embeddings_LBC_train/0/cbbb7a3f-b6d5-44d3-9eef-69757a914f2f_pyramid_tiles_files_16_36_31.pt,0,train
GigaPath_embeddings_LBC_train/0/2b545ce7-ebd8-4b3b-98fa-2f442d48bc5e_pyramid_tiles_files_16_4_29.pt,0,train
GigaPath_embeddings_LBC_train/0/cbbb7a3f-b6d5-44d3-9eef-69757a914f2f_pyramid_tiles_files_16_19_13.pt,0,train
GigaPath_embeddings_LBC_train/0/cbbb7a3f-b6d5-44d3-9eef-69757a914f2f_pyramid_tiles_files_16_27_37.pt,0,train
GigaPath_embeddings_LBC_train/0/3d2ea7da-d7a6-4b5a-8c3b-7ff4e99e614f_pyramid_tiles_files_16_18_14.pt,0,train
GigaPath_embeddings_LBC_train/0/2b545ce7-ebd8-4b3b-98fa-2f442d48bc5e_pyramid_tiles_files_16_13_12.pt,0,train
GigaPath_embeddings_LBC_train/0/2b545ce7-ebd8-4b3b-98fa-2f442d48bc5e_pyramid_tiles_files_16_30_23.pt,0,train
GigaPath_embeddings_LBC_train/0/3d2ea7da-d7a6-4b5a-8c3b-7ff4e99e614f_pyramid_tiles_files_16_1_19.pt,0,train
GigaPath_embeddings_LBC_train/0/4b71df3c-6e36-4b86-86cd-403d470980d8_pyramid_tiles_files_16_31_23.pt,0,train
GigaPath_embeddings_LBC_train/0/cbbb7a3f-b6d5-44d3-9eef-69757a914f2f_pyramid_tiles_files_16_13_4.pt,0,train
GigaPath_embeddings_LBC_train/0/85f754fe-8760-404b-bedb-6d8ac74ced85_pyramid_tiles_files_16_13_34.pt,0,train
GigaPath_embeddings_LBC_train/0/4b71df3c-6e36-4b86-86cd-403d470980d8_pyramid_tiles_files_16_4_7.pt,0,train
GigaPath_embeddings_LBC_train/0/cbbb7a3f-b6d5-44d3-9eef-69757a914f2f_pyramid_tiles_files_16_31_4.pt,0,train
GigaPath_embeddings_LBC_train/0/3d2ea7da-d7a6-4b5a-8c3b-7ff4e99e614f_pyramid_tiles_files_16_33_8.pt,0,train
GigaPath_embeddings_LBC_train/0/4b71df3c-6e36-4b86-86cd-403d470980d8_pyramid_tiles_files_16_13_14.pt,0,train
GigaPath_embeddings_LBC_train/0/85f754fe-8760-404b-bedb-6d8ac74ced85_pyramid_tiles_files_16_23_9.pt,0,train
GigaPath_embeddings_LBC_train/0/4b71df3c-6e36-4b86-86cd-403d470980d8_pyramid_tiles_files_16_12_32.pt,0,train
GigaPath_embeddings_LBC_train/0/2b545ce7-ebd8-4b3b-98fa-2f442d48bc5e_pyramid_tiles_files_16_26_43.pt,0,train
GigaPath_embeddings_LBC_train/0/cbbb7a3f-b6d5-44d3-9eef-69757a914f2f_pyramid_tiles_files_16_15_13.pt,0,train
GigaPath_embeddings_LBC_train/0/4b71df3c-6e36-4b86-86cd-403d470980d8_pyramid_tiles_files_16_9_6.pt,0,train
GigaPath_embeddings_LBC_train/0/2b545ce7-ebd8-4b3b-98fa-2f442d48bc5e_pyramid_tiles_files_16_30_44.pt,0,train
GigaPath_embeddings_LBC_train/0/cbbb7a3f-b6d5-44d3-9eef-69757a914f2f_pyramid_tiles_files_16_26_23.pt,0,train
GigaPath_embeddings_LBC_train/0/3d2ea7da-d7a6-4b5a-8c3b-7ff4e99e614f_pyramid_tiles_files_16_19_28.pt,0,train
GigaPath_embeddings_LBC_train/0/cbbb7a3f-b6d5-44d3-9eef-69757a914f2f_pyramid_tiles_files_16_6_11.pt,0,train
GigaPath_embeddings_LBC_train/0/cbbb7a3f-b6d5-44d3-9eef-69757a914f2f_pyramid_tiles_files_16_16_6.pt,0,train
GigaPath_embeddings_LBC_train/0/85f754fe-8760-404b-bedb-6d8ac74ced85_pyramid_tiles_files_16_31_17.pt,0,train
GigaPath_embeddings_LBC_train/0/4b71df3c-6e36-4b86-86cd-403d470980d8_pyramid_tiles_files_16_23_28.pt,0,train
GigaPath_embeddings_LBC_train/0/3d2ea7da-d7a6-4b5a-8c3b-7ff4e99e614f_pyramid_tiles_files_16_28_8.pt,0,train
GigaPath_embeddings_LBC_train/0/4b71df3c-6e36-4b86-86cd-403d470980d8_pyramid_tiles_files_16_20_19.pt,0,train
GigaPath_embeddings_LBC_train/0/4b71df3c-6e36-4b86-86cd-403d470980d8_pyramid_tiles_files_16_14_26.pt,0,train
GigaPath_embeddings_LBC_train/0/cbbb7a3f-b6d5-44d3-9eef-69757a914f2f_pyramid_tiles_files_16_11_31.pt,0,train
GigaPath_embeddings_LBC_train/0/2b545ce7-ebd8-4b3b-98fa-2f442d48bc5e_pyramid_tiles_files_16_35_29.pt,0,train
GigaPath_embeddings_LBC_train/0/85f754fe-8760-404b-bedb-6d8ac74ced85_pyramid_tiles_files_16_15_24.pt,0,train
GigaPath_embeddings_LBC_train/0/cbbb7a3f-b6d5-44d3-9eef-69757a914f2f_pyramid_tiles_files_16_7_13.pt,0,train
GigaPath_embeddings_LBC_train/0/3d2ea7da-d7a6-4b5a-8c3b-7ff4e99e614f_pyramid_tiles_files_16_24_18.pt,0,train
GigaPath_embeddings_LBC_train/0/3d2ea7da-d7a6-4b5a-8c3b-7ff4e99e614f_pyramid_tiles_files_16_10_5.pt,0,train
GigaPath_embeddings_LBC_train/0/3d2ea7da-d7a6-4b5a-8c3b-7ff4e99e614f_pyramid_tiles_files_16_34_22.pt,0,train
GigaPath_embeddings_LBC_train/0/4b71df3c-6e36-4b86-86cd-403d470980d8_pyramid_tiles_files_16_30_23.pt,0,train
GigaPath_embeddings_LBC_train/0/2b545ce7-ebd8-4b3b-98fa-2f442d48bc5e_pyramid_tiles_files_16_17_31.pt,0,train
GigaPath_embeddings_LBC_train/0/4b71df3c-6e36-4b86-86cd-403d470980d8_pyramid_tiles_files_16_19_16.pt,0,train
GigaPath_embeddings_LBC_train/0/4b71df3c-6e36-4b86-86cd-403d470980d8_pyramid_tiles_files_16_4_21.pt,0,train
GigaPath_embeddings_LBC_train/0/3d2ea7da-d7a6-4b5a-8c3b-7ff4e99e614f_pyramid_tiles_files_16_27_13.pt,0,train
GigaPath_embeddings_LBC_train/0/2b545ce7-ebd8-4b3b-98fa-2f442d48bc5e_pyramid_tiles_files_16_6_29.pt,0,train
GigaPath_embeddings_LBC_train/0/2b545ce7-ebd8-4b3b-98fa-2f442d48bc5e_pyramid_tiles_files_16_31_24.pt,0,train
GigaPath_embeddings_LBC_train/0/cbbb7a3f-b6d5-44d3-9eef-69757a914f2f_pyramid_tiles_files_16_29_32.pt,0,train
GigaPath_embeddings_LBC_train/0/3d2ea7da-d7a6-4b5a-8c3b-7ff4e99e614f_pyramid_tiles_files_16_23_27.pt,0,train
GigaPath_embeddings_LBC_train/0/4b71df3c-6e36-4b86-86cd-403d470980d8_pyramid_tiles_files_16_29_32.pt,0,train
GigaPath_embeddings_LBC_train/0/cbbb7a3f-b6d5-44d3-9eef-69757a914f2f_pyramid_tiles_files_16_25_4.pt,0,train
GigaPath_embeddings_LBC_train/0/3d2ea7da-d7a6-4b5a-8c3b-7ff4e99e614f_pyramid_tiles_files_16_27_18.pt,0,train
GigaPath_embeddings_LBC_train/0/4b71df3c-6e36-4b86-86cd-403d470980d8_pyramid_tiles_files_16_22_5.pt,0,train
GigaPath_embeddings_LBC_train/0/cbbb7a3f-b6d5-44d3-9eef-69757a914f2f_pyramid_tiles_files_16_10_18.pt,0,train
GigaPath_embeddings_LBC_train/0/85f754fe-8760-404b-bedb-6d8ac74ced85_pyramid_tiles_files_16_25_28.pt,0,train
GigaPath_embeddings_LBC_train/0/2b545ce7-ebd8-4b3b-98fa-2f442d48bc5e_pyramid_tiles_files_16_9_30.pt,0,train
GigaPath_embeddings_LBC_train/0/3d2ea7da-d7a6-4b5a-8c3b-7ff4e99e614f_pyramid_tiles_files_16_24_8.pt,0,train
GigaPath_embeddings_LBC_train/0/85f754fe-8760-404b-bedb-6d8ac74ced85_pyramid_tiles_files_16_0_19.pt,0,train
GigaPath_embeddings_LBC_train/0/cbbb7a3f-b6d5-44d3-9eef-69757a914f2f_pyramid_tiles_files_16_37_25.pt,0,train
GigaPath_embeddings_LBC_train/0/85f754fe-8760-404b-bedb-6d8ac74ced85_pyramid_tiles_files_16_4_14.pt,0,train
GigaPath_embeddings_LBC_train/0/4b71df3c-6e36-4b86-86cd-403d470980d8_pyramid_tiles_files_16_11_17.pt,0,train
GigaPath_embeddings_LBC_train/0/2b545ce7-ebd8-4b3b-98fa-2f442d48bc5e_pyramid_tiles_files_16_29_31.pt,0,train
GigaPath_embeddings_LBC_train/0/85f754fe-8760-404b-bedb-6d8ac74ced85_pyramid_tiles_files_16_19_33.pt,0,train
GigaPath_embeddings_LBC_train/0/3d2ea7da-d7a6-4b5a-8c3b-7ff4e99e614f_pyramid_tiles_files_16_14_36.pt,0,train
GigaPath_embeddings_LBC_train/0/cbbb7a3f-b6d5-44d3-9eef-69757a914f2f_pyramid_tiles_files_16_38_19.pt,0,train
GigaPath_embeddings_LBC_train/0/3d2ea7da-d7a6-4b5a-8c3b-7ff4e99e614f_pyramid_tiles_files_16_20_8.pt,0,train
GigaPath_embeddings_LBC_train/0/4b71df3c-6e36-4b86-86cd-403d470980d8_pyramid_tiles_files_16_27_16.pt,0,train
GigaPath_embeddings_LBC_train/0/85f754fe-8760-404b-bedb-6d8ac74ced85_pyramid_tiles_files_16_7_22.pt,0,train
GigaPath_embeddings_LBC_train/0/85f754fe-8760-404b-bedb-6d8ac74ced85_pyramid_tiles_files_16_26_30.pt,0,train
GigaPath_embeddings_LBC_train/0/4b71df3c-6e36-4b86-86cd-403d470980d8_pyramid_tiles_files_16_38_16.pt,0,train
GigaPath_embeddings_LBC_train/0/2b545ce7-ebd8-4b3b-98fa-2f442d48bc5e_pyramid_tiles_files_16_14_9.pt,0,train
GigaPath_embeddings_LBC_train/0/2b545ce7-ebd8-4b3b-98fa-2f442d48bc5e_pyramid_tiles_files_16_20_45.pt,0,train
GigaPath_embeddings_LBC_train/0/3d2ea7da-d7a6-4b5a-8c3b-7ff4e99e614f_pyramid_tiles_files_16_18_35.pt,0,train
GigaPath_embeddings_LBC_train/0/2b545ce7-ebd8-4b3b-98fa-2f442d48bc5e_pyramid_tiles_files_16_10_31.pt,0,train
GigaPath_embeddings_LBC_train/0/cbbb7a3f-b6d5-44d3-9eef-69757a914f2f_pyramid_tiles_files_16_29_8.pt,0,train
GigaPath_embeddings_LBC_train/0/3d2ea7da-d7a6-4b5a-8c3b-7ff4e99e614f_pyramid_tiles_files_16_26_7.pt,0,train
GigaPath_embeddings_LBC_train/0/85f754fe-8760-404b-bedb-6d8ac74ced85_pyramid_tiles_files_16_18_28.pt,0,train
GigaPath_embeddings_LBC_train/0/2b545ce7-ebd8-4b3b-98fa-2f442d48bc5e_pyramid_tiles_files_16_12_20.pt,0,train
GigaPath_embeddings_LBC_train/0/3d2ea7da-d7a6-4b5a-8c3b-7ff4e99e614f_pyramid_tiles_files_16_25_11.pt,0,train
GigaPath_embeddings_LBC_train/0/2b545ce7-ebd8-4b3b-98fa-2f442d48bc5e_pyramid_tiles_files_16_4_31.pt,0,train
GigaPath_embeddings_LBC_train/0/3d2ea7da-d7a6-4b5a-8c3b-7ff4e99e614f_pyramid_tiles_files_16_2_23.pt,0,train
GigaPath_embeddings_LBC_train/0/3d2ea7da-d7a6-4b5a-8c3b-7ff4e99e614f_pyramid_tiles_files_16_8_37.pt,0,train
GigaPath_embeddings_LBC_train/0/4b71df3c-6e36-4b86-86cd-403d470980d8_pyramid_tiles_files_16_8_14.pt,0,train
GigaPath_embeddings_LBC_train/0/2b545ce7-ebd8-4b3b-98fa-2f442d48bc5e_pyramid_tiles_files_16_23_31.pt,0,train
GigaPath_embeddings_LBC_train/0/85f754fe-8760-404b-bedb-6d8ac74ced85_pyramid_tiles_files_16_27_27.pt,0,train
GigaPath_embeddings_LBC_train/0/cbbb7a3f-b6d5-44d3-9eef-69757a914f2f_pyramid_tiles_files_16_11_7.pt,0,train
GigaPath_embeddings_LBC_train/0/cbbb7a3f-b6d5-44d3-9eef-69757a914f2f_pyramid_tiles_files_16_9_1.pt,0,train
GigaPath_embeddings_LBC_train/0/2b545ce7-ebd8-4b3b-98fa-2f442d48bc5e_pyramid_tiles_files_16_20_48.pt,0,train
GigaPath_embeddings_LBC_train/0/2b545ce7-ebd8-4b3b-98fa-2f442d48bc5e_pyramid_tiles_files_16_32_29.pt,0,train
GigaPath_embeddings_LBC_train/0/85f754fe-8760-404b-bedb-6d8ac74ced85_pyramid_tiles_files_16_18_33.pt,0,train
GigaPath_embeddings_LBC_train/0/cbbb7a3f-b6d5-44d3-9eef-69757a914f2f_pyramid_tiles_files_16_31_21.pt,0,train
GigaPath_embeddings_LBC_train/0/85f754fe-8760-404b-bedb-6d8ac74ced85_pyramid_tiles_files_16_20_2.pt,0,train
GigaPath_embeddings_LBC_train/0/3d2ea7da-d7a6-4b5a-8c3b-7ff4e99e614f_pyramid_tiles_files_16_37_26.pt,0,train
GigaPath_embeddings_LBC_train/0/cbbb7a3f-b6d5-44d3-9eef-69757a914f2f_pyramid_tiles_files_16_31_38.pt,0,train
GigaPath_embeddings_LBC_train/0/85f754fe-8760-404b-bedb-6d8ac74ced85_pyramid_tiles_files_16_28_30.pt,0,train
GigaPath_embeddings_LBC_train/0/2b545ce7-ebd8-4b3b-98fa-2f442d48bc5e_pyramid_tiles_files_16_8_11.pt,0,train
GigaPath_embeddings_LBC_train/0/2b545ce7-ebd8-4b3b-98fa-2f442d48bc5e_pyramid_tiles_files_16_33_24.pt,0,train
GigaPath_embeddings_LBC_train/0/cbbb7a3f-b6d5-44d3-9eef-69757a914f2f_pyramid_tiles_files_16_25_5.pt,0,train
GigaPath_embeddings_LBC_train/0/85f754fe-8760-404b-bedb-6d8ac74ced85_pyramid_tiles_files_16_30_21.pt,0,train
GigaPath_embeddings_LBC_train/0/85f754fe-8760-404b-bedb-6d8ac74ced85_pyramid_tiles_files_16_24_35.pt,0,train
GigaPath_embeddings_LBC_train/0/2b545ce7-ebd8-4b3b-98fa-2f442d48bc5e_pyramid_tiles_files_16_13_32.pt,0,train
GigaPath_embeddings_LBC_train/0/4b71df3c-6e36-4b86-86cd-403d470980d8_pyramid_tiles_files_16_40_21.pt,0,train
GigaPath_embeddings_LBC_train/0/cbbb7a3f-b6d5-44d3-9eef-69757a914f2f_pyramid_tiles_files_16_25_33.pt,0,train
GigaPath_embeddings_LBC_train/0/3d2ea7da-d7a6-4b5a-8c3b-7ff4e99e614f_pyramid_tiles_files_16_37_23.pt,0,train
GigaPath_embeddings_LBC_train/0/2b545ce7-ebd8-4b3b-98fa-2f442d48bc5e_pyramid_tiles_files_16_10_34.pt,0,train
GigaPath_embeddings_LBC_train/0/3d2ea7da-d7a6-4b5a-8c3b-7ff4e99e614f_pyramid_tiles_files_16_22_31.pt,0,train
GigaPath_embeddings_LBC_train/0/2b545ce7-ebd8-4b3b-98fa-2f442d48bc5e_pyramid_tiles_files_16_14_21.pt,0,train
GigaPath_embeddings_LBC_train/0/85f754fe-8760-404b-bedb-6d8ac74ced85_pyramid_tiles_files_16_31_10.pt,0,train
GigaPath_embeddings_LBC_train/0/85f754fe-8760-404b-bedb-6d8ac74ced85_pyramid_tiles_files_16_22_24.pt,0,train
GigaPath_embeddings_LBC_train/0/cbbb7a3f-b6d5-44d3-9eef-69757a914f2f_pyramid_tiles_files_16_16_15.pt,0,train
GigaPath_embeddings_LBC_train/0/4b71df3c-6e36-4b86-86cd-403d470980d8_pyramid_tiles_files_16_37_7.pt,0,train
GigaPath_embeddings_LBC_train/0/85f754fe-8760-404b-bedb-6d8ac74ced85_pyramid_tiles_files_16_8_5.pt,0,train
GigaPath_embeddings_LBC_train/0/85f754fe-8760-404b-bedb-6d8ac74ced85_pyramid_tiles_files_16_15_15.pt,0,train
GigaPath_embeddings_LBC_train/0/3d2ea7da-d7a6-4b5a-8c3b-7ff4e99e614f_pyramid_tiles_files_16_8_22.pt,0,train
GigaPath_embeddings_LBC_train/0/4b71df3c-6e36-4b86-86cd-403d470980d8_pyramid_tiles_files_16_18_15.pt,0,train
GigaPath_embeddings_LBC_train/0/3d2ea7da-d7a6-4b5a-8c3b-7ff4e99e614f_pyramid_tiles_files_16_21_32.pt,0,train
GigaPath_embeddings_LBC_train/0/3d2ea7da-d7a6-4b5a-8c3b-7ff4e99e614f_pyramid_tiles_files_16_19_36.pt,0,train
GigaPath_embeddings_LBC_train/0/3d2ea7da-d7a6-4b5a-8c3b-7ff4e99e614f_pyramid_tiles_files_16_31_33.pt,0,train
GigaPath_embeddings_LBC_train/0/85f754fe-8760-404b-bedb-6d8ac74ced85_pyramid_tiles_files_16_18_25.pt,0,train
GigaPath_embeddings_LBC_train/0/cbbb7a3f-b6d5-44d3-9eef-69757a914f2f_pyramid_tiles_files_16_25_3.pt,0,train
GigaPath_embeddings_LBC_train/0/3d2ea7da-d7a6-4b5a-8c3b-7ff4e99e614f_pyramid_tiles_files_16_6_20.pt,0,train
GigaPath_embeddings_LBC_train/0/85f754fe-8760-404b-bedb-6d8ac74ced85_pyramid_tiles_files_16_11_12.pt,0,train
GigaPath_embeddings_LBC_train/0/cbbb7a3f-b6d5-44d3-9eef-69757a914f2f_pyramid_tiles_files_16_5_39.pt,0,train
GigaPath_embeddings_LBC_train/0/cbbb7a3f-b6d5-44d3-9eef-69757a914f2f_pyramid_tiles_files_16_30_8.pt,0,train
GigaPath_embeddings_LBC_train/0/4b71df3c-6e36-4b86-86cd-403d470980d8_pyramid_tiles_files_16_13_8.pt,0,train
GigaPath_embeddings_LBC_train/0/4b71df3c-6e36-4b86-86cd-403d470980d8_pyramid_tiles_files_16_8_29.pt,0,train
GigaPath_embeddings_LBC_train/0/cbbb7a3f-b6d5-44d3-9eef-69757a914f2f_pyramid_tiles_files_16_10_7.pt,0,train
GigaPath_embeddings_LBC_train/0/3d2ea7da-d7a6-4b5a-8c3b-7ff4e99e614f_pyramid_tiles_files_16_9_24.pt,0,train
GigaPath_embeddings_LBC_train/0/2b545ce7-ebd8-4b3b-98fa-2f442d48bc5e_pyramid_tiles_files_16_16_46.pt,0,train
GigaPath_embeddings_LBC_train/0/cbbb7a3f-b6d5-44d3-9eef-69757a914f2f_pyramid_tiles_files_16_35_30.pt,0,train
GigaPath_embeddings_LBC_train/0/85f754fe-8760-404b-bedb-6d8ac74ced85_pyramid_tiles_files_16_9_14.pt,0,train
GigaPath_embeddings_LBC_train/0/3d2ea7da-d7a6-4b5a-8c3b-7ff4e99e614f_pyramid_tiles_files_16_20_18.pt,0,train
GigaPath_embeddings_LBC_train/0/cbbb7a3f-b6d5-44d3-9eef-69757a914f2f_pyramid_tiles_files_16_12_4.pt,0,train
GigaPath_embeddings_LBC_train/0/2b545ce7-ebd8-4b3b-98fa-2f442d48bc5e_pyramid_tiles_files_16_5_22.pt,0,train
GigaPath_embeddings_LBC_train/0/cbbb7a3f-b6d5-44d3-9eef-69757a914f2f_pyramid_tiles_files_16_16_3.pt,0,train
GigaPath_embeddings_LBC_train/0/cbbb7a3f-b6d5-44d3-9eef-69757a914f2f_pyramid_tiles_files_16_18_39.pt,0,train
GigaPath_embeddings_LBC_train/0/2b545ce7-ebd8-4b3b-98fa-2f442d48bc5e_pyramid_tiles_files_16_17_42.pt,0,train
GigaPath_embeddings_LBC_train/0/4b71df3c-6e36-4b86-86cd-403d470980d8_pyramid_tiles_files_16_38_10.pt,0,train
GigaPath_embeddings_LBC_train/0/cbbb7a3f-b6d5-44d3-9eef-69757a914f2f_pyramid_tiles_files_16_20_11.pt,0,train
GigaPath_embeddings_LBC_train/0/4b71df3c-6e36-4b86-86cd-403d470980d8_pyramid_tiles_files_16_17_9.pt,0,train
GigaPath_embeddings_LBC_train/0/cbbb7a3f-b6d5-44d3-9eef-69757a914f2f_pyramid_tiles_files_16_22_2.pt,0,train
GigaPath_embeddings_LBC_train/0/4b71df3c-6e36-4b86-86cd-403d470980d8_pyramid_tiles_files_16_7_30.pt,0,train
GigaPath_embeddings_LBC_train/0/85f754fe-8760-404b-bedb-6d8ac74ced85_pyramid_tiles_files_16_22_7.pt,0,train
GigaPath_embeddings_LBC_train/0/85f754fe-8760-404b-bedb-6d8ac74ced85_pyramid_tiles_files_16_25_8.pt,0,train
GigaPath_embeddings_LBC_train/0/85f754fe-8760-404b-bedb-6d8ac74ced85_pyramid_tiles_files_16_4_8.pt,0,train
GigaPath_embeddings_LBC_train/0/85f754fe-8760-404b-bedb-6d8ac74ced85_pyramid_tiles_files_16_17_26.pt,0,train
GigaPath_embeddings_LBC_train/0/3d2ea7da-d7a6-4b5a-8c3b-7ff4e99e614f_pyramid_tiles_files_16_10_36.pt,0,train
GigaPath_embeddings_LBC_train/0/4b71df3c-6e36-4b86-86cd-403d470980d8_pyramid_tiles_files_16_6_14.pt,0,train
GigaPath_embeddings_LBC_train/0/3d2ea7da-d7a6-4b5a-8c3b-7ff4e99e614f_pyramid_tiles_files_16_30_16.pt,0,train
GigaPath_embeddings_LBC_train/0/2b545ce7-ebd8-4b3b-98fa-2f442d48bc5e_pyramid_tiles_files_16_10_43.pt,0,train
GigaPath_embeddings_LBC_train/0/85f754fe-8760-404b-bedb-6d8ac74ced85_pyramid_tiles_files_16_34_8.pt,0,train
GigaPath_embeddings_LBC_train/0/cbbb7a3f-b6d5-44d3-9eef-69757a914f2f_pyramid_tiles_files_16_36_22.pt,0,train
GigaPath_embeddings_LBC_train/0/cbbb7a3f-b6d5-44d3-9eef-69757a914f2f_pyramid_tiles_files_16_28_23.pt,0,train
GigaPath_embeddings_LBC_train/0/2b545ce7-ebd8-4b3b-98fa-2f442d48bc5e_pyramid_tiles_files_16_24_20.pt,0,train
GigaPath_embeddings_LBC_train/0/4b71df3c-6e36-4b86-86cd-403d470980d8_pyramid_tiles_files_16_17_14.pt,0,train
GigaPath_embeddings_LBC_train/0/4b71df3c-6e36-4b86-86cd-403d470980d8_pyramid_tiles_files_16_31_17.pt,0,train
GigaPath_embeddings_LBC_train/0/4b71df3c-6e36-4b86-86cd-403d470980d8_pyramid_tiles_files_16_16_13.pt,0,train
GigaPath_embeddings_LBC_train/0/4b71df3c-6e36-4b86-86cd-403d470980d8_pyramid_tiles_files_16_7_27.pt,0,train
GigaPath_embeddings_LBC_train/0/4b71df3c-6e36-4b86-86cd-403d470980d8_pyramid_tiles_files_16_28_12.pt,0,train
GigaPath_embeddings_LBC_train/0/85f754fe-8760-404b-bedb-6d8ac74ced85_pyramid_tiles_files_16_37_12.pt,0,train
GigaPath_embeddings_LBC_train/0/2b545ce7-ebd8-4b3b-98fa-2f442d48bc5e_pyramid_tiles_files_16_6_31.pt,0,train
GigaPath_embeddings_LBC_train/0/cbbb7a3f-b6d5-44d3-9eef-69757a914f2f_pyramid_tiles_files_16_27_14.pt,0,train
GigaPath_embeddings_LBC_train/0/2b545ce7-ebd8-4b3b-98fa-2f442d48bc5e_pyramid_tiles_files_16_14_44.pt,0,train
GigaPath_embeddings_LBC_train/0/4b71df3c-6e36-4b86-86cd-403d470980d8_pyramid_tiles_files_16_27_17.pt,0,train
GigaPath_embeddings_LBC_train/0/4b71df3c-6e36-4b86-86cd-403d470980d8_pyramid_tiles_files_16_30_31.pt,0,train
GigaPath_embeddings_LBC_train/0/2b545ce7-ebd8-4b3b-98fa-2f442d48bc5e_pyramid_tiles_files_16_5_28.pt,0,train
GigaPath_embeddings_LBC_train/0/3d2ea7da-d7a6-4b5a-8c3b-7ff4e99e614f_pyramid_tiles_files_16_1_17.pt,0,train
GigaPath_embeddings_LBC_train/0/3d2ea7da-d7a6-4b5a-8c3b-7ff4e99e614f_pyramid_tiles_files_16_23_16.pt,0,train
GigaPath_embeddings_LBC_train/0/4b71df3c-6e36-4b86-86cd-403d470980d8_pyramid_tiles_files_16_19_14.pt,0,train
GigaPath_embeddings_LBC_train/0/85f754fe-8760-404b-bedb-6d8ac74ced85_pyramid_tiles_files_16_21_3.pt,0,train
GigaPath_embeddings_LBC_train/0/cbbb7a3f-b6d5-44d3-9eef-69757a914f2f_pyramid_tiles_files_16_8_15.pt,0,train
GigaPath_embeddings_LBC_train/0/cbbb7a3f-b6d5-44d3-9eef-69757a914f2f_pyramid_tiles_files_16_14_27.pt,0,train
GigaPath_embeddings_LBC_train/0/cbbb7a3f-b6d5-44d3-9eef-69757a914f2f_pyramid_tiles_files_16_15_34.pt,0,train
GigaPath_embeddings_LBC_train/0/85f754fe-8760-404b-bedb-6d8ac74ced85_pyramid_tiles_files_16_21_8.pt,0,train
GigaPath_embeddings_LBC_train/0/4b71df3c-6e36-4b86-86cd-403d470980d8_pyramid_tiles_files_16_18_20.pt,0,train
GigaPath_embeddings_LBC_train/0/4b71df3c-6e36-4b86-86cd-403d470980d8_pyramid_tiles_files_16_30_25.pt,0,train
GigaPath_embeddings_LBC_train/0/4b71df3c-6e36-4b86-86cd-403d470980d8_pyramid_tiles_files_16_19_24.pt,0,train
GigaPath_embeddings_LBC_train/0/cbbb7a3f-b6d5-44d3-9eef-69757a914f2f_pyramid_tiles_files_16_14_10.pt,0,train
GigaPath_embeddings_LBC_train/0/4b71df3c-6e36-4b86-86cd-403d470980d8_pyramid_tiles_files_16_20_20.pt,0,train
GigaPath_embeddings_LBC_train/0/2b545ce7-ebd8-4b3b-98fa-2f442d48bc5e_pyramid_tiles_files_16_20_30.pt,0,train
GigaPath_embeddings_LBC_train/0/4b71df3c-6e36-4b86-86cd-403d470980d8_pyramid_tiles_files_16_41_23.pt,0,train
GigaPath_embeddings_LBC_train/0/3d2ea7da-d7a6-4b5a-8c3b-7ff4e99e614f_pyramid_tiles_files_16_14_25.pt,0,train
GigaPath_embeddings_LBC_train/0/2b545ce7-ebd8-4b3b-98fa-2f442d48bc5e_pyramid_tiles_files_16_28_39.pt,0,train
GigaPath_embeddings_LBC_train/0/4b71df3c-6e36-4b86-86cd-403d470980d8_pyramid_tiles_files_16_10_24.pt,0,train
GigaPath_embeddings_LBC_train/0/85f754fe-8760-404b-bedb-6d8ac74ced85_pyramid_tiles_files_16_37_25.pt,0,train
GigaPath_embeddings_LBC_train/0/cbbb7a3f-b6d5-44d3-9eef-69757a914f2f_pyramid_tiles_files_16_27_4.pt,0,train
GigaPath_embeddings_LBC_train/0/85f754fe-8760-404b-bedb-6d8ac74ced85_pyramid_tiles_files_16_26_14.pt,0,train
GigaPath_embeddings_LBC_train/0/4b71df3c-6e36-4b86-86cd-403d470980d8_pyramid_tiles_files_16_27_14.pt,0,train
GigaPath_embeddings_LBC_train/0/3d2ea7da-d7a6-4b5a-8c3b-7ff4e99e614f_pyramid_tiles_files_16_24_15.pt,0,train
GigaPath_embeddings_LBC_train/0/85f754fe-8760-404b-bedb-6d8ac74ced85_pyramid_tiles_files_16_13_36.pt,0,train
GigaPath_embeddings_LBC_train/0/4b71df3c-6e36-4b86-86cd-403d470980d8_pyramid_tiles_files_16_25_17.pt,0,train
GigaPath_embeddings_LBC_train/0/cbbb7a3f-b6d5-44d3-9eef-69757a914f2f_pyramid_tiles_files_16_12_23.pt,0,train
GigaPath_embeddings_LBC_train/0/85f754fe-8760-404b-bedb-6d8ac74ced85_pyramid_tiles_files_16_22_32.pt,0,train
GigaPath_embeddings_LBC_train/0/4b71df3c-6e36-4b86-86cd-403d470980d8_pyramid_tiles_files_16_27_29.pt,0,train
GigaPath_embeddings_LBC_train/0/85f754fe-8760-404b-bedb-6d8ac74ced85_pyramid_tiles_files_16_10_20.pt,0,train
GigaPath_embeddings_LBC_train/0/4b71df3c-6e36-4b86-86cd-403d470980d8_pyramid_tiles_files_16_14_22.pt,0,train
GigaPath_embeddings_LBC_train/0/3d2ea7da-d7a6-4b5a-8c3b-7ff4e99e614f_pyramid_tiles_files_16_8_15.pt,0,train
GigaPath_embeddings_LBC_train/0/3d2ea7da-d7a6-4b5a-8c3b-7ff4e99e614f_pyramid_tiles_files_16_37_29.pt,0,train
GigaPath_embeddings_LBC_train/0/4b71df3c-6e36-4b86-86cd-403d470980d8_pyramid_tiles_files_16_18_37.pt,0,train
GigaPath_embeddings_LBC_train/0/cbbb7a3f-b6d5-44d3-9eef-69757a914f2f_pyramid_tiles_files_16_17_41.pt,0,train
GigaPath_embeddings_LBC_train/0/3d2ea7da-d7a6-4b5a-8c3b-7ff4e99e614f_pyramid_tiles_files_16_13_24.pt,0,train
GigaPath_embeddings_LBC_train/0/cbbb7a3f-b6d5-44d3-9eef-69757a914f2f_pyramid_tiles_files_16_19_9.pt,0,train
GigaPath_embeddings_LBC_train/0/85f754fe-8760-404b-bedb-6d8ac74ced85_pyramid_tiles_files_16_18_22.pt,0,train
GigaPath_embeddings_LBC_train/0/3d2ea7da-d7a6-4b5a-8c3b-7ff4e99e614f_pyramid_tiles_files_16_29_5.pt,0,train
GigaPath_embeddings_LBC_train/0/2b545ce7-ebd8-4b3b-98fa-2f442d48bc5e_pyramid_tiles_files_16_5_39.pt,0,train
GigaPath_embeddings_LBC_train/0/3d2ea7da-d7a6-4b5a-8c3b-7ff4e99e614f_pyramid_tiles_files_16_16_23.pt,0,train
GigaPath_embeddings_LBC_train/0/3d2ea7da-d7a6-4b5a-8c3b-7ff4e99e614f_pyramid_tiles_files_16_32_14.pt,0,train
GigaPath_embeddings_LBC_train/0/3d2ea7da-d7a6-4b5a-8c3b-7ff4e99e614f_pyramid_tiles_files_16_10_35.pt,0,train
GigaPath_embeddings_LBC_train/0/3d2ea7da-d7a6-4b5a-8c3b-7ff4e99e614f_pyramid_tiles_files_16_31_29.pt,0,train
GigaPath_embeddings_LBC_train/0/cbbb7a3f-b6d5-44d3-9eef-69757a914f2f_pyramid_tiles_files_16_27_19.pt,0,train
GigaPath_embeddings_LBC_train/0/85f754fe-8760-404b-bedb-6d8ac74ced85_pyramid_tiles_files_16_23_5.pt,0,train
GigaPath_embeddings_LBC_train/0/4b71df3c-6e36-4b86-86cd-403d470980d8_pyramid_tiles_files_16_35_2.pt,0,train
GigaPath_embeddings_LBC_train/0/4b71df3c-6e36-4b86-86cd-403d470980d8_pyramid_tiles_files_16_26_13.pt,0,train
GigaPath_embeddings_LBC_train/0/cbbb7a3f-b6d5-44d3-9eef-69757a914f2f_pyramid_tiles_files_16_26_7.pt,0,train
GigaPath_embeddings_LBC_train/0/2b545ce7-ebd8-4b3b-98fa-2f442d48bc5e_pyramid_tiles_files_16_29_36.pt,0,train
GigaPath_embeddings_LBC_train/0/2b545ce7-ebd8-4b3b-98fa-2f442d48bc5e_pyramid_tiles_files_16_0_25.pt,0,train
GigaPath_embeddings_LBC_train/0/85f754fe-8760-404b-bedb-6d8ac74ced85_pyramid_tiles_files_16_13_35.pt,0,train
GigaPath_embeddings_LBC_train/0/3d2ea7da-d7a6-4b5a-8c3b-7ff4e99e614f_pyramid_tiles_files_16_24_19.pt,0,train
GigaPath_embeddings_LBC_train/0/cbbb7a3f-b6d5-44d3-9eef-69757a914f2f_pyramid_tiles_files_16_24_29.pt,0,train
GigaPath_embeddings_LBC_train/0/3d2ea7da-d7a6-4b5a-8c3b-7ff4e99e614f_pyramid_tiles_files_16_26_35.pt,0,train
GigaPath_embeddings_LBC_train/0/cbbb7a3f-b6d5-44d3-9eef-69757a914f2f_pyramid_tiles_files_16_25_11.pt,0,train
GigaPath_embeddings_LBC_train/0/2b545ce7-ebd8-4b3b-98fa-2f442d48bc5e_pyramid_tiles_files_16_2_31.pt,0,train
GigaPath_embeddings_LBC_train/0/cbbb7a3f-b6d5-44d3-9eef-69757a914f2f_pyramid_tiles_files_16_8_6.pt,0,train
GigaPath_embeddings_LBC_train/0/3d2ea7da-d7a6-4b5a-8c3b-7ff4e99e614f_pyramid_tiles_files_16_17_34.pt,0,train
GigaPath_embeddings_LBC_train/0/85f754fe-8760-404b-bedb-6d8ac74ced85_pyramid_tiles_files_16_9_8.pt,0,train
GigaPath_embeddings_LBC_train/0/3d2ea7da-d7a6-4b5a-8c3b-7ff4e99e614f_pyramid_tiles_files_16_26_2.pt,0,train
GigaPath_embeddings_LBC_train/0/cbbb7a3f-b6d5-44d3-9eef-69757a914f2f_pyramid_tiles_files_16_11_39.pt,0,train
GigaPath_embeddings_LBC_train/0/4b71df3c-6e36-4b86-86cd-403d470980d8_pyramid_tiles_files_16_15_0.pt,0,train
GigaPath_embeddings_LBC_train/0/cbbb7a3f-b6d5-44d3-9eef-69757a914f2f_pyramid_tiles_files_16_21_33.pt,0,train
GigaPath_embeddings_LBC_train/0/cbbb7a3f-b6d5-44d3-9eef-69757a914f2f_pyramid_tiles_files_16_37_30.pt,0,train
GigaPath_embeddings_LBC_train/0/cbbb7a3f-b6d5-44d3-9eef-69757a914f2f_pyramid_tiles_files_16_13_27.pt,0,train
GigaPath_embeddings_LBC_train/0/3d2ea7da-d7a6-4b5a-8c3b-7ff4e99e614f_pyramid_tiles_files_16_6_29.pt,0,train
GigaPath_embeddings_LBC_train/0/3d2ea7da-d7a6-4b5a-8c3b-7ff4e99e614f_pyramid_tiles_files_16_39_17.pt,0,train
GigaPath_embeddings_LBC_train/0/3d2ea7da-d7a6-4b5a-8c3b-7ff4e99e614f_pyramid_tiles_files_16_22_7.pt,0,train
GigaPath_embeddings_LBC_train/0/3d2ea7da-d7a6-4b5a-8c3b-7ff4e99e614f_pyramid_tiles_files_16_34_12.pt,0,train
GigaPath_embeddings_LBC_train/0/3d2ea7da-d7a6-4b5a-8c3b-7ff4e99e614f_pyramid_tiles_files_16_17_5.pt,0,train
GigaPath_embeddings_LBC_train/0/4b71df3c-6e36-4b86-86cd-403d470980d8_pyramid_tiles_files_16_4_19.pt,0,train
GigaPath_embeddings_LBC_train/0/3d2ea7da-d7a6-4b5a-8c3b-7ff4e99e614f_pyramid_tiles_files_16_38_14.pt,0,train
GigaPath_embeddings_LBC_train/0/4b71df3c-6e36-4b86-86cd-403d470980d8_pyramid_tiles_files_16_11_8.pt,0,train
GigaPath_embeddings_LBC_train/0/85f754fe-8760-404b-bedb-6d8ac74ced85_pyramid_tiles_files_16_13_29.pt,0,train
GigaPath_embeddings_LBC_train/0/85f754fe-8760-404b-bedb-6d8ac74ced85_pyramid_tiles_files_16_11_20.pt,0,train
GigaPath_embeddings_LBC_train/0/2b545ce7-ebd8-4b3b-98fa-2f442d48bc5e_pyramid_tiles_files_16_21_11.pt,0,train
GigaPath_embeddings_LBC_train/0/4b71df3c-6e36-4b86-86cd-403d470980d8_pyramid_tiles_files_16_16_28.pt,0,train
GigaPath_embeddings_LBC_train/0/85f754fe-8760-404b-bedb-6d8ac74ced85_pyramid_tiles_files_16_28_11.pt,0,train
GigaPath_embeddings_LBC_train/0/4b71df3c-6e36-4b86-86cd-403d470980d8_pyramid_tiles_files_16_31_2.pt,0,train
GigaPath_embeddings_LBC_train/0/3d2ea7da-d7a6-4b5a-8c3b-7ff4e99e614f_pyramid_tiles_files_16_13_5.pt,0,train
GigaPath_embeddings_LBC_train/0/3d2ea7da-d7a6-4b5a-8c3b-7ff4e99e614f_pyramid_tiles_files_16_7_16.pt,0,train
GigaPath_embeddings_LBC_train/0/cbbb7a3f-b6d5-44d3-9eef-69757a914f2f_pyramid_tiles_files_16_25_6.pt,0,train
GigaPath_embeddings_LBC_train/0/85f754fe-8760-404b-bedb-6d8ac74ced85_pyramid_tiles_files_16_0_14.pt,0,train
GigaPath_embeddings_LBC_train/0/85f754fe-8760-404b-bedb-6d8ac74ced85_pyramid_tiles_files_16_17_3.pt,0,train
GigaPath_embeddings_LBC_train/0/cbbb7a3f-b6d5-44d3-9eef-69757a914f2f_pyramid_tiles_files_16_31_12.pt,0,train
GigaPath_embeddings_LBC_train/0/2b545ce7-ebd8-4b3b-98fa-2f442d48bc5e_pyramid_tiles_files_16_14_47.pt,0,train
GigaPath_embeddings_LBC_train/0/2b545ce7-ebd8-4b3b-98fa-2f442d48bc5e_pyramid_tiles_files_16_28_16.pt,0,train
GigaPath_embeddings_LBC_train/0/4b71df3c-6e36-4b86-86cd-403d470980d8_pyramid_tiles_files_16_36_27.pt,0,train
GigaPath_embeddings_LBC_train/0/3d2ea7da-d7a6-4b5a-8c3b-7ff4e99e614f_pyramid_tiles_files_16_35_15.pt,0,train
GigaPath_embeddings_LBC_train/0/3d2ea7da-d7a6-4b5a-8c3b-7ff4e99e614f_pyramid_tiles_files_16_33_12.pt,0,train
GigaPath_embeddings_LBC_train/0/2b545ce7-ebd8-4b3b-98fa-2f442d48bc5e_pyramid_tiles_files_16_32_31.pt,0,train
GigaPath_embeddings_LBC_train/0/2b545ce7-ebd8-4b3b-98fa-2f442d48bc5e_pyramid_tiles_files_16_21_16.pt,0,train
GigaPath_embeddings_LBC_train/0/3d2ea7da-d7a6-4b5a-8c3b-7ff4e99e614f_pyramid_tiles_files_16_18_21.pt,0,train
GigaPath_embeddings_LBC_train/0/3d2ea7da-d7a6-4b5a-8c3b-7ff4e99e614f_pyramid_tiles_files_16_27_28.pt,0,train
GigaPath_embeddings_LBC_train/0/cbbb7a3f-b6d5-44d3-9eef-69757a914f2f_pyramid_tiles_files_16_3_23.pt,0,train
GigaPath_embeddings_LBC_train/0/85f754fe-8760-404b-bedb-6d8ac74ced85_pyramid_tiles_files_16_20_36.pt,0,train
GigaPath_embeddings_LBC_train/0/2b545ce7-ebd8-4b3b-98fa-2f442d48bc5e_pyramid_tiles_files_16_28_10.pt,0,train
GigaPath_embeddings_LBC_train/0/85f754fe-8760-404b-bedb-6d8ac74ced85_pyramid_tiles_files_16_13_23.pt,0,train
GigaPath_embeddings_LBC_train/0/3d2ea7da-d7a6-4b5a-8c3b-7ff4e99e614f_pyramid_tiles_files_16_39_20.pt,0,train
GigaPath_embeddings_LBC_train/0/cbbb7a3f-b6d5-44d3-9eef-69757a914f2f_pyramid_tiles_files_16_12_14.pt,0,train
GigaPath_embeddings_LBC_train/0/85f754fe-8760-404b-bedb-6d8ac74ced85_pyramid_tiles_files_16_10_13.pt,0,train
GigaPath_embeddings_LBC_train/0/3d2ea7da-d7a6-4b5a-8c3b-7ff4e99e614f_pyramid_tiles_files_16_14_27.pt,0,train
GigaPath_embeddings_LBC_train/0/3d2ea7da-d7a6-4b5a-8c3b-7ff4e99e614f_pyramid_tiles_files_16_5_35.pt,0,train
GigaPath_embeddings_LBC_train/0/3d2ea7da-d7a6-4b5a-8c3b-7ff4e99e614f_pyramid_tiles_files_16_13_6.pt,0,train
GigaPath_embeddings_LBC_train/0/2b545ce7-ebd8-4b3b-98fa-2f442d48bc5e_pyramid_tiles_files_16_3_24.pt,0,train
GigaPath_embeddings_LBC_train/0/4b71df3c-6e36-4b86-86cd-403d470980d8_pyramid_tiles_files_16_17_18.pt,0,train
GigaPath_embeddings_LBC_train/0/3d2ea7da-d7a6-4b5a-8c3b-7ff4e99e614f_pyramid_tiles_files_16_10_16.pt,0,train
GigaPath_embeddings_LBC_train/0/4b71df3c-6e36-4b86-86cd-403d470980d8_pyramid_tiles_files_16_24_22.pt,0,train
GigaPath_embeddings_LBC_train/0/85f754fe-8760-404b-bedb-6d8ac74ced85_pyramid_tiles_files_16_14_24.pt,0,train
GigaPath_embeddings_LBC_train/0/85f754fe-8760-404b-bedb-6d8ac74ced85_pyramid_tiles_files_16_11_32.pt,0,train
GigaPath_embeddings_LBC_train/0/4b71df3c-6e36-4b86-86cd-403d470980d8_pyramid_tiles_files_16_20_10.pt,0,train
GigaPath_embeddings_LBC_train/0/2b545ce7-ebd8-4b3b-98fa-2f442d48bc5e_pyramid_tiles_files_16_2_37.pt,0,train
GigaPath_embeddings_LBC_train/0/4b71df3c-6e36-4b86-86cd-403d470980d8_pyramid_tiles_files_16_23_36.pt,0,train
GigaPath_embeddings_LBC_train/0/85f754fe-8760-404b-bedb-6d8ac74ced85_pyramid_tiles_files_16_31_12.pt,0,train
GigaPath_embeddings_LBC_train/0/2b545ce7-ebd8-4b3b-98fa-2f442d48bc5e_pyramid_tiles_files_16_23_29.pt,0,train
GigaPath_embeddings_LBC_train/0/3d2ea7da-d7a6-4b5a-8c3b-7ff4e99e614f_pyramid_tiles_files_16_23_28.pt,0,train
GigaPath_embeddings_LBC_train/0/85f754fe-8760-404b-bedb-6d8ac74ced85_pyramid_tiles_files_16_17_6.pt,0,train
GigaPath_embeddings_LBC_train/0/cbbb7a3f-b6d5-44d3-9eef-69757a914f2f_pyramid_tiles_files_16_33_30.pt,0,train
GigaPath_embeddings_LBC_train/0/3d2ea7da-d7a6-4b5a-8c3b-7ff4e99e614f_pyramid_tiles_files_16_18_23.pt,0,train
GigaPath_embeddings_LBC_train/0/cbbb7a3f-b6d5-44d3-9eef-69757a914f2f_pyramid_tiles_files_16_31_29.pt,0,train
GigaPath_embeddings_LBC_train/0/4b71df3c-6e36-4b86-86cd-403d470980d8_pyramid_tiles_files_16_32_7.pt,0,train
GigaPath_embeddings_LBC_train/0/2b545ce7-ebd8-4b3b-98fa-2f442d48bc5e_pyramid_tiles_files_16_7_26.pt,0,train
GigaPath_embeddings_LBC_train/0/2b545ce7-ebd8-4b3b-98fa-2f442d48bc5e_pyramid_tiles_files_16_6_20.pt,0,train
GigaPath_embeddings_LBC_train/0/4b71df3c-6e36-4b86-86cd-403d470980d8_pyramid_tiles_files_16_16_5.pt,0,train
GigaPath_embeddings_LBC_train/0/85f754fe-8760-404b-bedb-6d8ac74ced85_pyramid_tiles_files_16_21_7.pt,0,train
GigaPath_embeddings_LBC_train/0/4b71df3c-6e36-4b86-86cd-403d470980d8_pyramid_tiles_files_16_23_17.pt,0,train
GigaPath_embeddings_LBC_train/0/cbbb7a3f-b6d5-44d3-9eef-69757a914f2f_pyramid_tiles_files_16_20_13.pt,0,train
GigaPath_embeddings_LBC_train/0/85f754fe-8760-404b-bedb-6d8ac74ced85_pyramid_tiles_files_16_6_19.pt,0,train
GigaPath_embeddings_LBC_train/0/85f754fe-8760-404b-bedb-6d8ac74ced85_pyramid_tiles_files_16_26_3.pt,0,train
GigaPath_embeddings_LBC_train/0/2b545ce7-ebd8-4b3b-98fa-2f442d48bc5e_pyramid_tiles_files_16_19_15.pt,0,train
GigaPath_embeddings_LBC_train/0/3d2ea7da-d7a6-4b5a-8c3b-7ff4e99e614f_pyramid_tiles_files_16_31_17.pt,0,train
GigaPath_embeddings_LBC_train/0/cbbb7a3f-b6d5-44d3-9eef-69757a914f2f_pyramid_tiles_files_16_22_7.pt,0,train
GigaPath_embeddings_LBC_train/0/2b545ce7-ebd8-4b3b-98fa-2f442d48bc5e_pyramid_tiles_files_16_14_19.pt,0,train
GigaPath_embeddings_LBC_train/0/85f754fe-8760-404b-bedb-6d8ac74ced85_pyramid_tiles_files_16_10_26.pt,0,train
GigaPath_embeddings_LBC_train/0/cbbb7a3f-b6d5-44d3-9eef-69757a914f2f_pyramid_tiles_files_16_20_34.pt,0,train
GigaPath_embeddings_LBC_train/0/4b71df3c-6e36-4b86-86cd-403d470980d8_pyramid_tiles_files_16_29_24.pt,0,train
GigaPath_embeddings_LBC_train/0/2b545ce7-ebd8-4b3b-98fa-2f442d48bc5e_pyramid_tiles_files_16_20_38.pt,0,train
GigaPath_embeddings_LBC_train/0/cbbb7a3f-b6d5-44d3-9eef-69757a914f2f_pyramid_tiles_files_16_11_33.pt,0,train
GigaPath_embeddings_LBC_train/0/2b545ce7-ebd8-4b3b-98fa-2f442d48bc5e_pyramid_tiles_files_16_26_18.pt,0,train
GigaPath_embeddings_LBC_train/0/cbbb7a3f-b6d5-44d3-9eef-69757a914f2f_pyramid_tiles_files_16_23_14.pt,0,train
GigaPath_embeddings_LBC_train/0/4b71df3c-6e36-4b86-86cd-403d470980d8_pyramid_tiles_files_16_3_6.pt,0,train
GigaPath_embeddings_LBC_train/0/cbbb7a3f-b6d5-44d3-9eef-69757a914f2f_pyramid_tiles_files_16_32_9.pt,0,train
GigaPath_embeddings_LBC_train/0/85f754fe-8760-404b-bedb-6d8ac74ced85_pyramid_tiles_files_16_15_32.pt,0,train
GigaPath_embeddings_LBC_train/0/85f754fe-8760-404b-bedb-6d8ac74ced85_pyramid_tiles_files_16_4_11.pt,0,train
GigaPath_embeddings_LBC_train/0/4b71df3c-6e36-4b86-86cd-403d470980d8_pyramid_tiles_files_16_1_19.pt,0,train
GigaPath_embeddings_LBC_train/0/cbbb7a3f-b6d5-44d3-9eef-69757a914f2f_pyramid_tiles_files_16_7_25.pt,0,train
GigaPath_embeddings_LBC_train/0/3d2ea7da-d7a6-4b5a-8c3b-7ff4e99e614f_pyramid_tiles_files_16_5_8.pt,0,train
GigaPath_embeddings_LBC_train/0/2b545ce7-ebd8-4b3b-98fa-2f442d48bc5e_pyramid_tiles_files_16_25_32.pt,0,train
GigaPath_embeddings_LBC_train/0/3d2ea7da-d7a6-4b5a-8c3b-7ff4e99e614f_pyramid_tiles_files_16_34_15.pt,0,train
GigaPath_embeddings_LBC_train/0/cbbb7a3f-b6d5-44d3-9eef-69757a914f2f_pyramid_tiles_files_16_29_16.pt,0,train
GigaPath_embeddings_LBC_train/0/2b545ce7-ebd8-4b3b-98fa-2f442d48bc5e_pyramid_tiles_files_16_26_46.pt,0,train
GigaPath_embeddings_LBC_train/0/2b545ce7-ebd8-4b3b-98fa-2f442d48bc5e_pyramid_tiles_files_16_10_15.pt,0,train
GigaPath_embeddings_LBC_train/0/4b71df3c-6e36-4b86-86cd-403d470980d8_pyramid_tiles_files_16_41_10.pt,0,train
GigaPath_embeddings_LBC_train/0/3d2ea7da-d7a6-4b5a-8c3b-7ff4e99e614f_pyramid_tiles_files_16_14_6.pt,0,train
GigaPath_embeddings_LBC_train/0/85f754fe-8760-404b-bedb-6d8ac74ced85_pyramid_tiles_files_16_38_13.pt,0,train
GigaPath_embeddings_LBC_train/0/4b71df3c-6e36-4b86-86cd-403d470980d8_pyramid_tiles_files_16_33_5.pt,0,train
GigaPath_embeddings_LBC_train/0/85f754fe-8760-404b-bedb-6d8ac74ced85_pyramid_tiles_files_16_30_26.pt,0,train
GigaPath_embeddings_LBC_train/0/2b545ce7-ebd8-4b3b-98fa-2f442d48bc5e_pyramid_tiles_files_16_13_22.pt,0,train
GigaPath_embeddings_LBC_train/0/cbbb7a3f-b6d5-44d3-9eef-69757a914f2f_pyramid_tiles_files_16_11_38.pt,0,train
GigaPath_embeddings_LBC_train/0/cbbb7a3f-b6d5-44d3-9eef-69757a914f2f_pyramid_tiles_files_16_10_13.pt,0,train
GigaPath_embeddings_LBC_train/0/cbbb7a3f-b6d5-44d3-9eef-69757a914f2f_pyramid_tiles_files_16_29_39.pt,0,train
GigaPath_embeddings_LBC_train/0/3d2ea7da-d7a6-4b5a-8c3b-7ff4e99e614f_pyramid_tiles_files_16_9_19.pt,0,train
GigaPath_embeddings_LBC_train/0/2b545ce7-ebd8-4b3b-98fa-2f442d48bc5e_pyramid_tiles_files_16_26_30.pt,0,train
GigaPath_embeddings_LBC_train/0/cbbb7a3f-b6d5-44d3-9eef-69757a914f2f_pyramid_tiles_files_16_38_14.pt,0,train
GigaPath_embeddings_LBC_train/0/3d2ea7da-d7a6-4b5a-8c3b-7ff4e99e614f_pyramid_tiles_files_16_33_18.pt,0,train
GigaPath_embeddings_LBC_train/0/85f754fe-8760-404b-bedb-6d8ac74ced85_pyramid_tiles_files_16_3_29.pt,0,train
GigaPath_embeddings_LBC_train/0/4b71df3c-6e36-4b86-86cd-403d470980d8_pyramid_tiles_files_16_13_21.pt,0,train
GigaPath_embeddings_LBC_train/0/4b71df3c-6e36-4b86-86cd-403d470980d8_pyramid_tiles_files_16_12_2.pt,0,train
GigaPath_embeddings_LBC_train/0/2b545ce7-ebd8-4b3b-98fa-2f442d48bc5e_pyramid_tiles_files_16_1_34.pt,0,train
GigaPath_embeddings_LBC_train/0/2b545ce7-ebd8-4b3b-98fa-2f442d48bc5e_pyramid_tiles_files_16_8_38.pt,0,train
GigaPath_embeddings_LBC_train/0/cbbb7a3f-b6d5-44d3-9eef-69757a914f2f_pyramid_tiles_files_16_11_4.pt,0,train
GigaPath_embeddings_LBC_train/0/2b545ce7-ebd8-4b3b-98fa-2f442d48bc5e_pyramid_tiles_files_16_14_40.pt,0,train
GigaPath_embeddings_LBC_train/0/2b545ce7-ebd8-4b3b-98fa-2f442d48bc5e_pyramid_tiles_files_16_27_46.pt,0,train
GigaPath_embeddings_LBC_train/0/3d2ea7da-d7a6-4b5a-8c3b-7ff4e99e614f_pyramid_tiles_files_16_36_18.pt,0,train
GigaPath_embeddings_LBC_train/0/4b71df3c-6e36-4b86-86cd-403d470980d8_pyramid_tiles_files_16_29_8.pt,0,train
GigaPath_embeddings_LBC_train/0/2b545ce7-ebd8-4b3b-98fa-2f442d48bc5e_pyramid_tiles_files_16_4_39.pt,0,train
GigaPath_embeddings_LBC_train/0/cbbb7a3f-b6d5-44d3-9eef-69757a914f2f_pyramid_tiles_files_16_35_10.pt,0,train
GigaPath_embeddings_LBC_train/0/3d2ea7da-d7a6-4b5a-8c3b-7ff4e99e614f_pyramid_tiles_files_16_3_15.pt,0,train
GigaPath_embeddings_LBC_train/0/3d2ea7da-d7a6-4b5a-8c3b-7ff4e99e614f_pyramid_tiles_files_16_31_4.pt,0,train
GigaPath_embeddings_LBC_train/0/cbbb7a3f-b6d5-44d3-9eef-69757a914f2f_pyramid_tiles_files_16_17_15.pt,0,train
GigaPath_embeddings_LBC_train/0/cbbb7a3f-b6d5-44d3-9eef-69757a914f2f_pyramid_tiles_files_16_29_35.pt,0,train
GigaPath_embeddings_LBC_train/0/4b71df3c-6e36-4b86-86cd-403d470980d8_pyramid_tiles_files_16_10_6.pt,0,train
GigaPath_embeddings_LBC_train/0/2b545ce7-ebd8-4b3b-98fa-2f442d48bc5e_pyramid_tiles_files_16_0_22.pt,0,train
GigaPath_embeddings_LBC_train/0/85f754fe-8760-404b-bedb-6d8ac74ced85_pyramid_tiles_files_16_20_32.pt,0,train
GigaPath_embeddings_LBC_train/0/cbbb7a3f-b6d5-44d3-9eef-69757a914f2f_pyramid_tiles_files_16_25_23.pt,0,train
GigaPath_embeddings_LBC_train/0/85f754fe-8760-404b-bedb-6d8ac74ced85_pyramid_tiles_files_16_10_23.pt,0,train
GigaPath_embeddings_LBC_train/0/85f754fe-8760-404b-bedb-6d8ac74ced85_pyramid_tiles_files_16_17_16.pt,0,train
GigaPath_embeddings_LBC_train/0/2b545ce7-ebd8-4b3b-98fa-2f442d48bc5e_pyramid_tiles_files_16_8_34.pt,0,train
GigaPath_embeddings_LBC_train/0/2b545ce7-ebd8-4b3b-98fa-2f442d48bc5e_pyramid_tiles_files_16_24_40.pt,0,train
GigaPath_embeddings_LBC_train/0/3d2ea7da-d7a6-4b5a-8c3b-7ff4e99e614f_pyramid_tiles_files_16_14_33.pt,0,train
GigaPath_embeddings_LBC_train/0/85f754fe-8760-404b-bedb-6d8ac74ced85_pyramid_tiles_files_16_22_29.pt,0,train
GigaPath_embeddings_LBC_train/0/4b71df3c-6e36-4b86-86cd-403d470980d8_pyramid_tiles_files_16_8_17.pt,0,train
GigaPath_embeddings_LBC_train/0/2b545ce7-ebd8-4b3b-98fa-2f442d48bc5e_pyramid_tiles_files_16_20_28.pt,0,train
GigaPath_embeddings_LBC_train/0/85f754fe-8760-404b-bedb-6d8ac74ced85_pyramid_tiles_files_16_22_4.pt,0,train
GigaPath_embeddings_LBC_train/0/3d2ea7da-d7a6-4b5a-8c3b-7ff4e99e614f_pyramid_tiles_files_16_5_27.pt,0,train
GigaPath_embeddings_LBC_train/0/4b71df3c-6e36-4b86-86cd-403d470980d8_pyramid_tiles_files_16_6_23.pt,0,train
GigaPath_embeddings_LBC_train/0/3d2ea7da-d7a6-4b5a-8c3b-7ff4e99e614f_pyramid_tiles_files_16_5_26.pt,0,train
GigaPath_embeddings_LBC_train/0/85f754fe-8760-404b-bedb-6d8ac74ced85_pyramid_tiles_files_16_10_30.pt,0,train
GigaPath_embeddings_LBC_train/0/85f754fe-8760-404b-bedb-6d8ac74ced85_pyramid_tiles_files_16_13_15.pt,0,train
GigaPath_embeddings_LBC_train/0/4b71df3c-6e36-4b86-86cd-403d470980d8_pyramid_tiles_files_16_39_11.pt,0,train
GigaPath_embeddings_LBC_train/0/cbbb7a3f-b6d5-44d3-9eef-69757a914f2f_pyramid_tiles_files_16_22_6.pt,0,train
GigaPath_embeddings_LBC_train/0/85f754fe-8760-404b-bedb-6d8ac74ced85_pyramid_tiles_files_16_26_22.pt,0,train
GigaPath_embeddings_LBC_train/0/85f754fe-8760-404b-bedb-6d8ac74ced85_pyramid_tiles_files_16_4_20.pt,0,train
GigaPath_embeddings_LBC_train/0/3d2ea7da-d7a6-4b5a-8c3b-7ff4e99e614f_pyramid_tiles_files_16_20_7.pt,0,train
GigaPath_embeddings_LBC_train/0/4b71df3c-6e36-4b86-86cd-403d470980d8_pyramid_tiles_files_16_18_18.pt,0,train
GigaPath_embeddings_LBC_train/0/4b71df3c-6e36-4b86-86cd-403d470980d8_pyramid_tiles_files_16_19_32.pt,0,train
GigaPath_embeddings_LBC_train/0/4b71df3c-6e36-4b86-86cd-403d470980d8_pyramid_tiles_files_16_3_9.pt,0,train
GigaPath_embeddings_LBC_train/0/3d2ea7da-d7a6-4b5a-8c3b-7ff4e99e614f_pyramid_tiles_files_16_11_26.pt,0,train
GigaPath_embeddings_LBC_train/0/cbbb7a3f-b6d5-44d3-9eef-69757a914f2f_pyramid_tiles_files_16_28_8.pt,0,train
GigaPath_embeddings_LBC_train/0/2b545ce7-ebd8-4b3b-98fa-2f442d48bc5e_pyramid_tiles_files_16_32_28.pt,0,train
GigaPath_embeddings_LBC_train/0/2b545ce7-ebd8-4b3b-98fa-2f442d48bc5e_pyramid_tiles_files_16_20_7.pt,0,train
GigaPath_embeddings_LBC_train/0/4b71df3c-6e36-4b86-86cd-403d470980d8_pyramid_tiles_files_16_6_15.pt,0,train
GigaPath_embeddings_LBC_train/0/2b545ce7-ebd8-4b3b-98fa-2f442d48bc5e_pyramid_tiles_files_16_11_21.pt,0,train
GigaPath_embeddings_LBC_train/0/3d2ea7da-d7a6-4b5a-8c3b-7ff4e99e614f_pyramid_tiles_files_16_19_7.pt,0,train
GigaPath_embeddings_LBC_train/0/85f754fe-8760-404b-bedb-6d8ac74ced85_pyramid_tiles_files_16_24_31.pt,0,train
GigaPath_embeddings_LBC_train/0/85f754fe-8760-404b-bedb-6d8ac74ced85_pyramid_tiles_files_16_2_19.pt,0,train
GigaPath_embeddings_LBC_train/0/2b545ce7-ebd8-4b3b-98fa-2f442d48bc5e_pyramid_tiles_files_16_26_10.pt,0,train
GigaPath_embeddings_LBC_train/0/2b545ce7-ebd8-4b3b-98fa-2f442d48bc5e_pyramid_tiles_files_16_35_28.pt,0,train
GigaPath_embeddings_LBC_train/0/2b545ce7-ebd8-4b3b-98fa-2f442d48bc5e_pyramid_tiles_files_16_26_44.pt,0,train
GigaPath_embeddings_LBC_train/0/2b545ce7-ebd8-4b3b-98fa-2f442d48bc5e_pyramid_tiles_files_16_24_27.pt,0,train
GigaPath_embeddings_LBC_train/0/3d2ea7da-d7a6-4b5a-8c3b-7ff4e99e614f_pyramid_tiles_files_16_13_17.pt,0,train
GigaPath_embeddings_LBC_train/0/2b545ce7-ebd8-4b3b-98fa-2f442d48bc5e_pyramid_tiles_files_16_31_15.pt,0,train
GigaPath_embeddings_LBC_train/0/4b71df3c-6e36-4b86-86cd-403d470980d8_pyramid_tiles_files_16_10_19.pt,0,train
GigaPath_embeddings_LBC_train/0/4b71df3c-6e36-4b86-86cd-403d470980d8_pyramid_tiles_files_16_10_0.pt,0,train
GigaPath_embeddings_LBC_train/0/4b71df3c-6e36-4b86-86cd-403d470980d8_pyramid_tiles_files_16_34_31.pt,0,train
GigaPath_embeddings_LBC_train/0/85f754fe-8760-404b-bedb-6d8ac74ced85_pyramid_tiles_files_16_17_4.pt,0,train
GigaPath_embeddings_LBC_train/0/85f754fe-8760-404b-bedb-6d8ac74ced85_pyramid_tiles_files_16_34_18.pt,0,train
GigaPath_embeddings_LBC_train/0/cbbb7a3f-b6d5-44d3-9eef-69757a914f2f_pyramid_tiles_files_16_23_16.pt,0,train
GigaPath_embeddings_LBC_train/0/3d2ea7da-d7a6-4b5a-8c3b-7ff4e99e614f_pyramid_tiles_files_16_23_30.pt,0,train
GigaPath_embeddings_LBC_train/0/2b545ce7-ebd8-4b3b-98fa-2f442d48bc5e_pyramid_tiles_files_16_26_13.pt,0,train
GigaPath_embeddings_LBC_train/0/cbbb7a3f-b6d5-44d3-9eef-69757a914f2f_pyramid_tiles_files_16_4_29.pt,0,train
GigaPath_embeddings_LBC_train/0/cbbb7a3f-b6d5-44d3-9eef-69757a914f2f_pyramid_tiles_files_16_23_40.pt,0,train
GigaPath_embeddings_LBC_train/0/3d2ea7da-d7a6-4b5a-8c3b-7ff4e99e614f_pyramid_tiles_files_16_11_30.pt,0,train
GigaPath_embeddings_LBC_train/0/4b71df3c-6e36-4b86-86cd-403d470980d8_pyramid_tiles_files_16_24_21.pt,0,train
GigaPath_embeddings_LBC_train/0/3d2ea7da-d7a6-4b5a-8c3b-7ff4e99e614f_pyramid_tiles_files_16_6_24.pt,0,train
GigaPath_embeddings_LBC_train/0/cbbb7a3f-b6d5-44d3-9eef-69757a914f2f_pyramid_tiles_files_16_0_14.pt,0,train
GigaPath_embeddings_LBC_train/0/85f754fe-8760-404b-bedb-6d8ac74ced85_pyramid_tiles_files_16_35_26.pt,0,train
GigaPath_embeddings_LBC_train/0/3d2ea7da-d7a6-4b5a-8c3b-7ff4e99e614f_pyramid_tiles_files_16_25_37.pt,0,train
GigaPath_embeddings_LBC_train/0/85f754fe-8760-404b-bedb-6d8ac74ced85_pyramid_tiles_files_16_25_16.pt,0,train
GigaPath_embeddings_LBC_train/0/4b71df3c-6e36-4b86-86cd-403d470980d8_pyramid_tiles_files_16_4_25.pt,0,train
GigaPath_embeddings_LBC_train/0/cbbb7a3f-b6d5-44d3-9eef-69757a914f2f_pyramid_tiles_files_16_34_28.pt,0,train
GigaPath_embeddings_LBC_train/0/4b71df3c-6e36-4b86-86cd-403d470980d8_pyramid_tiles_files_16_42_16.pt,0,train
GigaPath_embeddings_LBC_train/0/2b545ce7-ebd8-4b3b-98fa-2f442d48bc5e_pyramid_tiles_files_16_35_19.pt,0,train
GigaPath_embeddings_LBC_train/0/2b545ce7-ebd8-4b3b-98fa-2f442d48bc5e_pyramid_tiles_files_16_10_12.pt,0,train
GigaPath_embeddings_LBC_train/0/cbbb7a3f-b6d5-44d3-9eef-69757a914f2f_pyramid_tiles_files_16_19_7.pt,0,train
GigaPath_embeddings_LBC_train/0/85f754fe-8760-404b-bedb-6d8ac74ced85_pyramid_tiles_files_16_30_32.pt,0,train
GigaPath_embeddings_LBC_train/0/85f754fe-8760-404b-bedb-6d8ac74ced85_pyramid_tiles_files_16_38_22.pt,0,train
GigaPath_embeddings_LBC_train/0/2b545ce7-ebd8-4b3b-98fa-2f442d48bc5e_pyramid_tiles_files_16_9_34.pt,0,train
GigaPath_embeddings_LBC_train/0/cbbb7a3f-b6d5-44d3-9eef-69757a914f2f_pyramid_tiles_files_16_6_26.pt,0,train
GigaPath_embeddings_LBC_train/0/3d2ea7da-d7a6-4b5a-8c3b-7ff4e99e614f_pyramid_tiles_files_16_31_5.pt,0,train
GigaPath_embeddings_LBC_train/0/3d2ea7da-d7a6-4b5a-8c3b-7ff4e99e614f_pyramid_tiles_files_16_38_21.pt,0,train
GigaPath_embeddings_LBC_train/0/cbbb7a3f-b6d5-44d3-9eef-69757a914f2f_pyramid_tiles_files_16_19_21.pt,0,train
GigaPath_embeddings_LBC_train/0/85f754fe-8760-404b-bedb-6d8ac74ced85_pyramid_tiles_files_16_34_30.pt,0,train
GigaPath_embeddings_LBC_train/0/4b71df3c-6e36-4b86-86cd-403d470980d8_pyramid_tiles_files_16_3_22.pt,0,train
GigaPath_embeddings_LBC_train/0/4b71df3c-6e36-4b86-86cd-403d470980d8_pyramid_tiles_files_16_3_13.pt,0,train
GigaPath_embeddings_LBC_train/0/3d2ea7da-d7a6-4b5a-8c3b-7ff4e99e614f_pyramid_tiles_files_16_27_38.pt,0,train
GigaPath_embeddings_LBC_train/0/85f754fe-8760-404b-bedb-6d8ac74ced85_pyramid_tiles_files_16_7_28.pt,0,train
GigaPath_embeddings_LBC_train/0/3d2ea7da-d7a6-4b5a-8c3b-7ff4e99e614f_pyramid_tiles_files_16_32_20.pt,0,train
GigaPath_embeddings_LBC_train/0/cbbb7a3f-b6d5-44d3-9eef-69757a914f2f_pyramid_tiles_files_16_28_19.pt,0,train
GigaPath_embeddings_LBC_train/0/3d2ea7da-d7a6-4b5a-8c3b-7ff4e99e614f_pyramid_tiles_files_16_36_19.pt,0,train
GigaPath_embeddings_LBC_train/0/3d2ea7da-d7a6-4b5a-8c3b-7ff4e99e614f_pyramid_tiles_files_16_36_23.pt,0,train
GigaPath_embeddings_LBC_train/0/3d2ea7da-d7a6-4b5a-8c3b-7ff4e99e614f_pyramid_tiles_files_16_25_3.pt,0,train
GigaPath_embeddings_LBC_train/0/2b545ce7-ebd8-4b3b-98fa-2f442d48bc5e_pyramid_tiles_files_16_14_8.pt,0,train
GigaPath_embeddings_LBC_train/0/4b71df3c-6e36-4b86-86cd-403d470980d8_pyramid_tiles_files_16_38_25.pt,0,train
GigaPath_embeddings_LBC_train/0/3d2ea7da-d7a6-4b5a-8c3b-7ff4e99e614f_pyramid_tiles_files_16_38_32.pt,0,train
GigaPath_embeddings_LBC_train/0/3d2ea7da-d7a6-4b5a-8c3b-7ff4e99e614f_pyramid_tiles_files_16_27_26.pt,0,train
GigaPath_embeddings_LBC_train/0/3d2ea7da-d7a6-4b5a-8c3b-7ff4e99e614f_pyramid_tiles_files_16_32_13.pt,0,train
GigaPath_embeddings_LBC_train/0/cbbb7a3f-b6d5-44d3-9eef-69757a914f2f_pyramid_tiles_files_16_6_34.pt,0,train
GigaPath_embeddings_LBC_train/0/4b71df3c-6e36-4b86-86cd-403d470980d8_pyramid_tiles_files_16_18_27.pt,0,train
GigaPath_embeddings_LBC_train/0/cbbb7a3f-b6d5-44d3-9eef-69757a914f2f_pyramid_tiles_files_16_29_21.pt,0,train
GigaPath_embeddings_LBC_train/0/3d2ea7da-d7a6-4b5a-8c3b-7ff4e99e614f_pyramid_tiles_files_16_7_22.pt,0,train
GigaPath_embeddings_LBC_train/0/cbbb7a3f-b6d5-44d3-9eef-69757a914f2f_pyramid_tiles_files_16_3_20.pt,0,train
GigaPath_embeddings_LBC_train/0/2b545ce7-ebd8-4b3b-98fa-2f442d48bc5e_pyramid_tiles_files_16_18_26.pt,0,train
GigaPath_embeddings_LBC_train/0/3d2ea7da-d7a6-4b5a-8c3b-7ff4e99e614f_pyramid_tiles_files_16_32_10.pt,0,train
GigaPath_embeddings_LBC_train/0/2b545ce7-ebd8-4b3b-98fa-2f442d48bc5e_pyramid_tiles_files_16_12_17.pt,0,train
GigaPath_embeddings_LBC_train/0/85f754fe-8760-404b-bedb-6d8ac74ced85_pyramid_tiles_files_16_11_30.pt,0,train
GigaPath_embeddings_LBC_train/0/3d2ea7da-d7a6-4b5a-8c3b-7ff4e99e614f_pyramid_tiles_files_16_20_17.pt,0,train
GigaPath_embeddings_LBC_train/0/85f754fe-8760-404b-bedb-6d8ac74ced85_pyramid_tiles_files_16_12_20.pt,0,train
GigaPath_embeddings_LBC_train/0/85f754fe-8760-404b-bedb-6d8ac74ced85_pyramid_tiles_files_16_3_21.pt,0,train
GigaPath_embeddings_LBC_train/0/4b71df3c-6e36-4b86-86cd-403d470980d8_pyramid_tiles_files_16_18_31.pt,0,train
GigaPath_embeddings_LBC_train/0/cbbb7a3f-b6d5-44d3-9eef-69757a914f2f_pyramid_tiles_files_16_30_9.pt,0,train
GigaPath_embeddings_LBC_train/0/cbbb7a3f-b6d5-44d3-9eef-69757a914f2f_pyramid_tiles_files_16_18_12.pt,0,train
GigaPath_embeddings_LBC_train/0/85f754fe-8760-404b-bedb-6d8ac74ced85_pyramid_tiles_files_16_24_1.pt,0,train
GigaPath_embeddings_LBC_train/0/cbbb7a3f-b6d5-44d3-9eef-69757a914f2f_pyramid_tiles_files_16_14_39.pt,0,train
GigaPath_embeddings_LBC_train/0/4b71df3c-6e36-4b86-86cd-403d470980d8_pyramid_tiles_files_16_15_6.pt,0,train
GigaPath_embeddings_LBC_train/0/4b71df3c-6e36-4b86-86cd-403d470980d8_pyramid_tiles_files_16_38_12.pt,0,train
GigaPath_embeddings_LBC_train/0/4b71df3c-6e36-4b86-86cd-403d470980d8_pyramid_tiles_files_16_35_19.pt,0,train
GigaPath_embeddings_LBC_train/0/cbbb7a3f-b6d5-44d3-9eef-69757a914f2f_pyramid_tiles_files_16_33_9.pt,0,train
GigaPath_embeddings_LBC_train/0/3d2ea7da-d7a6-4b5a-8c3b-7ff4e99e614f_pyramid_tiles_files_16_15_10.pt,0,train
GigaPath_embeddings_LBC_train/0/4b71df3c-6e36-4b86-86cd-403d470980d8_pyramid_tiles_files_16_4_10.pt,0,train
GigaPath_embeddings_LBC_train/0/2b545ce7-ebd8-4b3b-98fa-2f442d48bc5e_pyramid_tiles_files_16_20_11.pt,0,train
GigaPath_embeddings_LBC_train/0/cbbb7a3f-b6d5-44d3-9eef-69757a914f2f_pyramid_tiles_files_16_31_11.pt,0,train
GigaPath_embeddings_LBC_train/0/cbbb7a3f-b6d5-44d3-9eef-69757a914f2f_pyramid_tiles_files_16_1_23.pt,0,train
GigaPath_embeddings_LBC_train/0/3d2ea7da-d7a6-4b5a-8c3b-7ff4e99e614f_pyramid_tiles_files_16_4_21.pt,0,train
GigaPath_embeddings_LBC_train/0/2b545ce7-ebd8-4b3b-98fa-2f442d48bc5e_pyramid_tiles_files_16_29_10.pt,0,train
GigaPath_embeddings_LBC_train/0/4b71df3c-6e36-4b86-86cd-403d470980d8_pyramid_tiles_files_16_18_19.pt,0,train
GigaPath_embeddings_LBC_train/0/3d2ea7da-d7a6-4b5a-8c3b-7ff4e99e614f_pyramid_tiles_files_16_4_20.pt,0,train
GigaPath_embeddings_LBC_train/0/2b545ce7-ebd8-4b3b-98fa-2f442d48bc5e_pyramid_tiles_files_16_6_42.pt,0,train
GigaPath_embeddings_LBC_train/0/cbbb7a3f-b6d5-44d3-9eef-69757a914f2f_pyramid_tiles_files_16_9_36.pt,0,train
GigaPath_embeddings_LBC_train/0/4b71df3c-6e36-4b86-86cd-403d470980d8_pyramid_tiles_files_16_9_3.pt,0,train
GigaPath_embeddings_LBC_train/0/3d2ea7da-d7a6-4b5a-8c3b-7ff4e99e614f_pyramid_tiles_files_16_19_34.pt,0,train
GigaPath_embeddings_LBC_train/0/4b71df3c-6e36-4b86-86cd-403d470980d8_pyramid_tiles_files_16_40_23.pt,0,train
GigaPath_embeddings_LBC_train/0/cbbb7a3f-b6d5-44d3-9eef-69757a914f2f_pyramid_tiles_files_16_14_28.pt,0,train
GigaPath_embeddings_LBC_train/0/3d2ea7da-d7a6-4b5a-8c3b-7ff4e99e614f_pyramid_tiles_files_16_18_40.pt,0,train
GigaPath_embeddings_LBC_train/0/85f754fe-8760-404b-bedb-6d8ac74ced85_pyramid_tiles_files_16_26_12.pt,0,train
GigaPath_embeddings_LBC_train/0/3d2ea7da-d7a6-4b5a-8c3b-7ff4e99e614f_pyramid_tiles_files_16_21_36.pt,0,train
GigaPath_embeddings_LBC_train/0/cbbb7a3f-b6d5-44d3-9eef-69757a914f2f_pyramid_tiles_files_16_31_28.pt,0,train
GigaPath_embeddings_LBC_train/0/2b545ce7-ebd8-4b3b-98fa-2f442d48bc5e_pyramid_tiles_files_16_10_44.pt,0,train
GigaPath_embeddings_LBC_train/0/4b71df3c-6e36-4b86-86cd-403d470980d8_pyramid_tiles_files_16_13_18.pt,0,train
GigaPath_embeddings_LBC_train/0/85f754fe-8760-404b-bedb-6d8ac74ced85_pyramid_tiles_files_16_27_21.pt,0,train
GigaPath_embeddings_LBC_train/0/3d2ea7da-d7a6-4b5a-8c3b-7ff4e99e614f_pyramid_tiles_files_16_15_15.pt,0,train
GigaPath_embeddings_LBC_train/0/4b71df3c-6e36-4b86-86cd-403d470980d8_pyramid_tiles_files_16_13_6.pt,0,train
GigaPath_embeddings_LBC_train/0/cbbb7a3f-b6d5-44d3-9eef-69757a914f2f_pyramid_tiles_files_16_20_41.pt,0,train
GigaPath_embeddings_LBC_train/0/2b545ce7-ebd8-4b3b-98fa-2f442d48bc5e_pyramid_tiles_files_16_29_28.pt,0,train
GigaPath_embeddings_LBC_train/0/2b545ce7-ebd8-4b3b-98fa-2f442d48bc5e_pyramid_tiles_files_16_30_40.pt,0,train
GigaPath_embeddings_LBC_train/0/cbbb7a3f-b6d5-44d3-9eef-69757a914f2f_pyramid_tiles_files_16_27_7.pt,0,train
GigaPath_embeddings_LBC_train/0/3d2ea7da-d7a6-4b5a-8c3b-7ff4e99e614f_pyramid_tiles_files_16_11_24.pt,0,train
GigaPath_embeddings_LBC_train/0/3d2ea7da-d7a6-4b5a-8c3b-7ff4e99e614f_pyramid_tiles_files_16_6_28.pt,0,train
GigaPath_embeddings_LBC_train/0/3d2ea7da-d7a6-4b5a-8c3b-7ff4e99e614f_pyramid_tiles_files_16_15_36.pt,0,train
GigaPath_embeddings_LBC_train/0/2b545ce7-ebd8-4b3b-98fa-2f442d48bc5e_pyramid_tiles_files_16_27_14.pt,0,train
GigaPath_embeddings_LBC_train/0/3d2ea7da-d7a6-4b5a-8c3b-7ff4e99e614f_pyramid_tiles_files_16_23_41.pt,0,train
GigaPath_embeddings_LBC_train/0/3d2ea7da-d7a6-4b5a-8c3b-7ff4e99e614f_pyramid_tiles_files_16_6_33.pt,0,train
GigaPath_embeddings_LBC_train/0/2b545ce7-ebd8-4b3b-98fa-2f442d48bc5e_pyramid_tiles_files_16_30_43.pt,0,train
GigaPath_embeddings_LBC_train/0/2b545ce7-ebd8-4b3b-98fa-2f442d48bc5e_pyramid_tiles_files_16_15_46.pt,0,train
GigaPath_embeddings_LBC_train/0/4b71df3c-6e36-4b86-86cd-403d470980d8_pyramid_tiles_files_16_24_6.pt,0,train
GigaPath_embeddings_LBC_train/0/cbbb7a3f-b6d5-44d3-9eef-69757a914f2f_pyramid_tiles_files_16_26_5.pt,0,train
GigaPath_embeddings_LBC_train/0/4b71df3c-6e36-4b86-86cd-403d470980d8_pyramid_tiles_files_16_7_28.pt,0,train
GigaPath_embeddings_LBC_train/0/cbbb7a3f-b6d5-44d3-9eef-69757a914f2f_pyramid_tiles_files_16_33_11.pt,0,train
GigaPath_embeddings_LBC_train/0/3d2ea7da-d7a6-4b5a-8c3b-7ff4e99e614f_pyramid_tiles_files_16_19_26.pt,0,train
GigaPath_embeddings_LBC_train/0/4b71df3c-6e36-4b86-86cd-403d470980d8_pyramid_tiles_files_16_25_19.pt,0,train
GigaPath_embeddings_LBC_train/0/3d2ea7da-d7a6-4b5a-8c3b-7ff4e99e614f_pyramid_tiles_files_16_32_36.pt,0,train
GigaPath_embeddings_LBC_train/0/85f754fe-8760-404b-bedb-6d8ac74ced85_pyramid_tiles_files_16_22_18.pt,0,train
GigaPath_embeddings_LBC_train/0/85f754fe-8760-404b-bedb-6d8ac74ced85_pyramid_tiles_files_16_14_30.pt,0,train
GigaPath_embeddings_LBC_train/0/4b71df3c-6e36-4b86-86cd-403d470980d8_pyramid_tiles_files_16_11_31.pt,0,train
GigaPath_embeddings_LBC_train/0/3d2ea7da-d7a6-4b5a-8c3b-7ff4e99e614f_pyramid_tiles_files_16_13_35.pt,0,train
GigaPath_embeddings_LBC_train/0/85f754fe-8760-404b-bedb-6d8ac74ced85_pyramid_tiles_files_16_19_21.pt,0,train
GigaPath_embeddings_LBC_train/0/4b71df3c-6e36-4b86-86cd-403d470980d8_pyramid_tiles_files_16_41_14.pt,0,train
GigaPath_embeddings_LBC_train/0/85f754fe-8760-404b-bedb-6d8ac74ced85_pyramid_tiles_files_16_9_33.pt,0,train
GigaPath_embeddings_LBC_train/0/2b545ce7-ebd8-4b3b-98fa-2f442d48bc5e_pyramid_tiles_files_16_1_32.pt,0,train
GigaPath_embeddings_LBC_train/0/2b545ce7-ebd8-4b3b-98fa-2f442d48bc5e_pyramid_tiles_files_16_27_15.pt,0,train
GigaPath_embeddings_LBC_train/0/3d2ea7da-d7a6-4b5a-8c3b-7ff4e99e614f_pyramid_tiles_files_16_12_32.pt,0,train
GigaPath_embeddings_LBC_train/0/85f754fe-8760-404b-bedb-6d8ac74ced85_pyramid_tiles_files_16_32_14.pt,0,train
GigaPath_embeddings_LBC_train/0/3d2ea7da-d7a6-4b5a-8c3b-7ff4e99e614f_pyramid_tiles_files_16_31_22.pt,0,train
GigaPath_embeddings_LBC_train/0/4b71df3c-6e36-4b86-86cd-403d470980d8_pyramid_tiles_files_16_34_26.pt,0,train
GigaPath_embeddings_LBC_train/0/cbbb7a3f-b6d5-44d3-9eef-69757a914f2f_pyramid_tiles_files_16_16_41.pt,0,train
GigaPath_embeddings_LBC_train/0/2b545ce7-ebd8-4b3b-98fa-2f442d48bc5e_pyramid_tiles_files_16_7_27.pt,0,train
GigaPath_embeddings_LBC_train/0/2b545ce7-ebd8-4b3b-98fa-2f442d48bc5e_pyramid_tiles_files_16_23_17.pt,0,train
GigaPath_embeddings_LBC_train/0/4b71df3c-6e36-4b86-86cd-403d470980d8_pyramid_tiles_files_16_10_29.pt,0,train
GigaPath_embeddings_LBC_train/0/4b71df3c-6e36-4b86-86cd-403d470980d8_pyramid_tiles_files_16_37_10.pt,0,train
GigaPath_embeddings_LBC_train/0/cbbb7a3f-b6d5-44d3-9eef-69757a914f2f_pyramid_tiles_files_16_26_34.pt,0,train
GigaPath_embeddings_LBC_train/0/2b545ce7-ebd8-4b3b-98fa-2f442d48bc5e_pyramid_tiles_files_16_31_37.pt,0,train
GigaPath_embeddings_LBC_train/0/3d2ea7da-d7a6-4b5a-8c3b-7ff4e99e614f_pyramid_tiles_files_16_38_18.pt,0,train
GigaPath_embeddings_LBC_train/0/cbbb7a3f-b6d5-44d3-9eef-69757a914f2f_pyramid_tiles_files_16_26_14.pt,0,train
GigaPath_embeddings_LBC_train/0/3d2ea7da-d7a6-4b5a-8c3b-7ff4e99e614f_pyramid_tiles_files_16_8_19.pt,0,train
GigaPath_embeddings_LBC_train/0/85f754fe-8760-404b-bedb-6d8ac74ced85_pyramid_tiles_files_16_15_37.pt,0,train
GigaPath_embeddings_LBC_train/0/3d2ea7da-d7a6-4b5a-8c3b-7ff4e99e614f_pyramid_tiles_files_16_38_22.pt,0,train
GigaPath_embeddings_LBC_train/0/2b545ce7-ebd8-4b3b-98fa-2f442d48bc5e_pyramid_tiles_files_16_7_36.pt,0,train
GigaPath_embeddings_LBC_train/0/2b545ce7-ebd8-4b3b-98fa-2f442d48bc5e_pyramid_tiles_files_16_13_47.pt,0,train
GigaPath_embeddings_LBC_train/0/4b71df3c-6e36-4b86-86cd-403d470980d8_pyramid_tiles_files_16_20_2.pt,0,train
GigaPath_embeddings_LBC_train/0/cbbb7a3f-b6d5-44d3-9eef-69757a914f2f_pyramid_tiles_files_16_23_28.pt,0,train
GigaPath_embeddings_LBC_train/0/4b71df3c-6e36-4b86-86cd-403d470980d8_pyramid_tiles_files_16_26_21.pt,0,train
GigaPath_embeddings_LBC_train/0/2b545ce7-ebd8-4b3b-98fa-2f442d48bc5e_pyramid_tiles_files_16_25_23.pt,0,train
GigaPath_embeddings_LBC_train/0/cbbb7a3f-b6d5-44d3-9eef-69757a914f2f_pyramid_tiles_files_16_22_21.pt,0,train
GigaPath_embeddings_LBC_train/0/85f754fe-8760-404b-bedb-6d8ac74ced85_pyramid_tiles_files_16_9_11.pt,0,train
GigaPath_embeddings_LBC_train/0/3d2ea7da-d7a6-4b5a-8c3b-7ff4e99e614f_pyramid_tiles_files_16_3_28.pt,0,train
GigaPath_embeddings_LBC_train/0/4b71df3c-6e36-4b86-86cd-403d470980d8_pyramid_tiles_files_16_36_1.pt,0,train
GigaPath_embeddings_LBC_train/0/85f754fe-8760-404b-bedb-6d8ac74ced85_pyramid_tiles_files_16_26_19.pt,0,train
GigaPath_embeddings_LBC_train/0/3d2ea7da-d7a6-4b5a-8c3b-7ff4e99e614f_pyramid_tiles_files_16_25_24.pt,0,train
GigaPath_embeddings_LBC_train/0/cbbb7a3f-b6d5-44d3-9eef-69757a914f2f_pyramid_tiles_files_16_13_37.pt,0,train
GigaPath_embeddings_LBC_train/0/2b545ce7-ebd8-4b3b-98fa-2f442d48bc5e_pyramid_tiles_files_16_0_26.pt,0,train
GigaPath_embeddings_LBC_train/0/3d2ea7da-d7a6-4b5a-8c3b-7ff4e99e614f_pyramid_tiles_files_16_23_35.pt,0,train
GigaPath_embeddings_LBC_train/0/cbbb7a3f-b6d5-44d3-9eef-69757a914f2f_pyramid_tiles_files_16_31_22.pt,0,train
GigaPath_embeddings_LBC_train/0/2b545ce7-ebd8-4b3b-98fa-2f442d48bc5e_pyramid_tiles_files_16_25_30.pt,0,train
GigaPath_embeddings_LBC_train/0/cbbb7a3f-b6d5-44d3-9eef-69757a914f2f_pyramid_tiles_files_16_13_6.pt,0,train
GigaPath_embeddings_LBC_train/0/2b545ce7-ebd8-4b3b-98fa-2f442d48bc5e_pyramid_tiles_files_16_2_22.pt,0,train
GigaPath_embeddings_LBC_train/0/85f754fe-8760-404b-bedb-6d8ac74ced85_pyramid_tiles_files_16_15_10.pt,0,train
GigaPath_embeddings_LBC_train/0/cbbb7a3f-b6d5-44d3-9eef-69757a914f2f_pyramid_tiles_files_16_8_35.pt,0,train
GigaPath_embeddings_LBC_train/0/3d2ea7da-d7a6-4b5a-8c3b-7ff4e99e614f_pyramid_tiles_files_16_23_3.pt,0,train
GigaPath_embeddings_LBC_train/0/85f754fe-8760-404b-bedb-6d8ac74ced85_pyramid_tiles_files_16_19_22.pt,0,train
GigaPath_embeddings_LBC_train/0/4b71df3c-6e36-4b86-86cd-403d470980d8_pyramid_tiles_files_16_7_15.pt,0,train
GigaPath_embeddings_LBC_train/0/4b71df3c-6e36-4b86-86cd-403d470980d8_pyramid_tiles_files_16_17_16.pt,0,train
GigaPath_embeddings_LBC_train/0/2b545ce7-ebd8-4b3b-98fa-2f442d48bc5e_pyramid_tiles_files_16_6_25.pt,0,train
GigaPath_embeddings_LBC_train/0/cbbb7a3f-b6d5-44d3-9eef-69757a914f2f_pyramid_tiles_files_16_31_26.pt,0,train
GigaPath_embeddings_LBC_train/0/cbbb7a3f-b6d5-44d3-9eef-69757a914f2f_pyramid_tiles_files_16_22_26.pt,0,train
GigaPath_embeddings_LBC_train/0/2b545ce7-ebd8-4b3b-98fa-2f442d48bc5e_pyramid_tiles_files_16_33_34.pt,0,train
GigaPath_embeddings_LBC_train/0/3d2ea7da-d7a6-4b5a-8c3b-7ff4e99e614f_pyramid_tiles_files_16_21_18.pt,0,train
GigaPath_embeddings_LBC_train/0/3d2ea7da-d7a6-4b5a-8c3b-7ff4e99e614f_pyramid_tiles_files_16_15_23.pt,0,train
GigaPath_embeddings_LBC_train/0/2b545ce7-ebd8-4b3b-98fa-2f442d48bc5e_pyramid_tiles_files_16_22_14.pt,0,train
GigaPath_embeddings_LBC_train/0/85f754fe-8760-404b-bedb-6d8ac74ced85_pyramid_tiles_files_16_28_24.pt,0,train
GigaPath_embeddings_LBC_train/0/2b545ce7-ebd8-4b3b-98fa-2f442d48bc5e_pyramid_tiles_files_16_18_22.pt,0,train
GigaPath_embeddings_LBC_train/0/3d2ea7da-d7a6-4b5a-8c3b-7ff4e99e614f_pyramid_tiles_files_16_24_33.pt,0,train
GigaPath_embeddings_LBC_train/0/2b545ce7-ebd8-4b3b-98fa-2f442d48bc5e_pyramid_tiles_files_16_12_24.pt,0,train
GigaPath_embeddings_LBC_train/0/3d2ea7da-d7a6-4b5a-8c3b-7ff4e99e614f_pyramid_tiles_files_16_6_35.pt,0,train
GigaPath_embeddings_LBC_train/0/cbbb7a3f-b6d5-44d3-9eef-69757a914f2f_pyramid_tiles_files_16_5_40.pt,0,train
GigaPath_embeddings_LBC_train/0/2b545ce7-ebd8-4b3b-98fa-2f442d48bc5e_pyramid_tiles_files_16_27_43.pt,0,train
GigaPath_embeddings_LBC_train/0/cbbb7a3f-b6d5-44d3-9eef-69757a914f2f_pyramid_tiles_files_16_25_2.pt,0,train
GigaPath_embeddings_LBC_train/0/85f754fe-8760-404b-bedb-6d8ac74ced85_pyramid_tiles_files_16_29_23.pt,0,train
GigaPath_embeddings_LBC_train/0/cbbb7a3f-b6d5-44d3-9eef-69757a914f2f_pyramid_tiles_files_16_3_33.pt,0,train
GigaPath_embeddings_LBC_train/0/3d2ea7da-d7a6-4b5a-8c3b-7ff4e99e614f_pyramid_tiles_files_16_13_37.pt,0,train
GigaPath_embeddings_LBC_train/0/4b71df3c-6e36-4b86-86cd-403d470980d8_pyramid_tiles_files_16_32_23.pt,0,train
GigaPath_embeddings_LBC_train/0/4b71df3c-6e36-4b86-86cd-403d470980d8_pyramid_tiles_files_16_28_2.pt,0,train
GigaPath_embeddings_LBC_train/0/4b71df3c-6e36-4b86-86cd-403d470980d8_pyramid_tiles_files_16_27_8.pt,0,train
GigaPath_embeddings_LBC_train/0/cbbb7a3f-b6d5-44d3-9eef-69757a914f2f_pyramid_tiles_files_16_23_9.pt,0,train
GigaPath_embeddings_LBC_train/0/85f754fe-8760-404b-bedb-6d8ac74ced85_pyramid_tiles_files_16_8_28.pt,0,train
GigaPath_embeddings_LBC_train/0/4b71df3c-6e36-4b86-86cd-403d470980d8_pyramid_tiles_files_16_11_26.pt,0,train
GigaPath_embeddings_LBC_train/0/3d2ea7da-d7a6-4b5a-8c3b-7ff4e99e614f_pyramid_tiles_files_16_20_20.pt,0,train
GigaPath_embeddings_LBC_train/0/2b545ce7-ebd8-4b3b-98fa-2f442d48bc5e_pyramid_tiles_files_16_22_30.pt,0,train
GigaPath_embeddings_LBC_train/0/3d2ea7da-d7a6-4b5a-8c3b-7ff4e99e614f_pyramid_tiles_files_16_20_5.pt,0,train
GigaPath_embeddings_LBC_train/0/3d2ea7da-d7a6-4b5a-8c3b-7ff4e99e614f_pyramid_tiles_files_16_14_18.pt,0,train
GigaPath_embeddings_LBC_train/0/3d2ea7da-d7a6-4b5a-8c3b-7ff4e99e614f_pyramid_tiles_files_16_8_31.pt,0,train
GigaPath_embeddings_LBC_train/0/3d2ea7da-d7a6-4b5a-8c3b-7ff4e99e614f_pyramid_tiles_files_16_14_30.pt,0,train
GigaPath_embeddings_LBC_train/0/2b545ce7-ebd8-4b3b-98fa-2f442d48bc5e_pyramid_tiles_files_16_15_21.pt,0,train
GigaPath_embeddings_LBC_train/0/2b545ce7-ebd8-4b3b-98fa-2f442d48bc5e_pyramid_tiles_files_16_7_37.pt,0,train
GigaPath_embeddings_LBC_train/0/cbbb7a3f-b6d5-44d3-9eef-69757a914f2f_pyramid_tiles_files_16_12_35.pt,0,train
GigaPath_embeddings_LBC_train/0/4b71df3c-6e36-4b86-86cd-403d470980d8_pyramid_tiles_files_16_25_25.pt,0,train
GigaPath_embeddings_LBC_train/0/3d2ea7da-d7a6-4b5a-8c3b-7ff4e99e614f_pyramid_tiles_files_16_23_32.pt,0,train
GigaPath_embeddings_LBC_train/0/cbbb7a3f-b6d5-44d3-9eef-69757a914f2f_pyramid_tiles_files_16_38_21.pt,0,train
GigaPath_embeddings_LBC_train/0/2b545ce7-ebd8-4b3b-98fa-2f442d48bc5e_pyramid_tiles_files_16_26_12.pt,0,train
GigaPath_embeddings_LBC_train/0/85f754fe-8760-404b-bedb-6d8ac74ced85_pyramid_tiles_files_16_11_24.pt,0,train
GigaPath_embeddings_LBC_train/0/85f754fe-8760-404b-bedb-6d8ac74ced85_pyramid_tiles_files_16_16_6.pt,0,train
GigaPath_embeddings_LBC_train/0/85f754fe-8760-404b-bedb-6d8ac74ced85_pyramid_tiles_files_16_10_28.pt,0,train
GigaPath_embeddings_LBC_train/0/3d2ea7da-d7a6-4b5a-8c3b-7ff4e99e614f_pyramid_tiles_files_16_19_31.pt,0,train
GigaPath_embeddings_LBC_train/0/4b71df3c-6e36-4b86-86cd-403d470980d8_pyramid_tiles_files_16_32_11.pt,0,train
GigaPath_embeddings_LBC_train/0/85f754fe-8760-404b-bedb-6d8ac74ced85_pyramid_tiles_files_16_36_28.pt,0,train
GigaPath_embeddings_LBC_train/0/cbbb7a3f-b6d5-44d3-9eef-69757a914f2f_pyramid_tiles_files_16_32_17.pt,0,train
GigaPath_embeddings_LBC_train/0/4b71df3c-6e36-4b86-86cd-403d470980d8_pyramid_tiles_files_16_29_18.pt,0,train
GigaPath_embeddings_LBC_train/0/cbbb7a3f-b6d5-44d3-9eef-69757a914f2f_pyramid_tiles_files_16_27_26.pt,0,train
GigaPath_embeddings_LBC_train/0/cbbb7a3f-b6d5-44d3-9eef-69757a914f2f_pyramid_tiles_files_16_18_11.pt,0,train
GigaPath_embeddings_LBC_train/0/3d2ea7da-d7a6-4b5a-8c3b-7ff4e99e614f_pyramid_tiles_files_16_30_13.pt,0,train
GigaPath_embeddings_LBC_train/0/2b545ce7-ebd8-4b3b-98fa-2f442d48bc5e_pyramid_tiles_files_16_9_32.pt,0,train
GigaPath_embeddings_LBC_train/0/4b71df3c-6e36-4b86-86cd-403d470980d8_pyramid_tiles_files_16_18_12.pt,0,train
GigaPath_embeddings_LBC_train/0/85f754fe-8760-404b-bedb-6d8ac74ced85_pyramid_tiles_files_16_27_28.pt,0,train
GigaPath_embeddings_LBC_train/0/85f754fe-8760-404b-bedb-6d8ac74ced85_pyramid_tiles_files_16_13_9.pt,0,train
GigaPath_embeddings_LBC_train/0/2b545ce7-ebd8-4b3b-98fa-2f442d48bc5e_pyramid_tiles_files_16_10_33.pt,0,train
GigaPath_embeddings_LBC_train/0/4b71df3c-6e36-4b86-86cd-403d470980d8_pyramid_tiles_files_16_37_16.pt,0,train
GigaPath_embeddings_LBC_train/0/2b545ce7-ebd8-4b3b-98fa-2f442d48bc5e_pyramid_tiles_files_16_17_45.pt,0,train
GigaPath_embeddings_LBC_train/0/2b545ce7-ebd8-4b3b-98fa-2f442d48bc5e_pyramid_tiles_files_16_3_25.pt,0,train
GigaPath_embeddings_LBC_train/0/cbbb7a3f-b6d5-44d3-9eef-69757a914f2f_pyramid_tiles_files_16_12_18.pt,0,train
GigaPath_embeddings_LBC_train/0/3d2ea7da-d7a6-4b5a-8c3b-7ff4e99e614f_pyramid_tiles_files_16_28_17.pt,0,train
GigaPath_embeddings_LBC_train/0/85f754fe-8760-404b-bedb-6d8ac74ced85_pyramid_tiles_files_16_15_9.pt,0,train
GigaPath_embeddings_LBC_train/0/3d2ea7da-d7a6-4b5a-8c3b-7ff4e99e614f_pyramid_tiles_files_16_35_12.pt,0,train
GigaPath_embeddings_LBC_train/0/4b71df3c-6e36-4b86-86cd-403d470980d8_pyramid_tiles_files_16_5_17.pt,0,train
GigaPath_embeddings_LBC_train/0/3d2ea7da-d7a6-4b5a-8c3b-7ff4e99e614f_pyramid_tiles_files_16_6_19.pt,0,train
GigaPath_embeddings_LBC_train/0/2b545ce7-ebd8-4b3b-98fa-2f442d48bc5e_pyramid_tiles_files_16_26_41.pt,0,train
GigaPath_embeddings_LBC_train/0/4b71df3c-6e36-4b86-86cd-403d470980d8_pyramid_tiles_files_16_8_24.pt,0,train
GigaPath_embeddings_LBC_train/0/4b71df3c-6e36-4b86-86cd-403d470980d8_pyramid_tiles_files_16_16_20.pt,0,train
GigaPath_embeddings_LBC_train/0/85f754fe-8760-404b-bedb-6d8ac74ced85_pyramid_tiles_files_16_29_9.pt,0,train
GigaPath_embeddings_LBC_train/0/2b545ce7-ebd8-4b3b-98fa-2f442d48bc5e_pyramid_tiles_files_16_29_44.pt,0,train
GigaPath_embeddings_LBC_train/0/4b71df3c-6e36-4b86-86cd-403d470980d8_pyramid_tiles_files_16_9_12.pt,0,train
GigaPath_embeddings_LBC_train/0/4b71df3c-6e36-4b86-86cd-403d470980d8_pyramid_tiles_files_16_28_10.pt,0,train
GigaPath_embeddings_LBC_train/0/2b545ce7-ebd8-4b3b-98fa-2f442d48bc5e_pyramid_tiles_files_16_15_45.pt,0,train
GigaPath_embeddings_LBC_train/0/3d2ea7da-d7a6-4b5a-8c3b-7ff4e99e614f_pyramid_tiles_files_16_37_17.pt,0,train
GigaPath_embeddings_LBC_train/0/85f754fe-8760-404b-bedb-6d8ac74ced85_pyramid_tiles_files_16_23_4.pt,0,train
GigaPath_embeddings_LBC_train/0/3d2ea7da-d7a6-4b5a-8c3b-7ff4e99e614f_pyramid_tiles_files_16_33_13.pt,0,train
GigaPath_embeddings_LBC_train/0/2b545ce7-ebd8-4b3b-98fa-2f442d48bc5e_pyramid_tiles_files_16_5_33.pt,0,train
GigaPath_embeddings_LBC_train/0/3d2ea7da-d7a6-4b5a-8c3b-7ff4e99e614f_pyramid_tiles_files_16_17_17.pt,0,train
GigaPath_embeddings_LBC_train/0/2b545ce7-ebd8-4b3b-98fa-2f442d48bc5e_pyramid_tiles_files_16_10_22.pt,0,train
GigaPath_embeddings_LBC_train/0/3d2ea7da-d7a6-4b5a-8c3b-7ff4e99e614f_pyramid_tiles_files_16_27_2.pt,0,train
GigaPath_embeddings_LBC_train/0/4b71df3c-6e36-4b86-86cd-403d470980d8_pyramid_tiles_files_16_22_6.pt,0,train
GigaPath_embeddings_LBC_train/0/3d2ea7da-d7a6-4b5a-8c3b-7ff4e99e614f_pyramid_tiles_files_16_20_36.pt,0,train
GigaPath_embeddings_LBC_train/0/4b71df3c-6e36-4b86-86cd-403d470980d8_pyramid_tiles_files_16_15_8.pt,0,train
GigaPath_embeddings_LBC_train/0/cbbb7a3f-b6d5-44d3-9eef-69757a914f2f_pyramid_tiles_files_16_28_14.pt,0,train
GigaPath_embeddings_LBC_train/0/cbbb7a3f-b6d5-44d3-9eef-69757a914f2f_pyramid_tiles_files_16_5_34.pt,0,train
GigaPath_embeddings_LBC_train/0/cbbb7a3f-b6d5-44d3-9eef-69757a914f2f_pyramid_tiles_files_16_30_20.pt,0,train
GigaPath_embeddings_LBC_train/0/4b71df3c-6e36-4b86-86cd-403d470980d8_pyramid_tiles_files_16_24_0.pt,0,train
GigaPath_embeddings_LBC_train/0/3d2ea7da-d7a6-4b5a-8c3b-7ff4e99e614f_pyramid_tiles_files_16_14_35.pt,0,train
GigaPath_embeddings_LBC_train/0/85f754fe-8760-404b-bedb-6d8ac74ced85_pyramid_tiles_files_16_20_0.pt,0,train
GigaPath_embeddings_LBC_train/0/4b71df3c-6e36-4b86-86cd-403d470980d8_pyramid_tiles_files_16_23_33.pt,0,train
GigaPath_embeddings_LBC_train/0/cbbb7a3f-b6d5-44d3-9eef-69757a914f2f_pyramid_tiles_files_16_10_36.pt,0,train
GigaPath_embeddings_LBC_train/0/cbbb7a3f-b6d5-44d3-9eef-69757a914f2f_pyramid_tiles_files_16_26_10.pt,0,train
GigaPath_embeddings_LBC_train/0/85f754fe-8760-404b-bedb-6d8ac74ced85_pyramid_tiles_files_16_28_21.pt,0,train
GigaPath_embeddings_LBC_train/0/2b545ce7-ebd8-4b3b-98fa-2f442d48bc5e_pyramid_tiles_files_16_4_33.pt,0,train
GigaPath_embeddings_LBC_train/0/2b545ce7-ebd8-4b3b-98fa-2f442d48bc5e_pyramid_tiles_files_16_33_28.pt,0,train
GigaPath_embeddings_LBC_train/0/4b71df3c-6e36-4b86-86cd-403d470980d8_pyramid_tiles_files_16_31_0.pt,0,train
GigaPath_embeddings_LBC_train/0/85f754fe-8760-404b-bedb-6d8ac74ced85_pyramid_tiles_files_16_21_16.pt,0,train
GigaPath_embeddings_LBC_train/0/4b71df3c-6e36-4b86-86cd-403d470980d8_pyramid_tiles_files_16_21_8.pt,0,train
GigaPath_embeddings_LBC_train/0/cbbb7a3f-b6d5-44d3-9eef-69757a914f2f_pyramid_tiles_files_16_8_31.pt,0,train
GigaPath_embeddings_LBC_train/0/3d2ea7da-d7a6-4b5a-8c3b-7ff4e99e614f_pyramid_tiles_files_16_12_13.pt,0,train
GigaPath_embeddings_LBC_train/0/3d2ea7da-d7a6-4b5a-8c3b-7ff4e99e614f_pyramid_tiles_files_16_17_38.pt,0,train
GigaPath_embeddings_LBC_train/0/cbbb7a3f-b6d5-44d3-9eef-69757a914f2f_pyramid_tiles_files_16_34_34.pt,0,train
GigaPath_embeddings_LBC_train/0/4b71df3c-6e36-4b86-86cd-403d470980d8_pyramid_tiles_files_16_23_22.pt,0,train
GigaPath_embeddings_LBC_train/0/cbbb7a3f-b6d5-44d3-9eef-69757a914f2f_pyramid_tiles_files_16_6_24.pt,0,train
GigaPath_embeddings_LBC_train/0/4b71df3c-6e36-4b86-86cd-403d470980d8_pyramid_tiles_files_16_5_25.pt,0,train
GigaPath_embeddings_LBC_train/0/3d2ea7da-d7a6-4b5a-8c3b-7ff4e99e614f_pyramid_tiles_files_16_16_38.pt,0,train
GigaPath_embeddings_LBC_train/0/3d2ea7da-d7a6-4b5a-8c3b-7ff4e99e614f_pyramid_tiles_files_16_12_34.pt,0,train
GigaPath_embeddings_LBC_train/0/3d2ea7da-d7a6-4b5a-8c3b-7ff4e99e614f_pyramid_tiles_files_16_20_16.pt,0,train
GigaPath_embeddings_LBC_train/0/4b71df3c-6e36-4b86-86cd-403d470980d8_pyramid_tiles_files_16_18_17.pt,0,train
GigaPath_embeddings_LBC_train/0/4b71df3c-6e36-4b86-86cd-403d470980d8_pyramid_tiles_files_16_12_20.pt,0,train
GigaPath_embeddings_LBC_train/0/2b545ce7-ebd8-4b3b-98fa-2f442d48bc5e_pyramid_tiles_files_16_27_38.pt,0,train
GigaPath_embeddings_LBC_train/0/2b545ce7-ebd8-4b3b-98fa-2f442d48bc5e_pyramid_tiles_files_16_12_32.pt,0,train
GigaPath_embeddings_LBC_train/0/2b545ce7-ebd8-4b3b-98fa-2f442d48bc5e_pyramid_tiles_files_16_18_14.pt,0,train
GigaPath_embeddings_LBC_train/0/cbbb7a3f-b6d5-44d3-9eef-69757a914f2f_pyramid_tiles_files_16_20_9.pt,0,train
GigaPath_embeddings_LBC_train/0/85f754fe-8760-404b-bedb-6d8ac74ced85_pyramid_tiles_files_16_9_18.pt,0,train
GigaPath_embeddings_LBC_train/0/3d2ea7da-d7a6-4b5a-8c3b-7ff4e99e614f_pyramid_tiles_files_16_30_23.pt,0,train
GigaPath_embeddings_LBC_train/0/3d2ea7da-d7a6-4b5a-8c3b-7ff4e99e614f_pyramid_tiles_files_16_18_32.pt,0,train
GigaPath_embeddings_LBC_train/0/4b71df3c-6e36-4b86-86cd-403d470980d8_pyramid_tiles_files_16_24_23.pt,0,train
GigaPath_embeddings_LBC_train/0/4b71df3c-6e36-4b86-86cd-403d470980d8_pyramid_tiles_files_16_5_30.pt,0,train
GigaPath_embeddings_LBC_train/0/cbbb7a3f-b6d5-44d3-9eef-69757a914f2f_pyramid_tiles_files_16_15_3.pt,0,train
GigaPath_embeddings_LBC_train/0/4b71df3c-6e36-4b86-86cd-403d470980d8_pyramid_tiles_files_16_25_31.pt,0,train
GigaPath_embeddings_LBC_train/0/2b545ce7-ebd8-4b3b-98fa-2f442d48bc5e_pyramid_tiles_files_16_3_17.pt,0,train
GigaPath_embeddings_LBC_train/0/4b71df3c-6e36-4b86-86cd-403d470980d8_pyramid_tiles_files_16_13_26.pt,0,train
GigaPath_embeddings_LBC_train/0/85f754fe-8760-404b-bedb-6d8ac74ced85_pyramid_tiles_files_16_6_21.pt,0,train
GigaPath_embeddings_LBC_train/0/4b71df3c-6e36-4b86-86cd-403d470980d8_pyramid_tiles_files_16_21_37.pt,0,train
GigaPath_embeddings_LBC_train/0/2b545ce7-ebd8-4b3b-98fa-2f442d48bc5e_pyramid_tiles_files_16_23_13.pt,0,train
GigaPath_embeddings_LBC_train/0/4b71df3c-6e36-4b86-86cd-403d470980d8_pyramid_tiles_files_16_11_16.pt,0,train
GigaPath_embeddings_LBC_train/0/3d2ea7da-d7a6-4b5a-8c3b-7ff4e99e614f_pyramid_tiles_files_16_32_19.pt,0,train
GigaPath_embeddings_LBC_train/0/cbbb7a3f-b6d5-44d3-9eef-69757a914f2f_pyramid_tiles_files_16_6_20.pt,0,train
GigaPath_embeddings_LBC_train/0/3d2ea7da-d7a6-4b5a-8c3b-7ff4e99e614f_pyramid_tiles_files_16_30_10.pt,0,train
GigaPath_embeddings_LBC_train/0/85f754fe-8760-404b-bedb-6d8ac74ced85_pyramid_tiles_files_16_32_34.pt,0,train
GigaPath_embeddings_LBC_train/0/85f754fe-8760-404b-bedb-6d8ac74ced85_pyramid_tiles_files_16_38_23.pt,0,train
GigaPath_embeddings_LBC_train/0/cbbb7a3f-b6d5-44d3-9eef-69757a914f2f_pyramid_tiles_files_16_20_21.pt,0,train
GigaPath_embeddings_LBC_train/0/cbbb7a3f-b6d5-44d3-9eef-69757a914f2f_pyramid_tiles_files_16_14_1.pt,0,train
GigaPath_embeddings_LBC_train/0/85f754fe-8760-404b-bedb-6d8ac74ced85_pyramid_tiles_files_16_33_7.pt,0,train
GigaPath_embeddings_LBC_train/0/85f754fe-8760-404b-bedb-6d8ac74ced85_pyramid_tiles_files_16_22_23.pt,0,train
GigaPath_embeddings_LBC_train/0/4b71df3c-6e36-4b86-86cd-403d470980d8_pyramid_tiles_files_16_17_1.pt,0,train
GigaPath_embeddings_LBC_train/0/4b71df3c-6e36-4b86-86cd-403d470980d8_pyramid_tiles_files_16_31_30.pt,0,train
GigaPath_embeddings_LBC_train/0/4b71df3c-6e36-4b86-86cd-403d470980d8_pyramid_tiles_files_16_11_12.pt,0,train
GigaPath_embeddings_LBC_train/0/cbbb7a3f-b6d5-44d3-9eef-69757a914f2f_pyramid_tiles_files_16_22_18.pt,0,train
GigaPath_embeddings_LBC_train/0/4b71df3c-6e36-4b86-86cd-403d470980d8_pyramid_tiles_files_16_5_22.pt,0,train
GigaPath_embeddings_LBC_train/0/2b545ce7-ebd8-4b3b-98fa-2f442d48bc5e_pyramid_tiles_files_16_27_45.pt,0,train
GigaPath_embeddings_LBC_train/0/4b71df3c-6e36-4b86-86cd-403d470980d8_pyramid_tiles_files_16_40_25.pt,0,train
GigaPath_embeddings_LBC_train/0/3d2ea7da-d7a6-4b5a-8c3b-7ff4e99e614f_pyramid_tiles_files_16_9_30.pt,0,train
GigaPath_embeddings_LBC_train/0/3d2ea7da-d7a6-4b5a-8c3b-7ff4e99e614f_pyramid_tiles_files_16_15_19.pt,0,train
GigaPath_embeddings_LBC_train/0/cbbb7a3f-b6d5-44d3-9eef-69757a914f2f_pyramid_tiles_files_16_25_14.pt,0,train
GigaPath_embeddings_LBC_train/0/2b545ce7-ebd8-4b3b-98fa-2f442d48bc5e_pyramid_tiles_files_16_0_21.pt,0,train
GigaPath_embeddings_LBC_train/0/4b71df3c-6e36-4b86-86cd-403d470980d8_pyramid_tiles_files_16_26_36.pt,0,train
GigaPath_embeddings_LBC_train/0/4b71df3c-6e36-4b86-86cd-403d470980d8_pyramid_tiles_files_16_24_35.pt,0,train
GigaPath_embeddings_LBC_train/0/4b71df3c-6e36-4b86-86cd-403d470980d8_pyramid_tiles_files_16_2_21.pt,0,train
GigaPath_embeddings_LBC_train/0/cbbb7a3f-b6d5-44d3-9eef-69757a914f2f_pyramid_tiles_files_16_36_12.pt,0,train
GigaPath_embeddings_LBC_train/0/4b71df3c-6e36-4b86-86cd-403d470980d8_pyramid_tiles_files_16_26_18.pt,0,train
GigaPath_embeddings_LBC_train/0/2b545ce7-ebd8-4b3b-98fa-2f442d48bc5e_pyramid_tiles_files_16_31_14.pt,0,train
GigaPath_embeddings_LBC_train/0/2b545ce7-ebd8-4b3b-98fa-2f442d48bc5e_pyramid_tiles_files_16_24_11.pt,0,train
GigaPath_embeddings_LBC_train/0/cbbb7a3f-b6d5-44d3-9eef-69757a914f2f_pyramid_tiles_files_16_26_29.pt,0,train
GigaPath_embeddings_LBC_train/0/4b71df3c-6e36-4b86-86cd-403d470980d8_pyramid_tiles_files_16_15_2.pt,0,train
GigaPath_embeddings_LBC_train/0/85f754fe-8760-404b-bedb-6d8ac74ced85_pyramid_tiles_files_16_12_11.pt,0,train
GigaPath_embeddings_LBC_train/0/4b71df3c-6e36-4b86-86cd-403d470980d8_pyramid_tiles_files_16_8_10.pt,0,train
GigaPath_embeddings_LBC_train/0/4b71df3c-6e36-4b86-86cd-403d470980d8_pyramid_tiles_files_16_9_17.pt,0,train
GigaPath_embeddings_LBC_train/0/2b545ce7-ebd8-4b3b-98fa-2f442d48bc5e_pyramid_tiles_files_16_10_23.pt,0,train
GigaPath_embeddings_LBC_train/0/85f754fe-8760-404b-bedb-6d8ac74ced85_pyramid_tiles_files_16_9_12.pt,0,train
GigaPath_embeddings_LBC_train/0/cbbb7a3f-b6d5-44d3-9eef-69757a914f2f_pyramid_tiles_files_16_28_7.pt,0,train
GigaPath_embeddings_LBC_train/0/85f754fe-8760-404b-bedb-6d8ac74ced85_pyramid_tiles_files_16_27_29.pt,0,train
GigaPath_embeddings_LBC_train/0/2b545ce7-ebd8-4b3b-98fa-2f442d48bc5e_pyramid_tiles_files_16_16_35.pt,0,train
GigaPath_embeddings_LBC_train/0/3d2ea7da-d7a6-4b5a-8c3b-7ff4e99e614f_pyramid_tiles_files_16_5_11.pt,0,train
GigaPath_embeddings_LBC_train/0/2b545ce7-ebd8-4b3b-98fa-2f442d48bc5e_pyramid_tiles_files_16_34_19.pt,0,train
GigaPath_embeddings_LBC_train/0/2b545ce7-ebd8-4b3b-98fa-2f442d48bc5e_pyramid_tiles_files_16_30_18.pt,0,train
GigaPath_embeddings_LBC_train/0/85f754fe-8760-404b-bedb-6d8ac74ced85_pyramid_tiles_files_16_11_1.pt,0,train
GigaPath_embeddings_LBC_train/0/cbbb7a3f-b6d5-44d3-9eef-69757a914f2f_pyramid_tiles_files_16_23_19.pt,0,train
GigaPath_embeddings_LBC_train/0/4b71df3c-6e36-4b86-86cd-403d470980d8_pyramid_tiles_files_16_32_5.pt,0,train
GigaPath_embeddings_LBC_train/0/cbbb7a3f-b6d5-44d3-9eef-69757a914f2f_pyramid_tiles_files_16_8_12.pt,0,train
GigaPath_embeddings_LBC_train/0/85f754fe-8760-404b-bedb-6d8ac74ced85_pyramid_tiles_files_16_11_35.pt,0,train
GigaPath_embeddings_LBC_train/0/cbbb7a3f-b6d5-44d3-9eef-69757a914f2f_pyramid_tiles_files_16_29_26.pt,0,train
GigaPath_embeddings_LBC_train/0/3d2ea7da-d7a6-4b5a-8c3b-7ff4e99e614f_pyramid_tiles_files_16_33_26.pt,0,train
GigaPath_embeddings_LBC_train/0/3d2ea7da-d7a6-4b5a-8c3b-7ff4e99e614f_pyramid_tiles_files_16_31_20.pt,0,train
GigaPath_embeddings_LBC_train/0/2b545ce7-ebd8-4b3b-98fa-2f442d48bc5e_pyramid_tiles_files_16_11_27.pt,0,train
GigaPath_embeddings_LBC_train/0/3d2ea7da-d7a6-4b5a-8c3b-7ff4e99e614f_pyramid_tiles_files_16_8_34.pt,0,train
GigaPath_embeddings_LBC_train/0/4b71df3c-6e36-4b86-86cd-403d470980d8_pyramid_tiles_files_16_6_3.pt,0,train
GigaPath_embeddings_LBC_train/0/3d2ea7da-d7a6-4b5a-8c3b-7ff4e99e614f_pyramid_tiles_files_16_18_18.pt,0,train
GigaPath_embeddings_LBC_train/0/2b545ce7-ebd8-4b3b-98fa-2f442d48bc5e_pyramid_tiles_files_16_21_26.pt,0,train
GigaPath_embeddings_LBC_train/0/4b71df3c-6e36-4b86-86cd-403d470980d8_pyramid_tiles_files_16_12_3.pt,0,train
GigaPath_embeddings_LBC_train/0/cbbb7a3f-b6d5-44d3-9eef-69757a914f2f_pyramid_tiles_files_16_28_32.pt,0,train
GigaPath_embeddings_LBC_train/0/cbbb7a3f-b6d5-44d3-9eef-69757a914f2f_pyramid_tiles_files_16_26_12.pt,0,train
GigaPath_embeddings_LBC_train/0/3d2ea7da-d7a6-4b5a-8c3b-7ff4e99e614f_pyramid_tiles_files_16_33_27.pt,0,train
GigaPath_embeddings_LBC_train/0/85f754fe-8760-404b-bedb-6d8ac74ced85_pyramid_tiles_files_16_10_5.pt,0,train
GigaPath_embeddings_LBC_train/0/2b545ce7-ebd8-4b3b-98fa-2f442d48bc5e_pyramid_tiles_files_16_21_27.pt,0,train
GigaPath_embeddings_LBC_train/0/3d2ea7da-d7a6-4b5a-8c3b-7ff4e99e614f_pyramid_tiles_files_16_24_40.pt,0,train
GigaPath_embeddings_LBC_train/0/2b545ce7-ebd8-4b3b-98fa-2f442d48bc5e_pyramid_tiles_files_16_17_19.pt,0,train
GigaPath_embeddings_LBC_train/0/85f754fe-8760-404b-bedb-6d8ac74ced85_pyramid_tiles_files_16_4_23.pt,0,train
GigaPath_embeddings_LBC_train/0/cbbb7a3f-b6d5-44d3-9eef-69757a914f2f_pyramid_tiles_files_16_12_39.pt,0,train
GigaPath_embeddings_LBC_train/0/cbbb7a3f-b6d5-44d3-9eef-69757a914f2f_pyramid_tiles_files_16_3_24.pt,0,train
GigaPath_embeddings_LBC_train/0/cbbb7a3f-b6d5-44d3-9eef-69757a914f2f_pyramid_tiles_files_16_33_10.pt,0,train
GigaPath_embeddings_LBC_train/0/4b71df3c-6e36-4b86-86cd-403d470980d8_pyramid_tiles_files_16_14_4.pt,0,train
GigaPath_embeddings_LBC_train/0/4b71df3c-6e36-4b86-86cd-403d470980d8_pyramid_tiles_files_16_36_14.pt,0,train
GigaPath_embeddings_LBC_train/0/85f754fe-8760-404b-bedb-6d8ac74ced85_pyramid_tiles_files_16_33_22.pt,0,train
GigaPath_embeddings_LBC_train/0/2b545ce7-ebd8-4b3b-98fa-2f442d48bc5e_pyramid_tiles_files_16_14_46.pt,0,train
GigaPath_embeddings_LBC_train/0/4b71df3c-6e36-4b86-86cd-403d470980d8_pyramid_tiles_files_16_28_16.pt,0,train
GigaPath_embeddings_LBC_train/0/2b545ce7-ebd8-4b3b-98fa-2f442d48bc5e_pyramid_tiles_files_16_11_41.pt,0,train
GigaPath_embeddings_LBC_train/0/4b71df3c-6e36-4b86-86cd-403d470980d8_pyramid_tiles_files_16_18_5.pt,0,train
GigaPath_embeddings_LBC_train/0/4b71df3c-6e36-4b86-86cd-403d470980d8_pyramid_tiles_files_16_18_7.pt,0,train
GigaPath_embeddings_LBC_train/0/3d2ea7da-d7a6-4b5a-8c3b-7ff4e99e614f_pyramid_tiles_files_16_38_17.pt,0,train
GigaPath_embeddings_LBC_train/0/2b545ce7-ebd8-4b3b-98fa-2f442d48bc5e_pyramid_tiles_files_16_10_47.pt,0,train
GigaPath_embeddings_LBC_train/0/3d2ea7da-d7a6-4b5a-8c3b-7ff4e99e614f_pyramid_tiles_files_16_20_22.pt,0,train
GigaPath_embeddings_LBC_train/0/2b545ce7-ebd8-4b3b-98fa-2f442d48bc5e_pyramid_tiles_files_16_11_32.pt,0,train
GigaPath_embeddings_LBC_train/0/cbbb7a3f-b6d5-44d3-9eef-69757a914f2f_pyramid_tiles_files_16_20_8.pt,0,train
GigaPath_embeddings_LBC_train/0/4b71df3c-6e36-4b86-86cd-403d470980d8_pyramid_tiles_files_16_30_32.pt,0,train
GigaPath_embeddings_LBC_train/0/85f754fe-8760-404b-bedb-6d8ac74ced85_pyramid_tiles_files_16_22_8.pt,0,train
GigaPath_embeddings_LBC_train/0/cbbb7a3f-b6d5-44d3-9eef-69757a914f2f_pyramid_tiles_files_16_4_13.pt,0,train
GigaPath_embeddings_LBC_train/0/3d2ea7da-d7a6-4b5a-8c3b-7ff4e99e614f_pyramid_tiles_files_16_25_17.pt,0,train
GigaPath_embeddings_LBC_train/0/85f754fe-8760-404b-bedb-6d8ac74ced85_pyramid_tiles_files_16_12_3.pt,0,train
GigaPath_embeddings_LBC_train/0/cbbb7a3f-b6d5-44d3-9eef-69757a914f2f_pyramid_tiles_files_16_25_12.pt,0,train
GigaPath_embeddings_LBC_train/0/2b545ce7-ebd8-4b3b-98fa-2f442d48bc5e_pyramid_tiles_files_16_17_12.pt,0,train
GigaPath_embeddings_LBC_train/0/85f754fe-8760-404b-bedb-6d8ac74ced85_pyramid_tiles_files_16_33_17.pt,0,train
GigaPath_embeddings_LBC_train/0/3d2ea7da-d7a6-4b5a-8c3b-7ff4e99e614f_pyramid_tiles_files_16_24_24.pt,0,train
GigaPath_embeddings_LBC_train/0/cbbb7a3f-b6d5-44d3-9eef-69757a914f2f_pyramid_tiles_files_16_17_14.pt,0,train
GigaPath_embeddings_LBC_train/0/4b71df3c-6e36-4b86-86cd-403d470980d8_pyramid_tiles_files_16_24_14.pt,0,train
GigaPath_embeddings_LBC_train/0/85f754fe-8760-404b-bedb-6d8ac74ced85_pyramid_tiles_files_16_4_18.pt,0,train
GigaPath_embeddings_LBC_train/0/4b71df3c-6e36-4b86-86cd-403d470980d8_pyramid_tiles_files_16_29_27.pt,0,train
GigaPath_embeddings_LBC_train/0/4b71df3c-6e36-4b86-86cd-403d470980d8_pyramid_tiles_files_16_13_29.pt,0,train
GigaPath_embeddings_LBC_train/0/cbbb7a3f-b6d5-44d3-9eef-69757a914f2f_pyramid_tiles_files_16_6_29.pt,0,train
GigaPath_embeddings_LBC_train/0/2b545ce7-ebd8-4b3b-98fa-2f442d48bc5e_pyramid_tiles_files_16_15_27.pt,0,train
GigaPath_embeddings_LBC_train/0/cbbb7a3f-b6d5-44d3-9eef-69757a914f2f_pyramid_tiles_files_16_30_33.pt,0,train
GigaPath_embeddings_LBC_train/0/3d2ea7da-d7a6-4b5a-8c3b-7ff4e99e614f_pyramid_tiles_files_16_19_39.pt,0,train
GigaPath_embeddings_LBC_train/0/4b71df3c-6e36-4b86-86cd-403d470980d8_pyramid_tiles_files_16_23_16.pt,0,train
GigaPath_embeddings_LBC_train/0/4b71df3c-6e36-4b86-86cd-403d470980d8_pyramid_tiles_files_16_28_24.pt,0,train
GigaPath_embeddings_LBC_train/0/85f754fe-8760-404b-bedb-6d8ac74ced85_pyramid_tiles_files_16_34_15.pt,0,train
GigaPath_embeddings_LBC_train/0/2b545ce7-ebd8-4b3b-98fa-2f442d48bc5e_pyramid_tiles_files_16_28_36.pt,0,train
GigaPath_embeddings_LBC_train/0/3d2ea7da-d7a6-4b5a-8c3b-7ff4e99e614f_pyramid_tiles_files_16_12_18.pt,0,train
GigaPath_embeddings_LBC_train/0/85f754fe-8760-404b-bedb-6d8ac74ced85_pyramid_tiles_files_16_25_22.pt,0,train
GigaPath_embeddings_LBC_train/0/4b71df3c-6e36-4b86-86cd-403d470980d8_pyramid_tiles_files_16_19_30.pt,0,train
GigaPath_embeddings_LBC_train/0/4b71df3c-6e36-4b86-86cd-403d470980d8_pyramid_tiles_files_16_23_11.pt,0,train
GigaPath_embeddings_LBC_train/0/cbbb7a3f-b6d5-44d3-9eef-69757a914f2f_pyramid_tiles_files_16_30_15.pt,0,train
GigaPath_embeddings_LBC_train/0/85f754fe-8760-404b-bedb-6d8ac74ced85_pyramid_tiles_files_16_34_14.pt,0,train
GigaPath_embeddings_LBC_train/0/3d2ea7da-d7a6-4b5a-8c3b-7ff4e99e614f_pyramid_tiles_files_16_23_26.pt,0,train
GigaPath_embeddings_LBC_train/0/3d2ea7da-d7a6-4b5a-8c3b-7ff4e99e614f_pyramid_tiles_files_16_26_10.pt,0,train
GigaPath_embeddings_LBC_train/0/3d2ea7da-d7a6-4b5a-8c3b-7ff4e99e614f_pyramid_tiles_files_16_29_21.pt,0,train
GigaPath_embeddings_LBC_train/0/cbbb7a3f-b6d5-44d3-9eef-69757a914f2f_pyramid_tiles_files_16_20_30.pt,0,train
GigaPath_embeddings_LBC_train/0/2b545ce7-ebd8-4b3b-98fa-2f442d48bc5e_pyramid_tiles_files_16_22_19.pt,0,train
GigaPath_embeddings_LBC_train/0/3d2ea7da-d7a6-4b5a-8c3b-7ff4e99e614f_pyramid_tiles_files_16_9_17.pt,0,train
GigaPath_embeddings_LBC_train/0/3d2ea7da-d7a6-4b5a-8c3b-7ff4e99e614f_pyramid_tiles_files_16_19_30.pt,0,train
GigaPath_embeddings_LBC_train/0/2b545ce7-ebd8-4b3b-98fa-2f442d48bc5e_pyramid_tiles_files_16_23_45.pt,0,train
GigaPath_embeddings_LBC_train/0/cbbb7a3f-b6d5-44d3-9eef-69757a914f2f_pyramid_tiles_files_16_21_40.pt,0,train
GigaPath_embeddings_LBC_train/0/3d2ea7da-d7a6-4b5a-8c3b-7ff4e99e614f_pyramid_tiles_files_16_34_23.pt,0,train
GigaPath_embeddings_LBC_train/0/85f754fe-8760-404b-bedb-6d8ac74ced85_pyramid_tiles_files_16_12_22.pt,0,train
GigaPath_embeddings_LBC_train/0/4b71df3c-6e36-4b86-86cd-403d470980d8_pyramid_tiles_files_16_1_17.pt,0,train
GigaPath_embeddings_LBC_train/0/cbbb7a3f-b6d5-44d3-9eef-69757a914f2f_pyramid_tiles_files_16_19_30.pt,0,train
GigaPath_embeddings_LBC_train/0/cbbb7a3f-b6d5-44d3-9eef-69757a914f2f_pyramid_tiles_files_16_13_9.pt,0,train
GigaPath_embeddings_LBC_train/0/2b545ce7-ebd8-4b3b-98fa-2f442d48bc5e_pyramid_tiles_files_16_31_26.pt,0,train
GigaPath_embeddings_LBC_train/0/4b71df3c-6e36-4b86-86cd-403d470980d8_pyramid_tiles_files_16_9_15.pt,0,train
GigaPath_embeddings_LBC_train/0/85f754fe-8760-404b-bedb-6d8ac74ced85_pyramid_tiles_files_16_12_7.pt,0,train
GigaPath_embeddings_LBC_train/0/cbbb7a3f-b6d5-44d3-9eef-69757a914f2f_pyramid_tiles_files_16_38_20.pt,0,train
GigaPath_embeddings_LBC_train/0/85f754fe-8760-404b-bedb-6d8ac74ced85_pyramid_tiles_files_16_10_33.pt,0,train
GigaPath_embeddings_LBC_train/0/2b545ce7-ebd8-4b3b-98fa-2f442d48bc5e_pyramid_tiles_files_16_30_38.pt,0,train
GigaPath_embeddings_LBC_train/0/2b545ce7-ebd8-4b3b-98fa-2f442d48bc5e_pyramid_tiles_files_16_10_41.pt,0,train
GigaPath_embeddings_LBC_train/0/cbbb7a3f-b6d5-44d3-9eef-69757a914f2f_pyramid_tiles_files_16_16_4.pt,0,train
GigaPath_embeddings_LBC_train/0/4b71df3c-6e36-4b86-86cd-403d470980d8_pyramid_tiles_files_16_26_17.pt,0,train
GigaPath_embeddings_LBC_train/0/4b71df3c-6e36-4b86-86cd-403d470980d8_pyramid_tiles_files_16_32_3.pt,0,train
GigaPath_embeddings_LBC_train/0/cbbb7a3f-b6d5-44d3-9eef-69757a914f2f_pyramid_tiles_files_16_36_26.pt,0,train
GigaPath_embeddings_LBC_train/0/cbbb7a3f-b6d5-44d3-9eef-69757a914f2f_pyramid_tiles_files_16_27_3.pt,0,train
GigaPath_embeddings_LBC_train/0/3d2ea7da-d7a6-4b5a-8c3b-7ff4e99e614f_pyramid_tiles_files_16_32_9.pt,0,train
GigaPath_embeddings_LBC_train/0/85f754fe-8760-404b-bedb-6d8ac74ced85_pyramid_tiles_files_16_19_9.pt,0,train
GigaPath_embeddings_LBC_train/0/3d2ea7da-d7a6-4b5a-8c3b-7ff4e99e614f_pyramid_tiles_files_16_12_28.pt,0,train
GigaPath_embeddings_LBC_train/0/3d2ea7da-d7a6-4b5a-8c3b-7ff4e99e614f_pyramid_tiles_files_16_14_32.pt,0,train
GigaPath_embeddings_LBC_train/0/cbbb7a3f-b6d5-44d3-9eef-69757a914f2f_pyramid_tiles_files_16_34_22.pt,0,train
GigaPath_embeddings_LBC_train/0/3d2ea7da-d7a6-4b5a-8c3b-7ff4e99e614f_pyramid_tiles_files_16_35_13.pt,0,train
GigaPath_embeddings_LBC_train/0/2b545ce7-ebd8-4b3b-98fa-2f442d48bc5e_pyramid_tiles_files_16_3_33.pt,0,train
GigaPath_embeddings_LBC_train/0/85f754fe-8760-404b-bedb-6d8ac74ced85_pyramid_tiles_files_16_8_23.pt,0,train
GigaPath_embeddings_LBC_train/0/cbbb7a3f-b6d5-44d3-9eef-69757a914f2f_pyramid_tiles_files_16_34_13.pt,0,train
GigaPath_embeddings_LBC_train/0/4b71df3c-6e36-4b86-86cd-403d470980d8_pyramid_tiles_files_16_30_15.pt,0,train
GigaPath_embeddings_LBC_train/0/4b71df3c-6e36-4b86-86cd-403d470980d8_pyramid_tiles_files_16_39_12.pt,0,train
GigaPath_embeddings_LBC_train/0/3d2ea7da-d7a6-4b5a-8c3b-7ff4e99e614f_pyramid_tiles_files_16_17_30.pt,0,train
GigaPath_embeddings_LBC_train/0/3d2ea7da-d7a6-4b5a-8c3b-7ff4e99e614f_pyramid_tiles_files_16_25_33.pt,0,train
GigaPath_embeddings_LBC_train/0/4b71df3c-6e36-4b86-86cd-403d470980d8_pyramid_tiles_files_16_8_30.pt,0,train
GigaPath_embeddings_LBC_train/0/cbbb7a3f-b6d5-44d3-9eef-69757a914f2f_pyramid_tiles_files_16_5_36.pt,0,train
GigaPath_embeddings_LBC_train/0/cbbb7a3f-b6d5-44d3-9eef-69757a914f2f_pyramid_tiles_files_16_29_15.pt,0,train
GigaPath_embeddings_LBC_train/0/2b545ce7-ebd8-4b3b-98fa-2f442d48bc5e_pyramid_tiles_files_16_23_19.pt,0,train
GigaPath_embeddings_LBC_train/0/4b71df3c-6e36-4b86-86cd-403d470980d8_pyramid_tiles_files_16_26_33.pt,0,train
GigaPath_embeddings_LBC_train/0/cbbb7a3f-b6d5-44d3-9eef-69757a914f2f_pyramid_tiles_files_16_22_4.pt,0,train
GigaPath_embeddings_LBC_train/0/85f754fe-8760-404b-bedb-6d8ac74ced85_pyramid_tiles_files_16_28_9.pt,0,train
GigaPath_embeddings_LBC_train/0/4b71df3c-6e36-4b86-86cd-403d470980d8_pyramid_tiles_files_16_3_14.pt,0,train
GigaPath_embeddings_LBC_train/0/2b545ce7-ebd8-4b3b-98fa-2f442d48bc5e_pyramid_tiles_files_16_12_18.pt,0,train
GigaPath_embeddings_LBC_train/0/2b545ce7-ebd8-4b3b-98fa-2f442d48bc5e_pyramid_tiles_files_16_13_33.pt,0,train
GigaPath_embeddings_LBC_train/0/4b71df3c-6e36-4b86-86cd-403d470980d8_pyramid_tiles_files_16_20_4.pt,0,train
GigaPath_embeddings_LBC_train/0/3d2ea7da-d7a6-4b5a-8c3b-7ff4e99e614f_pyramid_tiles_files_16_30_19.pt,0,train
GigaPath_embeddings_LBC_train/0/85f754fe-8760-404b-bedb-6d8ac74ced85_pyramid_tiles_files_16_30_3.pt,0,train
GigaPath_embeddings_LBC_train/0/2b545ce7-ebd8-4b3b-98fa-2f442d48bc5e_pyramid_tiles_files_16_11_26.pt,0,train
GigaPath_embeddings_LBC_train/0/3d2ea7da-d7a6-4b5a-8c3b-7ff4e99e614f_pyramid_tiles_files_16_3_13.pt,0,train
GigaPath_embeddings_LBC_train/0/4b71df3c-6e36-4b86-86cd-403d470980d8_pyramid_tiles_files_16_15_30.pt,0,train
GigaPath_embeddings_LBC_train/0/3d2ea7da-d7a6-4b5a-8c3b-7ff4e99e614f_pyramid_tiles_files_16_25_29.pt,0,train
GigaPath_embeddings_LBC_train/0/3d2ea7da-d7a6-4b5a-8c3b-7ff4e99e614f_pyramid_tiles_files_16_29_24.pt,0,train
GigaPath_embeddings_LBC_train/0/cbbb7a3f-b6d5-44d3-9eef-69757a914f2f_pyramid_tiles_files_16_40_23.pt,0,train
GigaPath_embeddings_LBC_train/0/4b71df3c-6e36-4b86-86cd-403d470980d8_pyramid_tiles_files_16_5_13.pt,0,train
GigaPath_embeddings_LBC_train/0/3d2ea7da-d7a6-4b5a-8c3b-7ff4e99e614f_pyramid_tiles_files_16_34_33.pt,0,train
GigaPath_embeddings_LBC_train/0/3d2ea7da-d7a6-4b5a-8c3b-7ff4e99e614f_pyramid_tiles_files_16_24_23.pt,0,train
GigaPath_embeddings_LBC_train/0/2b545ce7-ebd8-4b3b-98fa-2f442d48bc5e_pyramid_tiles_files_16_1_35.pt,0,train
GigaPath_embeddings_LBC_train/0/4b71df3c-6e36-4b86-86cd-403d470980d8_pyramid_tiles_files_16_25_13.pt,0,train
GigaPath_embeddings_LBC_train/0/85f754fe-8760-404b-bedb-6d8ac74ced85_pyramid_tiles_files_16_14_14.pt,0,train
GigaPath_embeddings_LBC_train/0/2b545ce7-ebd8-4b3b-98fa-2f442d48bc5e_pyramid_tiles_files_16_17_36.pt,0,train
GigaPath_embeddings_LBC_train/0/4b71df3c-6e36-4b86-86cd-403d470980d8_pyramid_tiles_files_16_20_32.pt,0,train
GigaPath_embeddings_LBC_train/0/cbbb7a3f-b6d5-44d3-9eef-69757a914f2f_pyramid_tiles_files_16_7_31.pt,0,train
GigaPath_embeddings_LBC_train/0/cbbb7a3f-b6d5-44d3-9eef-69757a914f2f_pyramid_tiles_files_16_10_27.pt,0,train
GigaPath_embeddings_LBC_train/0/2b545ce7-ebd8-4b3b-98fa-2f442d48bc5e_pyramid_tiles_files_16_10_17.pt,0,train
GigaPath_embeddings_LBC_train/0/85f754fe-8760-404b-bedb-6d8ac74ced85_pyramid_tiles_files_16_16_14.pt,0,train
GigaPath_embeddings_LBC_train/0/2b545ce7-ebd8-4b3b-98fa-2f442d48bc5e_pyramid_tiles_files_16_15_20.pt,0,train
GigaPath_embeddings_LBC_train/0/3d2ea7da-d7a6-4b5a-8c3b-7ff4e99e614f_pyramid_tiles_files_16_20_15.pt,0,train
GigaPath_embeddings_LBC_train/0/3d2ea7da-d7a6-4b5a-8c3b-7ff4e99e614f_pyramid_tiles_files_16_10_37.pt,0,train
GigaPath_embeddings_LBC_train/0/cbbb7a3f-b6d5-44d3-9eef-69757a914f2f_pyramid_tiles_files_16_28_29.pt,0,train
GigaPath_embeddings_LBC_train/0/cbbb7a3f-b6d5-44d3-9eef-69757a914f2f_pyramid_tiles_files_16_23_25.pt,0,train
GigaPath_embeddings_LBC_train/0/3d2ea7da-d7a6-4b5a-8c3b-7ff4e99e614f_pyramid_tiles_files_16_27_21.pt,0,train
GigaPath_embeddings_LBC_train/0/85f754fe-8760-404b-bedb-6d8ac74ced85_pyramid_tiles_files_16_24_14.pt,0,train
GigaPath_embeddings_LBC_train/0/2b545ce7-ebd8-4b3b-98fa-2f442d48bc5e_pyramid_tiles_files_16_21_46.pt,0,train
GigaPath_embeddings_LBC_train/0/4b71df3c-6e36-4b86-86cd-403d470980d8_pyramid_tiles_files_16_21_3.pt,0,train
GigaPath_embeddings_LBC_train/0/3d2ea7da-d7a6-4b5a-8c3b-7ff4e99e614f_pyramid_tiles_files_16_35_14.pt,0,train
GigaPath_embeddings_LBC_train/0/cbbb7a3f-b6d5-44d3-9eef-69757a914f2f_pyramid_tiles_files_16_6_10.pt,0,train
GigaPath_embeddings_LBC_train/0/3d2ea7da-d7a6-4b5a-8c3b-7ff4e99e614f_pyramid_tiles_files_16_38_28.pt,0,train
GigaPath_embeddings_LBC_train/0/cbbb7a3f-b6d5-44d3-9eef-69757a914f2f_pyramid_tiles_files_16_5_11.pt,0,train
GigaPath_embeddings_LBC_train/0/3d2ea7da-d7a6-4b5a-8c3b-7ff4e99e614f_pyramid_tiles_files_16_22_36.pt,0,train
GigaPath_embeddings_LBC_train/0/2b545ce7-ebd8-4b3b-98fa-2f442d48bc5e_pyramid_tiles_files_16_7_30.pt,0,train
GigaPath_embeddings_LBC_train/0/4b71df3c-6e36-4b86-86cd-403d470980d8_pyramid_tiles_files_16_24_24.pt,0,train
GigaPath_embeddings_LBC_train/0/cbbb7a3f-b6d5-44d3-9eef-69757a914f2f_pyramid_tiles_files_16_15_32.pt,0,train
GigaPath_embeddings_LBC_train/0/4b71df3c-6e36-4b86-86cd-403d470980d8_pyramid_tiles_files_16_17_36.pt,0,train
GigaPath_embeddings_LBC_train/0/cbbb7a3f-b6d5-44d3-9eef-69757a914f2f_pyramid_tiles_files_16_5_17.pt,0,train
GigaPath_embeddings_LBC_train/0/2b545ce7-ebd8-4b3b-98fa-2f442d48bc5e_pyramid_tiles_files_16_28_32.pt,0,train
GigaPath_embeddings_LBC_train/0/cbbb7a3f-b6d5-44d3-9eef-69757a914f2f_pyramid_tiles_files_16_20_24.pt,0,train
GigaPath_embeddings_LBC_train/0/85f754fe-8760-404b-bedb-6d8ac74ced85_pyramid_tiles_files_16_4_15.pt,0,train
GigaPath_embeddings_LBC_train/0/2b545ce7-ebd8-4b3b-98fa-2f442d48bc5e_pyramid_tiles_files_16_14_30.pt,0,train
GigaPath_embeddings_LBC_train/0/4b71df3c-6e36-4b86-86cd-403d470980d8_pyramid_tiles_files_16_40_22.pt,0,train
GigaPath_embeddings_LBC_train/1/770f5bc2-09e8-4f6f-80f2-7c32080268a6_pyramid_tiles_files_16_17_20.pt,1,train
GigaPath_embeddings_LBC_train/1/e4490c8a-c816-48d4-acfb-690e781a304a_pyramid_tiles_files_16_17_30.pt,1,train
GigaPath_embeddings_LBC_train/1/2ae84759-5488-420a-b67a-2794e594e102_pyramid_tiles_files_16_22_28.pt,1,train
GigaPath_embeddings_LBC_train/1/d0b24e86-0df9-4e80-9802-77f3f8a44a4e_pyramid_tiles_files_16_22_29.pt,1,train
GigaPath_embeddings_LBC_train/1/f69d24a9-c04a-42d2-a9d5-c226f35f7dc6_pyramid_tiles_files_17_23_72.pt,1,train
GigaPath_embeddings_LBC_train/1/2dfb8fa9-c394-4fa6-bc69-22550436978d_pyramid_tiles_files_17_22_72.pt,1,train
GigaPath_embeddings_LBC_train/1/5ebe19b1-612c-45d3-9add-3e9a1c06d880_pyramid_tiles_files_17_22_73.pt,1,train
GigaPath_embeddings_LBC_train/1/f53d7c4b-bc70-4adc-88ff-a136722e0ef0_pyramid_tiles_files_16_24_27.pt,1,train
GigaPath_embeddings_LBC_train/1/ec591c22-e5c9-426f-928f-2a4910f26cfe_pyramid_tiles_files_16_24_27.pt,1,train
GigaPath_embeddings_LBC_train/1/09022f45-72f6-41d4-b741-d102f2ae2fdc_pyramid_tiles_files_16_23_29.pt,1,train
GigaPath_embeddings_LBC_train/1/a1d1235e-32f4-49da-b297-9b4cfd582499_pyramid_tiles_files_17_17_40.pt,1,train
GigaPath_embeddings_LBC_train/1/e91eb178-776c-4b3a-b589-36a0e68408ce_pyramid_tiles_files_16_21_28.pt,1,train
GigaPath_embeddings_LBC_train/1/24c8b882-f5c3-44c8-850a-4d8efa534536_pyramid_tiles_files_16_19_30.pt,1,train
GigaPath_embeddings_LBC_train/1/438ea06e-54ae-4f07-98fc-b849cd1edc72_pyramid_tiles_files_17_15_18.pt,1,train
GigaPath_embeddings_LBC_train/1/2154bc6d-2b7b-4c63-ba32-d877a60f2cff_pyramid_tiles_files_16_17_19.pt,1,train
GigaPath_embeddings_LBC_train/1/910ae3a4-0161-408b-bc72-41e06bd37102_pyramid_tiles_files_16_16_19.pt,1,train
GigaPath_embeddings_LBC_train/1/3a922671-4cfc-4650-8cc9-51db2c72c8d4_pyramid_tiles_files_16_23_29.pt,1,train
GigaPath_embeddings_LBC_train/1/8622536e-861a-4e45-8c03-1337f35267fb_pyramid_tiles_files_16_19_30.pt,1,train
GigaPath_embeddings_LBC_train/1/667596ff-485c-41f9-ac32-9f91f8cc66c0_pyramid_tiles_files_17_18_41.pt,1,train
GigaPath_embeddings_LBC_train/1/f5a044fa-6bad-49f3-b270-aa635a369748_pyramid_tiles_files_16_16_19.pt,1,train
GigaPath_embeddings_LBC_train/1/efbff1b0-e29a-4b52-9676-b20fbd72d3b5_pyramid_tiles_files_16_24_29.pt,1,train
GigaPath_embeddings_LBC_train/1/1de50383-a38d-4e77-8672-3cae59401c9e_pyramid_tiles_files_17_22_72.pt,1,train
GigaPath_embeddings_LBC_train/1/1a491f9b-142c-45d3-813a-98c82ebad222_pyramid_tiles_files_17_24_72.pt,1,train
GigaPath_embeddings_LBC_train/1/910ae3a4-0161-408b-bc72-41e06bd37102_pyramid_tiles_files_16_19_31.pt,1,train
GigaPath_embeddings_LBC_train/1/88a9d8e1-7333-4408-801b-6b56b5efe148_pyramid_tiles_files_17_23_73.pt,1,train
GigaPath_embeddings_LBC_train/1/9218d0a5-c718-45cc-9612-23b0ac040e3e_pyramid_tiles_files_17_23_73.pt,1,train
GigaPath_embeddings_LBC_train/1/d2270a1f-26d5-424e-a6ac-6d9adb355bc7_pyramid_tiles_files_17_22_73.pt,1,train
GigaPath_embeddings_LBC_train/1/537e700c-bb74-41c6-a61e-cbff213e450d_pyramid_tiles_files_16_18_31.pt,1,train
GigaPath_embeddings_LBC_train/1/103910a7-ef17-49d6-b722-31806bc8c3a5_pyramid_tiles_files_16_24_29.pt,1,train
GigaPath_embeddings_LBC_train/1/ff7ed6b1-de79-4426-84ce-1eb0993ce5ad_pyramid_tiles_files_16_19_30.pt,1,train
GigaPath_embeddings_LBC_train/1/49b7db50-8c64-4aed-aeec-f61e6432f3fd_pyramid_tiles_files_17_14_19.pt,1,train
GigaPath_embeddings_LBC_train/1/af452c1d-404b-40d7-8523-afab97ce3fe7_pyramid_tiles_files_17_22_72.pt,1,train
GigaPath_embeddings_LBC_train/1/af452c1d-404b-40d7-8523-afab97ce3fe7_pyramid_tiles_files_17_18_41.pt,1,train
GigaPath_embeddings_LBC_train/1/cfad50f3-e318-44ef-9136-da9e38305cd5_pyramid_tiles_files_17_15_19.pt,1,train
GigaPath_embeddings_LBC_train/1/5a9c4ce1-e317-4782-9740-fea86e490f04_pyramid_tiles_files_16_19_30.pt,1,train
GigaPath_embeddings_LBC_train/1/09022f45-72f6-41d4-b741-d102f2ae2fdc_pyramid_tiles_files_16_17_19.pt,1,train
GigaPath_embeddings_LBC_train/1/a8b605b6-b00f-4588-80f7-a3f04b5daaa3_pyramid_tiles_files_16_19_31.pt,1,train
GigaPath_embeddings_LBC_train/1/d0b24e86-0df9-4e80-9802-77f3f8a44a4e_pyramid_tiles_files_16_17_20.pt,1,train
GigaPath_embeddings_LBC_train/1/82e90f71-8f5b-49f4-b5e0-fed220549a6d_pyramid_tiles_files_17_22_73.pt,1,train
GigaPath_embeddings_LBC_train/1/7cdca764-efc1-4f0d-9faa-10e29288c6f8_pyramid_tiles_files_16_18_20.pt,1,train
GigaPath_embeddings_LBC_train/1/40200b8c-392e-4a30-a27d-935cb7e5c95c_pyramid_tiles_files_17_15_18.pt,1,train
GigaPath_embeddings_LBC_train/1/41295260-4748-4a7d-9689-d22f4d1bf6c1_pyramid_tiles_files_16_17_30.pt,1,train
GigaPath_embeddings_LBC_train/1/f845a584-75e9-4272-b88a-3ab2ae175011_pyramid_tiles_files_16_21_29.pt,1,train
GigaPath_embeddings_LBC_train/1/d8e98d99-2dd8-4f57-b442-3218a7acf30a_pyramid_tiles_files_16_16_20.pt,1,train
GigaPath_embeddings_LBC_train/1/49b89d48-2f98-4969-93ac-ab3721e48228_pyramid_tiles_files_17_15_18.pt,1,train
GigaPath_embeddings_LBC_train/1/a4047681-fe6c-4db0-8e38-c66ca50d77f7_pyramid_tiles_files_17_22_73.pt,1,train
GigaPath_embeddings_LBC_train/1/5d4f21ca-f7ae-4fca-8e36-fd6db89d841e_pyramid_tiles_files_17_14_18.pt,1,train
GigaPath_embeddings_LBC_train/1/e38679b5-dfb1-4d9b-9cd1-51d23497d166_pyramid_tiles_files_16_18_30.pt,1,train
GigaPath_embeddings_LBC_train/1/07e430fa-9641-4821-a635-6d4e3f8f1cc8_pyramid_tiles_files_16_22_28.pt,1,train
GigaPath_embeddings_LBC_train/1/35529ea9-ab7d-4e67-9be2-7faddf0afbed_pyramid_tiles_files_16_24_29.pt,1,train
GigaPath_embeddings_LBC_train/1/7d2da7f8-aa22-429e-9690-f6ff7fbfb9c6_pyramid_tiles_files_17_15_18.pt,1,train
GigaPath_embeddings_LBC_train/1/0c815d19-6b10-43b9-b403-e8bcd96c88c9_pyramid_tiles_files_16_19_30.pt,1,train
GigaPath_embeddings_LBC_train/1/05f7516a-c717-491e-b5f2-b611c3789fa3_pyramid_tiles_files_16_23_29.pt,1,train
GigaPath_embeddings_LBC_train/1/f8cdd598-f195-4e7f-9140-9230a7341e8d_pyramid_tiles_files_16_17_20.pt,1,train
GigaPath_embeddings_LBC_train/1/ec7e06ff-bd57-4558-9c73-41bfe0e295ba_pyramid_tiles_files_17_22_73.pt,1,train
GigaPath_embeddings_LBC_train/1/4ca4cdf5-ff38-4a76-8a6d-b63e824f6685_pyramid_tiles_files_16_21_29.pt,1,train
GigaPath_embeddings_LBC_train/1/1a244e75-7c81-4580-940b-730cdb7d6229_pyramid_tiles_files_17_15_19.pt,1,train
GigaPath_embeddings_LBC_train/1/537e700c-bb74-41c6-a61e-cbff213e450d_pyramid_tiles_files_16_16_19.pt,1,train
GigaPath_embeddings_LBC_train/1/3a922671-4cfc-4650-8cc9-51db2c72c8d4_pyramid_tiles_files_16_16_20.pt,1,train
GigaPath_embeddings_LBC_train/1/0170e458-6934-43fb-b512-f08220d42a8d_pyramid_tiles_files_17_23_73.pt,1,train
GigaPath_embeddings_LBC_train/1/bcb241e8-5c96-4eae-aef2-0494615c7332_pyramid_tiles_files_16_24_29.pt,1,train
GigaPath_embeddings_LBC_train/1/97aab5f3-09ef-4dc8-9566-bdabb5ca08b0_pyramid_tiles_files_17_23_72.pt,1,train
GigaPath_embeddings_LBC_train/1/c0449d4d-ff24-491e-941b-b82f9910d51e_pyramid_tiles_files_17_24_72.pt,1,train
GigaPath_embeddings_LBC_train/1/ff7ed6b1-de79-4426-84ce-1eb0993ce5ad_pyramid_tiles_files_16_25_29.pt,1,train
GigaPath_embeddings_LBC_train/1/9ccdfd46-597a-4148-b9b0-7853d9ead11a_pyramid_tiles_files_17_14_19.pt,1,train
GigaPath_embeddings_LBC_train/1/ff7ed6b1-de79-4426-84ce-1eb0993ce5ad_pyramid_tiles_files_16_22_28.pt,1,train
GigaPath_embeddings_LBC_train/1/e4297377-db96-43c0-981f-bb482a083296_pyramid_tiles_files_17_17_41.pt,1,train
GigaPath_embeddings_LBC_train/1/1900bdd5-ff4b-47e3-8384-0c7aa7b67c96_pyramid_tiles_files_16_18_20.pt,1,train
GigaPath_embeddings_LBC_train/1/a1d1235e-32f4-49da-b297-9b4cfd582499_pyramid_tiles_files_17_18_41.pt,1,train
GigaPath_embeddings_LBC_train/1/daea7c93-5f94-4fa6-b95d-ec43c7bf721d_pyramid_tiles_files_17_22_73.pt,1,train
GigaPath_embeddings_LBC_train/1/24c8b882-f5c3-44c8-850a-4d8efa534536_pyramid_tiles_files_16_23_28.pt,1,train
GigaPath_embeddings_LBC_train/1/e4490c8a-c816-48d4-acfb-690e781a304a_pyramid_tiles_files_16_22_28.pt,1,train
GigaPath_embeddings_LBC_train/1/e38679b5-dfb1-4d9b-9cd1-51d23497d166_pyramid_tiles_files_16_24_29.pt,1,train
GigaPath_embeddings_LBC_train/1/ec591c22-e5c9-426f-928f-2a4910f26cfe_pyramid_tiles_files_16_16_19.pt,1,train
GigaPath_embeddings_LBC_train/1/39551161-80cc-47c6-9219-cb30f7cb3283_pyramid_tiles_files_16_16_20.pt,1,train
GigaPath_embeddings_LBC_train/1/1a244e75-7c81-4580-940b-730cdb7d6229_pyramid_tiles_files_17_15_18.pt,1,train
GigaPath_embeddings_LBC_train/1/f9e2d87e-82ee-4e66-a710-97cf70cdb392_pyramid_tiles_files_16_18_30.pt,1,train
GigaPath_embeddings_LBC_train/1/82e90f71-8f5b-49f4-b5e0-fed220549a6d_pyramid_tiles_files_17_15_18.pt,1,train
GigaPath_embeddings_LBC_train/1/b3370ef8-cc53-43e1-a77d-36fb77932b0f_pyramid_tiles_files_16_22_28.pt,1,train
GigaPath_embeddings_LBC_train/1/10003085-3ef2-4f6d-b4d2-0446990fe5f3_pyramid_tiles_files_16_18_31.pt,1,train
GigaPath_embeddings_LBC_train/1/9f9025f6-3cb2-4e63-9f09-1c25957cd8e3_pyramid_tiles_files_17_17_40.pt,1,train
GigaPath_embeddings_LBC_train/1/33851c15-9a41-450a-bff1-d906c9acf6f3_pyramid_tiles_files_16_17_19.pt,1,train
GigaPath_embeddings_LBC_train/1/1f9396eb-107b-4eb2-a434-c7cb66eaa071_pyramid_tiles_files_16_25_28.pt,1,train
GigaPath_embeddings_LBC_train/1/3a922671-4cfc-4650-8cc9-51db2c72c8d4_pyramid_tiles_files_16_18_19.pt,1,train
GigaPath_embeddings_LBC_train/1/878e391e-4957-471f-bea3-e02bf882cfd1_pyramid_tiles_files_17_17_41.pt,1,train
GigaPath_embeddings_LBC_train/1/00c2a168-0bc9-4031-954f-d620d13a798e_pyramid_tiles_files_17_14_18.pt,1,train
GigaPath_embeddings_LBC_train/1/68b65586-1dd1-4c9e-9287-324e0907ce17_pyramid_tiles_files_16_18_19.pt,1,train
GigaPath_embeddings_LBC_train/1/c96df772-ba66-4d32-8de8-134fa7427d0c_pyramid_tiles_files_17_17_40.pt,1,train
GigaPath_embeddings_LBC_train/1/2ae84759-5488-420a-b67a-2794e594e102_pyramid_tiles_files_16_24_27.pt,1,train
GigaPath_embeddings_LBC_train/1/7f90fbd0-c09c-45ef-b603-f0059d32e4af_pyramid_tiles_files_16_22_28.pt,1,train
GigaPath_embeddings_LBC_train/1/0c815d19-6b10-43b9-b403-e8bcd96c88c9_pyramid_tiles_files_16_24_27.pt,1,train
GigaPath_embeddings_LBC_train/1/e535b22d-c4ba-4191-805a-4338d4452be1_pyramid_tiles_files_16_17_19.pt,1,train
GigaPath_embeddings_LBC_train/1/7cdca764-efc1-4f0d-9faa-10e29288c6f8_pyramid_tiles_files_16_17_20.pt,1,train
GigaPath_embeddings_LBC_train/1/860e3689-9c98-41b1-a40c-82ecedb84773_pyramid_tiles_files_17_22_73.pt,1,train
GigaPath_embeddings_LBC_train/1/11e4ec67-ab0a-4e7e-8e7d-4ad3fdd05682_pyramid_tiles_files_17_18_40.pt,1,train
GigaPath_embeddings_LBC_train/1/34ba83db-88de-4125-8d7e-fc129b494468_pyramid_tiles_files_16_17_20.pt,1,train
GigaPath_embeddings_LBC_train/1/99658cf5-d1dc-4436-ac7c-24f303817fb0_pyramid_tiles_files_16_17_19.pt,1,train
GigaPath_embeddings_LBC_train/1/35529ea9-ab7d-4e67-9be2-7faddf0afbed_pyramid_tiles_files_16_17_20.pt,1,train
GigaPath_embeddings_LBC_train/1/34ba83db-88de-4125-8d7e-fc129b494468_pyramid_tiles_files_16_18_20.pt,1,train
GigaPath_embeddings_LBC_train/1/9e3412ec-231c-40a8-8c17-e358744efb5a_pyramid_tiles_files_16_22_28.pt,1,train
GigaPath_embeddings_LBC_train/1/a6cbace4-4145-454d-bea2-a9043abe08d8_pyramid_tiles_files_17_22_72.pt,1,train
GigaPath_embeddings_LBC_train/1/1df6ad4f-b95e-468a-b96d-fc28fa16bf7d_pyramid_tiles_files_16_25_27.pt,1,train
GigaPath_embeddings_LBC_train/1/68b65586-1dd1-4c9e-9287-324e0907ce17_pyramid_tiles_files_16_23_29.pt,1,train
GigaPath_embeddings_LBC_train/1/420bbdfc-3126-41bb-989b-ef534ced41d6_pyramid_tiles_files_16_17_31.pt,1,train
GigaPath_embeddings_LBC_train/1/f9e2d87e-82ee-4e66-a710-97cf70cdb392_pyramid_tiles_files_16_21_29.pt,1,train
GigaPath_embeddings_LBC_train/1/5a9c4ce1-e317-4782-9740-fea86e490f04_pyramid_tiles_files_16_23_28.pt,1,train
GigaPath_embeddings_LBC_train/1/b5f02412-10be-4039-99db-d0fde541487a_pyramid_tiles_files_17_22_72.pt,1,train
GigaPath_embeddings_LBC_train/1/d5e5cbb6-7fcb-47e0-871f-7d31770b7acc_pyramid_tiles_files_16_24_28.pt,1,train
GigaPath_embeddings_LBC_train/1/e38679b5-dfb1-4d9b-9cd1-51d23497d166_pyramid_tiles_files_16_24_27.pt,1,train
GigaPath_embeddings_LBC_train/1/e55b9872-ce3b-4a05-a062-8297e68e1f6e_pyramid_tiles_files_16_18_20.pt,1,train
GigaPath_embeddings_LBC_train/1/28b2c9da-27e9-4c9a-8989-7902bd4829ec_pyramid_tiles_files_17_24_72.pt,1,train
GigaPath_embeddings_LBC_train/1/15d579c8-fab5-414e-8293-453d8f51c4c8_pyramid_tiles_files_17_18_40.pt,1,train
GigaPath_embeddings_LBC_train/1/7136f225-b00f-4314-8e03-bf7cc8c675f6_pyramid_tiles_files_16_21_29.pt,1,train
GigaPath_embeddings_LBC_train/1/b5f02412-10be-4039-99db-d0fde541487a_pyramid_tiles_files_17_14_19.pt,1,train
GigaPath_embeddings_LBC_train/1/3908d14b-0319-46ce-9d7c-d9f484d4e6c5_pyramid_tiles_files_16_18_31.pt,1,train
GigaPath_embeddings_LBC_train/1/24c8b882-f5c3-44c8-850a-4d8efa534536_pyramid_tiles_files_16_22_29.pt,1,train
GigaPath_embeddings_LBC_train/1/757bdca3-31ba-4a41-8837-436ae787b24e_pyramid_tiles_files_17_24_73.pt,1,train
GigaPath_embeddings_LBC_train/1/35529ea9-ab7d-4e67-9be2-7faddf0afbed_pyramid_tiles_files_16_21_29.pt,1,train
GigaPath_embeddings_LBC_train/1/420bbdfc-3126-41bb-989b-ef534ced41d6_pyramid_tiles_files_16_23_29.pt,1,train
GigaPath_embeddings_LBC_train/1/99658cf5-d1dc-4436-ac7c-24f303817fb0_pyramid_tiles_files_16_16_19.pt,1,train
GigaPath_embeddings_LBC_train/1/fb34db15-00ea-425c-89e7-8f6bf844e9e8_pyramid_tiles_files_16_25_28.pt,1,train
GigaPath_embeddings_LBC_train/1/e55b9872-ce3b-4a05-a062-8297e68e1f6e_pyramid_tiles_files_16_23_28.pt,1,train
GigaPath_embeddings_LBC_train/1/34ba83db-88de-4125-8d7e-fc129b494468_pyramid_tiles_files_16_25_28.pt,1,train
GigaPath_embeddings_LBC_train/1/e4297377-db96-43c0-981f-bb482a083296_pyramid_tiles_files_17_15_19.pt,1,train
GigaPath_embeddings_LBC_train/1/2349a7ef-89f1-44c5-a16c-93cd50a5160a_pyramid_tiles_files_17_15_19.pt,1,train
GigaPath_embeddings_LBC_train/1/7f084246-fcef-4879-82dd-17c18cc3481b_pyramid_tiles_files_16_21_29.pt,1,train
GigaPath_embeddings_LBC_train/1/770f5bc2-09e8-4f6f-80f2-7c32080268a6_pyramid_tiles_files_16_18_20.pt,1,train
GigaPath_embeddings_LBC_train/1/e0ee1714-9f42-4c7e-9c29-6b808c24073f_pyramid_tiles_files_16_25_29.pt,1,train
GigaPath_embeddings_LBC_train/1/f38d2bb8-7326-47e7-a2b4-17154c5f2c0c_pyramid_tiles_files_16_18_30.pt,1,train
GigaPath_embeddings_LBC_train/1/e91eb178-776c-4b3a-b589-36a0e68408ce_pyramid_tiles_files_16_17_31.pt,1,train
GigaPath_embeddings_LBC_train/1/68b65586-1dd1-4c9e-9287-324e0907ce17_pyramid_tiles_files_16_23_28.pt,1,train
GigaPath_embeddings_LBC_train/1/3c4ac5df-b116-4847-8737-79d4db791a7e_pyramid_tiles_files_17_15_18.pt,1,train
GigaPath_embeddings_LBC_train/1/f9e2d87e-82ee-4e66-a710-97cf70cdb392_pyramid_tiles_files_16_17_19.pt,1,train
GigaPath_embeddings_LBC_train/1/4d43ca02-898e-471a-89ff-38e030d7d3f8_pyramid_tiles_files_16_21_28.pt,1,train
GigaPath_embeddings_LBC_train/1/88a9d8e1-7333-4408-801b-6b56b5efe148_pyramid_tiles_files_17_15_18.pt,1,train
GigaPath_embeddings_LBC_train/1/68b65586-1dd1-4c9e-9287-324e0907ce17_pyramid_tiles_files_16_17_19.pt,1,train
GigaPath_embeddings_LBC_train/1/e0ee1714-9f42-4c7e-9c29-6b808c24073f_pyramid_tiles_files_16_21_28.pt,1,train
GigaPath_embeddings_LBC_train/1/ead8e571-832f-48cf-ac10-dbf23a23e118_pyramid_tiles_files_16_16_19.pt,1,train
GigaPath_embeddings_LBC_train/1/8ba06d0e-ba28-481e-a2a9-c95807391113_pyramid_tiles_files_16_25_27.pt,1,train
GigaPath_embeddings_LBC_train/1/88fa9c4b-c50b-46b6-8f70-3cb245539b47_pyramid_tiles_files_16_18_31.pt,1,train
GigaPath_embeddings_LBC_train/1/d78bfaab-dd1d-48d2-a839-ff33e9041001_pyramid_tiles_files_16_24_27.pt,1,train
GigaPath_embeddings_LBC_train/1/2bb9b118-1d4c-468f-ba3d-1240e98da375_pyramid_tiles_files_17_22_72.pt,1,train
GigaPath_embeddings_LBC_train/1/f38d2bb8-7326-47e7-a2b4-17154c5f2c0c_pyramid_tiles_files_16_25_29.pt,1,train
GigaPath_embeddings_LBC_train/1/53cd3df9-c1cf-4391-9f95-43ebac8dd8f0_pyramid_tiles_files_17_24_72.pt,1,train
GigaPath_embeddings_LBC_train/1/d8e98d99-2dd8-4f57-b442-3218a7acf30a_pyramid_tiles_files_16_17_30.pt,1,train
GigaPath_embeddings_LBC_train/1/420bbdfc-3126-41bb-989b-ef534ced41d6_pyramid_tiles_files_16_18_30.pt,1,train
GigaPath_embeddings_LBC_train/1/4e16344b-da3a-4d92-819c-19c4cecff67b_pyramid_tiles_files_17_17_41.pt,1,train
GigaPath_embeddings_LBC_train/1/e154f668-55ba-46ed-8bbc-91218f1b9841_pyramid_tiles_files_17_17_40.pt,1,train
GigaPath_embeddings_LBC_train/1/7adcd0ef-cbca-4984-aff5-724af95463a4_pyramid_tiles_files_16_21_28.pt,1,train
GigaPath_embeddings_LBC_train/1/252dbee6-7f3b-41fd-a63c-faf8e39aa257_pyramid_tiles_files_17_22_73.pt,1,train
GigaPath_embeddings_LBC_train/1/d7165445-b5e9-4b9e-844c-84e4e10e76b8_pyramid_tiles_files_16_24_28.pt,1,train
GigaPath_embeddings_LBC_train/1/9832fea5-5b1a-41d2-9319-e953a420307d_pyramid_tiles_files_16_18_19.pt,1,train
GigaPath_embeddings_LBC_train/1/cfa1a36d-1290-4546-8c41-a23a9c66188d_pyramid_tiles_files_16_23_29.pt,1,train
GigaPath_embeddings_LBC_train/1/41295260-4748-4a7d-9689-d22f4d1bf6c1_pyramid_tiles_files_16_25_29.pt,1,train
GigaPath_embeddings_LBC_train/1/f53d7c4b-bc70-4adc-88ff-a136722e0ef0_pyramid_tiles_files_16_24_28.pt,1,train
GigaPath_embeddings_LBC_train/1/7136f225-b00f-4314-8e03-bf7cc8c675f6_pyramid_tiles_files_16_17_20.pt,1,train
GigaPath_embeddings_LBC_train/1/d14ee81b-590d-49f1-b9c1-f25c022331b9_pyramid_tiles_files_16_17_30.pt,1,train
GigaPath_embeddings_LBC_train/1/5e11fd38-061e-465e-b3aa-6ce8e54632a3_pyramid_tiles_files_16_16_19.pt,1,train
GigaPath_embeddings_LBC_train/1/c6396b76-347c-4c7e-83b6-f23bc75f38fb_pyramid_tiles_files_17_14_19.pt,1,train
GigaPath_embeddings_LBC_train/1/2dfb8fa9-c394-4fa6-bc69-22550436978d_pyramid_tiles_files_17_14_19.pt,1,train
GigaPath_embeddings_LBC_train/1/b71e073f-25c7-43e2-9e4a-7809d0613d87_pyramid_tiles_files_16_16_19.pt,1,train
GigaPath_embeddings_LBC_train/1/0c815d19-6b10-43b9-b403-e8bcd96c88c9_pyramid_tiles_files_16_25_29.pt,1,train
GigaPath_embeddings_LBC_train/1/8f61c5c1-e549-489c-b24f-bb3906df8b40_pyramid_tiles_files_16_22_29.pt,1,train
GigaPath_embeddings_LBC_train/1/103910a7-ef17-49d6-b722-31806bc8c3a5_pyramid_tiles_files_16_17_20.pt,1,train
GigaPath_embeddings_LBC_train/1/7cdd2e59-f92b-4294-a70d-7e53dec8f70d_pyramid_tiles_files_17_14_18.pt,1,train
GigaPath_embeddings_LBC_train/1/40490219-ecc2-40c6-bd90-10f007f8f579_pyramid_tiles_files_17_22_72.pt,1,train
GigaPath_embeddings_LBC_train/1/33851c15-9a41-450a-bff1-d906c9acf6f3_pyramid_tiles_files_16_17_31.pt,1,train
GigaPath_embeddings_LBC_train/1/d78bfaab-dd1d-48d2-a839-ff33e9041001_pyramid_tiles_files_16_16_20.pt,1,train
GigaPath_embeddings_LBC_train/1/f9e2d87e-82ee-4e66-a710-97cf70cdb392_pyramid_tiles_files_16_23_28.pt,1,train
GigaPath_embeddings_LBC_train/1/f845a584-75e9-4272-b88a-3ab2ae175011_pyramid_tiles_files_16_18_20.pt,1,train
GigaPath_embeddings_LBC_train/1/e4297377-db96-43c0-981f-bb482a083296_pyramid_tiles_files_17_17_40.pt,1,train
GigaPath_embeddings_LBC_train/1/f21c730f-c4c5-4db2-843c-5bc29f2cc708_pyramid_tiles_files_17_24_73.pt,1,train
GigaPath_embeddings_LBC_train/1/b71e073f-25c7-43e2-9e4a-7809d0613d87_pyramid_tiles_files_16_18_20.pt,1,train
GigaPath_embeddings_LBC_train/1/05a7c75a-3a19-42fe-bef4-46321b96503c_pyramid_tiles_files_16_18_20.pt,1,train
GigaPath_embeddings_LBC_train/1/cfa1a36d-1290-4546-8c41-a23a9c66188d_pyramid_tiles_files_16_24_29.pt,1,train
GigaPath_embeddings_LBC_train/1/c0449d4d-ff24-491e-941b-b82f9910d51e_pyramid_tiles_files_17_18_41.pt,1,train
GigaPath_embeddings_LBC_train/1/88fa9c4b-c50b-46b6-8f70-3cb245539b47_pyramid_tiles_files_16_25_27.pt,1,train
GigaPath_embeddings_LBC_train/1/07e430fa-9641-4821-a635-6d4e3f8f1cc8_pyramid_tiles_files_16_25_27.pt,1,train
GigaPath_embeddings_LBC_train/1/cf67a244-b7e8-46cf-81e4-fd444b2ccbc0_pyramid_tiles_files_17_23_73.pt,1,train
GigaPath_embeddings_LBC_train/1/d14ee81b-590d-49f1-b9c1-f25c022331b9_pyramid_tiles_files_16_25_28.pt,1,train
GigaPath_embeddings_LBC_train/1/c111e4b1-718a-4334-9d6e-d2394615b1d5_pyramid_tiles_files_17_15_18.pt,1,train
GigaPath_embeddings_LBC_train/1/add1b48f-081c-4cda-8e37-55d222e8d813_pyramid_tiles_files_17_22_73.pt,1,train
GigaPath_embeddings_LBC_train/1/fe82db87-b9ac-4171-b3b8-df2cf530394a_pyramid_tiles_files_17_23_73.pt,1,train
GigaPath_embeddings_LBC_train/1/f9e2d87e-82ee-4e66-a710-97cf70cdb392_pyramid_tiles_files_16_25_29.pt,1,train
GigaPath_embeddings_LBC_train/1/e1ee6327-4383-4db7-859d-c209fda7a7d0_pyramid_tiles_files_17_18_41.pt,1,train
GigaPath_embeddings_LBC_train/1/8f61c5c1-e549-489c-b24f-bb3906df8b40_pyramid_tiles_files_16_18_19.pt,1,train
GigaPath_embeddings_LBC_train/1/f9e2d87e-82ee-4e66-a710-97cf70cdb392_pyramid_tiles_files_16_24_27.pt,1,train
GigaPath_embeddings_LBC_train/1/bfda3d1a-59f1-447b-b964-0774d6564648_pyramid_tiles_files_16_17_31.pt,1,train
GigaPath_embeddings_LBC_train/1/d7165445-b5e9-4b9e-844c-84e4e10e76b8_pyramid_tiles_files_16_22_28.pt,1,train
GigaPath_embeddings_LBC_train/1/af452c1d-404b-40d7-8523-afab97ce3fe7_pyramid_tiles_files_17_17_40.pt,1,train
GigaPath_embeddings_LBC_train/1/40200b8c-392e-4a30-a27d-935cb7e5c95c_pyramid_tiles_files_17_24_73.pt,1,train
GigaPath_embeddings_LBC_train/1/c96df772-ba66-4d32-8de8-134fa7427d0c_pyramid_tiles_files_17_14_18.pt,1,train
GigaPath_embeddings_LBC_train/1/103910a7-ef17-49d6-b722-31806bc8c3a5_pyramid_tiles_files_16_25_27.pt,1,train
GigaPath_embeddings_LBC_train/1/33851c15-9a41-450a-bff1-d906c9acf6f3_pyramid_tiles_files_16_21_29.pt,1,train
GigaPath_embeddings_LBC_train/1/e535b22d-c4ba-4191-805a-4338d4452be1_pyramid_tiles_files_16_18_20.pt,1,train
GigaPath_embeddings_LBC_train/1/27f952da-cb0e-4b86-9464-3b31671933ce_pyramid_tiles_files_17_18_41.pt,1,train
GigaPath_embeddings_LBC_train/1/cf67a244-b7e8-46cf-81e4-fd444b2ccbc0_pyramid_tiles_files_17_15_18.pt,1,train
GigaPath_embeddings_LBC_train/1/df4a0635-dc3f-4ccb-a2d9-0f89a4692a93_pyramid_tiles_files_16_18_19.pt,1,train
GigaPath_embeddings_LBC_train/1/878e391e-4957-471f-bea3-e02bf882cfd1_pyramid_tiles_files_17_18_40.pt,1,train
GigaPath_embeddings_LBC_train/1/11e4ec67-ab0a-4e7e-8e7d-4ad3fdd05682_pyramid_tiles_files_17_22_72.pt,1,train
GigaPath_embeddings_LBC_train/1/27ccee14-c8c3-471c-a467-861f3013896c_pyramid_tiles_files_17_22_73.pt,1,train
GigaPath_embeddings_LBC_train/1/0c815d19-6b10-43b9-b403-e8bcd96c88c9_pyramid_tiles_files_16_17_31.pt,1,train
GigaPath_embeddings_LBC_train/1/cfa1a36d-1290-4546-8c41-a23a9c66188d_pyramid_tiles_files_16_25_28.pt,1,train
GigaPath_embeddings_LBC_train/1/05a7c75a-3a19-42fe-bef4-46321b96503c_pyramid_tiles_files_16_25_29.pt,1,train
GigaPath_embeddings_LBC_train/1/deb52381-ec34-4586-a9ba-461702954557_pyramid_tiles_files_17_18_41.pt,1,train
GigaPath_embeddings_LBC_train/1/24c8b882-f5c3-44c8-850a-4d8efa534536_pyramid_tiles_files_16_21_29.pt,1,train
GigaPath_embeddings_LBC_train/1/fc9cbd08-d93b-4d8d-8b07-fa43079c9d4f_pyramid_tiles_files_17_18_41.pt,1,train
GigaPath_embeddings_LBC_train/1/d0b24e86-0df9-4e80-9802-77f3f8a44a4e_pyramid_tiles_files_16_25_29.pt,1,train
GigaPath_embeddings_LBC_train/1/91227689-c1bd-4afa-8cbe-1149576083db_pyramid_tiles_files_17_24_73.pt,1,train
GigaPath_embeddings_LBC_train/1/537e700c-bb74-41c6-a61e-cbff213e450d_pyramid_tiles_files_16_18_20.pt,1,train
GigaPath_embeddings_LBC_train/1/f5a044fa-6bad-49f3-b270-aa635a369748_pyramid_tiles_files_16_17_19.pt,1,train
GigaPath_embeddings_LBC_train/1/7cdd2e59-f92b-4294-a70d-7e53dec8f70d_pyramid_tiles_files_17_17_41.pt,1,train
GigaPath_embeddings_LBC_train/1/99658cf5-d1dc-4436-ac7c-24f303817fb0_pyramid_tiles_files_16_22_29.pt,1,train
GigaPath_embeddings_LBC_train/1/e38679b5-dfb1-4d9b-9cd1-51d23497d166_pyramid_tiles_files_16_25_27.pt,1,train
GigaPath_embeddings_LBC_train/1/2154bc6d-2b7b-4c63-ba32-d877a60f2cff_pyramid_tiles_files_16_18_20.pt,1,train
GigaPath_embeddings_LBC_train/1/c0449d4d-ff24-491e-941b-b82f9910d51e_pyramid_tiles_files_17_14_19.pt,1,train
GigaPath_embeddings_LBC_train/1/bcb241e8-5c96-4eae-aef2-0494615c7332_pyramid_tiles_files_16_18_20.pt,1,train
GigaPath_embeddings_LBC_train/1/df5e8063-ae40-4800-9387-61920bf91339_pyramid_tiles_files_16_19_30.pt,1,train
GigaPath_embeddings_LBC_train/1/9fac65c4-3967-4e89-8188-01be7914423b_pyramid_tiles_files_16_18_19.pt,1,train
GigaPath_embeddings_LBC_train/1/1fb96a41-129c-4275-b731-c359822ff033_pyramid_tiles_files_17_23_72.pt,1,train
GigaPath_embeddings_LBC_train/1/42d0b3fd-f8a3-46b8-9661-e9a432105fcd_pyramid_tiles_files_17_23_72.pt,1,train
GigaPath_embeddings_LBC_train/1/42d0b3fd-f8a3-46b8-9661-e9a432105fcd_pyramid_tiles_files_17_22_73.pt,1,train
GigaPath_embeddings_LBC_train/1/7dcf5c3f-c90d-4884-97a6-2a341140819f_pyramid_tiles_files_17_24_73.pt,1,train
GigaPath_embeddings_LBC_train/1/a30139a7-46bc-430e-9a88-053af9aa1784_pyramid_tiles_files_17_15_19.pt,1,train
GigaPath_embeddings_LBC_train/1/15d579c8-fab5-414e-8293-453d8f51c4c8_pyramid_tiles_files_17_24_72.pt,1,train
GigaPath_embeddings_LBC_train/1/bcb241e8-5c96-4eae-aef2-0494615c7332_pyramid_tiles_files_16_24_27.pt,1,train
GigaPath_embeddings_LBC_train/1/cc7c724e-96c6-42c8-9835-1e0643592f70_pyramid_tiles_files_17_14_19.pt,1,train
GigaPath_embeddings_LBC_train/1/a162a4e4-226c-41cb-b60b-475042441e74_pyramid_tiles_files_16_24_29.pt,1,train
GigaPath_embeddings_LBC_train/1/09022f45-72f6-41d4-b741-d102f2ae2fdc_pyramid_tiles_files_16_24_28.pt,1,train
GigaPath_embeddings_LBC_train/1/e38679b5-dfb1-4d9b-9cd1-51d23497d166_pyramid_tiles_files_16_17_19.pt,1,train
GigaPath_embeddings_LBC_train/1/6f1af507-f025-4d67-9b07-ff9b2e562a67_pyramid_tiles_files_16_25_29.pt,1,train
GigaPath_embeddings_LBC_train/1/9f9025f6-3cb2-4e63-9f09-1c25957cd8e3_pyramid_tiles_files_17_24_73.pt,1,train
GigaPath_embeddings_LBC_train/1/34ba83db-88de-4125-8d7e-fc129b494468_pyramid_tiles_files_16_24_29.pt,1,train
GigaPath_embeddings_LBC_train/1/cf67a244-b7e8-46cf-81e4-fd444b2ccbc0_pyramid_tiles_files_17_17_40.pt,1,train
GigaPath_embeddings_LBC_train/1/97aab5f3-09ef-4dc8-9566-bdabb5ca08b0_pyramid_tiles_files_17_22_73.pt,1,train
GigaPath_embeddings_LBC_train/1/f5a044fa-6bad-49f3-b270-aa635a369748_pyramid_tiles_files_16_19_31.pt,1,train
GigaPath_embeddings_LBC_train/1/3a922671-4cfc-4650-8cc9-51db2c72c8d4_pyramid_tiles_files_16_22_28.pt,1,train
GigaPath_embeddings_LBC_train/1/e55b9872-ce3b-4a05-a062-8297e68e1f6e_pyramid_tiles_files_16_16_19.pt,1,train
GigaPath_embeddings_LBC_train/1/2b77e2fa-983e-4050-ab0f-5179f73a394e_pyramid_tiles_files_16_18_30.pt,1,train
GigaPath_embeddings_LBC_train/1/e91eb178-776c-4b3a-b589-36a0e68408ce_pyramid_tiles_files_16_19_30.pt,1,train
GigaPath_embeddings_LBC_train/1/e4f9d4ac-0e18-426c-920a-56da5042a2b6_pyramid_tiles_files_16_24_28.pt,1,train
GigaPath_embeddings_LBC_train/1/49b7db50-8c64-4aed-aeec-f61e6432f3fd_pyramid_tiles_files_17_23_73.pt,1,train
GigaPath_embeddings_LBC_train/1/8ba06d0e-ba28-481e-a2a9-c95807391113_pyramid_tiles_files_16_18_31.pt,1,train
GigaPath_embeddings_LBC_train/1/e4f9d4ac-0e18-426c-920a-56da5042a2b6_pyramid_tiles_files_16_17_20.pt,1,train
GigaPath_embeddings_LBC_train/1/cfad50f3-e318-44ef-9136-da9e38305cd5_pyramid_tiles_files_17_22_72.pt,1,train
GigaPath_embeddings_LBC_train/1/88a9d8e1-7333-4408-801b-6b56b5efe148_pyramid_tiles_files_17_15_19.pt,1,train
GigaPath_embeddings_LBC_train/1/215b875c-5819-41d9-857a-da2311a99480_pyramid_tiles_files_17_23_73.pt,1,train
GigaPath_embeddings_LBC_train/1/f21c730f-c4c5-4db2-843c-5bc29f2cc708_pyramid_tiles_files_17_22_73.pt,1,train
GigaPath_embeddings_LBC_train/1/d98d1466-b08e-4cdc-81c2-66b38375028f_pyramid_tiles_files_16_21_29.pt,1,train
GigaPath_embeddings_LBC_train/1/1561b271-ed0a-4bba-968f-ec730f2a5707_pyramid_tiles_files_16_16_19.pt,1,train
GigaPath_embeddings_LBC_train/1/d5e5cbb6-7fcb-47e0-871f-7d31770b7acc_pyramid_tiles_files_16_17_30.pt,1,train
GigaPath_embeddings_LBC_train/1/f4198852-0424-4491-953a-d3301aaa0524_pyramid_tiles_files_17_24_72.pt,1,train
GigaPath_embeddings_LBC_train/1/a7129833-faa2-4c97-826d-e43b75b7cb05_pyramid_tiles_files_16_25_27.pt,1,train
GigaPath_embeddings_LBC_train/1/35529ea9-ab7d-4e67-9be2-7faddf0afbed_pyramid_tiles_files_16_16_19.pt,1,train
GigaPath_embeddings_LBC_train/1/24c8b882-f5c3-44c8-850a-4d8efa534536_pyramid_tiles_files_16_18_20.pt,1,train
GigaPath_embeddings_LBC_train/1/770f5bc2-09e8-4f6f-80f2-7c32080268a6_pyramid_tiles_files_16_19_31.pt,1,train
GigaPath_embeddings_LBC_train/1/cc7c724e-96c6-42c8-9835-1e0643592f70_pyramid_tiles_files_17_22_72.pt,1,train
GigaPath_embeddings_LBC_train/1/1a491f9b-142c-45d3-813a-98c82ebad222_pyramid_tiles_files_17_23_72.pt,1,train
GigaPath_embeddings_LBC_train/1/ec7e06ff-bd57-4558-9c73-41bfe0e295ba_pyramid_tiles_files_17_22_72.pt,1,train
GigaPath_embeddings_LBC_train/1/5e11fd38-061e-465e-b3aa-6ce8e54632a3_pyramid_tiles_files_16_21_29.pt,1,train
GigaPath_embeddings_LBC_train/1/2154bc6d-2b7b-4c63-ba32-d877a60f2cff_pyramid_tiles_files_16_24_28.pt,1,train
GigaPath_embeddings_LBC_train/1/00c2a168-0bc9-4031-954f-d620d13a798e_pyramid_tiles_files_17_17_40.pt,1,train
GigaPath_embeddings_LBC_train/1/1f648a7a-3d12-4d96-a35d-8328e2c2c766_pyramid_tiles_files_17_22_72.pt,1,train
GigaPath_embeddings_LBC_train/1/e1ee6327-4383-4db7-859d-c209fda7a7d0_pyramid_tiles_files_17_23_73.pt,1,train
GigaPath_embeddings_LBC_train/1/4ca4cdf5-ff38-4a76-8a6d-b63e824f6685_pyramid_tiles_files_16_25_27.pt,1,train
GigaPath_embeddings_LBC_train/1/add1b48f-081c-4cda-8e37-55d222e8d813_pyramid_tiles_files_17_14_19.pt,1,train
GigaPath_embeddings_LBC_train/1/0809f883-07ae-4ef2-8963-32424d1b2310_pyramid_tiles_files_16_22_28.pt,1,train
GigaPath_embeddings_LBC_train/1/f9e2d87e-82ee-4e66-a710-97cf70cdb392_pyramid_tiles_files_16_18_31.pt,1,train
GigaPath_embeddings_LBC_train/1/a6a6a107-4162-4090-90ff-d4521738c55e_pyramid_tiles_files_16_24_29.pt,1,train
GigaPath_embeddings_LBC_train/1/e84495a2-0920-47f9-95a9-f22b38b127ce_pyramid_tiles_files_16_25_28.pt,1,train
GigaPath_embeddings_LBC_train/1/8f61c5c1-e549-489c-b24f-bb3906df8b40_pyramid_tiles_files_16_23_29.pt,1,train
GigaPath_embeddings_LBC_train/1/c96df772-ba66-4d32-8de8-134fa7427d0c_pyramid_tiles_files_17_17_41.pt,1,train
GigaPath_embeddings_LBC_train/1/27f952da-cb0e-4b86-9464-3b31671933ce_pyramid_tiles_files_17_15_18.pt,1,train
GigaPath_embeddings_LBC_train/1/df5e8063-ae40-4800-9387-61920bf91339_pyramid_tiles_files_16_23_28.pt,1,train
GigaPath_embeddings_LBC_train/1/07e430fa-9641-4821-a635-6d4e3f8f1cc8_pyramid_tiles_files_16_16_19.pt,1,train
GigaPath_embeddings_LBC_train/1/f737654c-9f44-4233-b852-5e28e74e8a38_pyramid_tiles_files_17_15_18.pt,1,train
GigaPath_embeddings_LBC_train/1/ead8e571-832f-48cf-ac10-dbf23a23e118_pyramid_tiles_files_16_16_20.pt,1,train
GigaPath_embeddings_LBC_train/1/ee421114-146a-4aee-beaf-c14dae8a13a4_pyramid_tiles_files_16_21_28.pt,1,train
GigaPath_embeddings_LBC_train/1/82e90f71-8f5b-49f4-b5e0-fed220549a6d_pyramid_tiles_files_17_24_72.pt,1,train
GigaPath_embeddings_LBC_train/1/f737654c-9f44-4233-b852-5e28e74e8a38_pyramid_tiles_files_17_17_40.pt,1,train
GigaPath_embeddings_LBC_train/1/e1ee6327-4383-4db7-859d-c209fda7a7d0_pyramid_tiles_files_17_14_18.pt,1,train
GigaPath_embeddings_LBC_train/1/6f1af507-f025-4d67-9b07-ff9b2e562a67_pyramid_tiles_files_16_25_27.pt,1,train
GigaPath_embeddings_LBC_train/1/88fa9c4b-c50b-46b6-8f70-3cb245539b47_pyramid_tiles_files_16_22_28.pt,1,train
GigaPath_embeddings_LBC_train/1/a8b605b6-b00f-4588-80f7-a3f04b5daaa3_pyramid_tiles_files_16_16_20.pt,1,train
GigaPath_embeddings_LBC_train/1/add1b48f-081c-4cda-8e37-55d222e8d813_pyramid_tiles_files_17_18_41.pt,1,train
GigaPath_embeddings_LBC_train/1/8622536e-861a-4e45-8c03-1337f35267fb_pyramid_tiles_files_16_24_27.pt,1,train
GigaPath_embeddings_LBC_train/1/99658cf5-d1dc-4436-ac7c-24f303817fb0_pyramid_tiles_files_16_25_28.pt,1,train
GigaPath_embeddings_LBC_train/1/c96df772-ba66-4d32-8de8-134fa7427d0c_pyramid_tiles_files_17_14_19.pt,1,train
GigaPath_embeddings_LBC_train/1/f69d24a9-c04a-42d2-a9d5-c226f35f7dc6_pyramid_tiles_files_17_24_73.pt,1,train
GigaPath_embeddings_LBC_train/1/ed470fa7-2231-4856-bbdb-9c45ada10876_pyramid_tiles_files_16_18_19.pt,1,train
GigaPath_embeddings_LBC_train/1/7adcd0ef-cbca-4984-aff5-724af95463a4_pyramid_tiles_files_16_18_31.pt,1,train
GigaPath_embeddings_LBC_train/1/5a9c4ce1-e317-4782-9740-fea86e490f04_pyramid_tiles_files_16_24_27.pt,1,train
GigaPath_embeddings_LBC_train/1/d14ee81b-590d-49f1-b9c1-f25c022331b9_pyramid_tiles_files_16_18_30.pt,1,train
GigaPath_embeddings_LBC_train/1/c4dfb15f-1b2a-470a-b9ef-613a13d7d505_pyramid_tiles_files_17_18_40.pt,1,train
GigaPath_embeddings_LBC_train/1/10003085-3ef2-4f6d-b4d2-0446990fe5f3_pyramid_tiles_files_16_23_29.pt,1,train
GigaPath_embeddings_LBC_train/1/a6a6a107-4162-4090-90ff-d4521738c55e_pyramid_tiles_files_16_18_20.pt,1,train
GigaPath_embeddings_LBC_train/1/ead8e571-832f-48cf-ac10-dbf23a23e118_pyramid_tiles_files_16_23_28.pt,1,train
GigaPath_embeddings_LBC_train/1/770f5bc2-09e8-4f6f-80f2-7c32080268a6_pyramid_tiles_files_16_22_29.pt,1,train
GigaPath_embeddings_LBC_train/1/a162a4e4-226c-41cb-b60b-475042441e74_pyramid_tiles_files_16_19_31.pt,1,train
GigaPath_embeddings_LBC_train/1/420bbdfc-3126-41bb-989b-ef534ced41d6_pyramid_tiles_files_16_21_29.pt,1,train
GigaPath_embeddings_LBC_train/1/0809f883-07ae-4ef2-8963-32424d1b2310_pyramid_tiles_files_16_17_20.pt,1,train
GigaPath_embeddings_LBC_train/1/ead8e571-832f-48cf-ac10-dbf23a23e118_pyramid_tiles_files_16_17_30.pt,1,train
GigaPath_embeddings_LBC_train/1/ff7ed6b1-de79-4426-84ce-1eb0993ce5ad_pyramid_tiles_files_16_22_29.pt,1,train
GigaPath_embeddings_LBC_train/1/7b35cee2-c730-4045-a69b-18802e2b4c8e_pyramid_tiles_files_17_23_72.pt,1,train
GigaPath_embeddings_LBC_train/1/39551161-80cc-47c6-9219-cb30f7cb3283_pyramid_tiles_files_16_22_28.pt,1,train
GigaPath_embeddings_LBC_train/1/c111e4b1-718a-4334-9d6e-d2394615b1d5_pyramid_tiles_files_17_24_72.pt,1,train
GigaPath_embeddings_LBC_train/1/bfda3d1a-59f1-447b-b964-0774d6564648_pyramid_tiles_files_16_18_20.pt,1,train
GigaPath_embeddings_LBC_train/1/eed8a45e-5400-44f3-bec9-acad9bffabe6_pyramid_tiles_files_16_23_29.pt,1,train
GigaPath_embeddings_LBC_train/1/a422fe88-c84c-4c11-998c-29ec63c8cc3b_pyramid_tiles_files_17_15_18.pt,1,train
GigaPath_embeddings_LBC_train/1/971a85a8-c488-4a63-a524-48dc9cc05cb6_pyramid_tiles_files_17_18_41.pt,1,train
GigaPath_embeddings_LBC_train/1/7cdd2e59-f92b-4294-a70d-7e53dec8f70d_pyramid_tiles_files_17_22_72.pt,1,train
GigaPath_embeddings_LBC_train/1/d7165445-b5e9-4b9e-844c-84e4e10e76b8_pyramid_tiles_files_16_18_19.pt,1,train
GigaPath_embeddings_LBC_train/1/2154bc6d-2b7b-4c63-ba32-d877a60f2cff_pyramid_tiles_files_16_25_27.pt,1,train
GigaPath_embeddings_LBC_train/1/ff572c84-b664-461e-9d63-1421cae3c7c0_pyramid_tiles_files_17_14_19.pt,1,train
GigaPath_embeddings_LBC_train/1/f014b792-5610-425a-9902-a1bb52d60996_pyramid_tiles_files_17_23_72.pt,1,train
GigaPath_embeddings_LBC_train/1/cfad50f3-e318-44ef-9136-da9e38305cd5_pyramid_tiles_files_17_23_72.pt,1,train
GigaPath_embeddings_LBC_train/1/cb17d14a-587d-45e7-9da8-7fc29c867d68_pyramid_tiles_files_17_17_41.pt,1,train
GigaPath_embeddings_LBC_train/1/91227689-c1bd-4afa-8cbe-1149576083db_pyramid_tiles_files_17_18_41.pt,1,train
GigaPath_embeddings_LBC_train/1/efbff1b0-e29a-4b52-9676-b20fbd72d3b5_pyramid_tiles_files_16_16_20.pt,1,train
GigaPath_embeddings_LBC_train/1/34ba83db-88de-4125-8d7e-fc129b494468_pyramid_tiles_files_16_17_30.pt,1,train
GigaPath_embeddings_LBC_train/1/b3370ef8-cc53-43e1-a77d-36fb77932b0f_pyramid_tiles_files_16_23_29.pt,1,train
GigaPath_embeddings_LBC_train/1/e4490c8a-c816-48d4-acfb-690e781a304a_pyramid_tiles_files_16_23_29.pt,1,train
GigaPath_embeddings_LBC_train/1/1561b271-ed0a-4bba-968f-ec730f2a5707_pyramid_tiles_files_16_18_30.pt,1,train
GigaPath_embeddings_LBC_train/1/438ea06e-54ae-4f07-98fc-b849cd1edc72_pyramid_tiles_files_17_23_72.pt,1,train
GigaPath_embeddings_LBC_train/1/420bbdfc-3126-41bb-989b-ef534ced41d6_pyramid_tiles_files_16_18_19.pt,1,train
GigaPath_embeddings_LBC_train/1/420bbdfc-3126-41bb-989b-ef534ced41d6_pyramid_tiles_files_16_24_27.pt,1,train
GigaPath_embeddings_LBC_train/1/f737654c-9f44-4233-b852-5e28e74e8a38_pyramid_tiles_files_17_22_73.pt,1,train
GigaPath_embeddings_LBC_train/1/e38679b5-dfb1-4d9b-9cd1-51d23497d166_pyramid_tiles_files_16_19_31.pt,1,train
GigaPath_embeddings_LBC_train/1/136b3bf2-df89-437f-a3cd-280cb031e550_pyramid_tiles_files_17_23_72.pt,1,train
GigaPath_embeddings_LBC_train/1/39551161-80cc-47c6-9219-cb30f7cb3283_pyramid_tiles_files_16_18_20.pt,1,train
GigaPath_embeddings_LBC_train/1/7a711946-6d6d-4089-84cc-fa4cac2dca59_pyramid_tiles_files_16_17_31.pt,1,train
GigaPath_embeddings_LBC_train/1/420bbdfc-3126-41bb-989b-ef534ced41d6_pyramid_tiles_files_16_16_20.pt,1,train
GigaPath_embeddings_LBC_train/1/3a922671-4cfc-4650-8cc9-51db2c72c8d4_pyramid_tiles_files_16_18_30.pt,1,train
GigaPath_embeddings_LBC_train/1/05a7c75a-3a19-42fe-bef4-46321b96503c_pyramid_tiles_files_16_17_30.pt,1,train
GigaPath_embeddings_LBC_train/1/3908d14b-0319-46ce-9d7c-d9f484d4e6c5_pyramid_tiles_files_16_25_27.pt,1,train
GigaPath_embeddings_LBC_train/1/a8b605b6-b00f-4588-80f7-a3f04b5daaa3_pyramid_tiles_files_16_19_30.pt,1,train
GigaPath_embeddings_LBC_train/1/e535b22d-c4ba-4191-805a-4338d4452be1_pyramid_tiles_files_16_21_28.pt,1,train
GigaPath_embeddings_LBC_train/1/f9e2d87e-82ee-4e66-a710-97cf70cdb392_pyramid_tiles_files_16_23_29.pt,1,train
GigaPath_embeddings_LBC_train/1/1de50383-a38d-4e77-8672-3cae59401c9e_pyramid_tiles_files_17_14_18.pt,1,train
GigaPath_embeddings_LBC_train/1/e535b22d-c4ba-4191-805a-4338d4452be1_pyramid_tiles_files_16_22_28.pt,1,train
GigaPath_embeddings_LBC_train/1/103910a7-ef17-49d6-b722-31806bc8c3a5_pyramid_tiles_files_16_23_28.pt,1,train
GigaPath_embeddings_LBC_train/1/dd2bbc91-721e-4adb-99a2-23a9f68362ef_pyramid_tiles_files_16_18_20.pt,1,train
GigaPath_embeddings_LBC_train/1/ba1eb208-7671-4d89-b931-9438a6c52423_pyramid_tiles_files_17_15_19.pt,1,train
GigaPath_embeddings_LBC_train/1/1df6ad4f-b95e-468a-b96d-fc28fa16bf7d_pyramid_tiles_files_16_17_19.pt,1,train
GigaPath_embeddings_LBC_train/1/9f9025f6-3cb2-4e63-9f09-1c25957cd8e3_pyramid_tiles_files_17_22_73.pt,1,train
GigaPath_embeddings_LBC_train/1/40200b8c-392e-4a30-a27d-935cb7e5c95c_pyramid_tiles_files_17_14_18.pt,1,train
GigaPath_embeddings_LBC_train/1/35529ea9-ab7d-4e67-9be2-7faddf0afbed_pyramid_tiles_files_16_17_19.pt,1,train
GigaPath_embeddings_LBC_train/1/7adcd0ef-cbca-4984-aff5-724af95463a4_pyramid_tiles_files_16_16_20.pt,1,train
GigaPath_embeddings_LBC_train/1/f845a584-75e9-4272-b88a-3ab2ae175011_pyramid_tiles_files_16_25_27.pt,1,train
GigaPath_embeddings_LBC_train/1/ba1eb208-7671-4d89-b931-9438a6c52423_pyramid_tiles_files_17_22_72.pt,1,train
GigaPath_embeddings_LBC_train/1/2ae84759-5488-420a-b67a-2794e594e102_pyramid_tiles_files_16_23_28.pt,1,train
GigaPath_embeddings_LBC_train/1/1df6ad4f-b95e-468a-b96d-fc28fa16bf7d_pyramid_tiles_files_16_21_28.pt,1,train
GigaPath_embeddings_LBC_train/1/e91eb178-776c-4b3a-b589-36a0e68408ce_pyramid_tiles_files_16_16_20.pt,1,train
GigaPath_embeddings_LBC_train/1/ff7ed6b1-de79-4426-84ce-1eb0993ce5ad_pyramid_tiles_files_16_17_30.pt,1,train
GigaPath_embeddings_LBC_train/1/7cdca764-efc1-4f0d-9faa-10e29288c6f8_pyramid_tiles_files_16_22_28.pt,1,train
GigaPath_embeddings_LBC_train/1/88c29805-3f26-47c7-a33a-cf45d5ee6dc3_pyramid_tiles_files_16_24_29.pt,1,train
GigaPath_embeddings_LBC_train/1/a6a6a107-4162-4090-90ff-d4521738c55e_pyramid_tiles_files_16_17_30.pt,1,train
GigaPath_embeddings_LBC_train/1/c96df772-ba66-4d32-8de8-134fa7427d0c_pyramid_tiles_files_17_18_40.pt,1,train
GigaPath_embeddings_LBC_train/1/7f084246-fcef-4879-82dd-17c18cc3481b_pyramid_tiles_files_16_23_28.pt,1,train
GigaPath_embeddings_LBC_train/1/0809f883-07ae-4ef2-8963-32424d1b2310_pyramid_tiles_files_16_25_28.pt,1,train
GigaPath_embeddings_LBC_train/1/9489edbc-93c6-4165-97a7-5b51cef27c90_pyramid_tiles_files_17_14_19.pt,1,train
GigaPath_embeddings_LBC_train/1/f737654c-9f44-4233-b852-5e28e74e8a38_pyramid_tiles_files_17_15_19.pt,1,train
GigaPath_embeddings_LBC_train/1/7adcd0ef-cbca-4984-aff5-724af95463a4_pyramid_tiles_files_16_18_30.pt,1,train
GigaPath_embeddings_LBC_train/1/88a9d8e1-7333-4408-801b-6b56b5efe148_pyramid_tiles_files_17_17_40.pt,1,train
GigaPath_embeddings_LBC_train/1/103910a7-ef17-49d6-b722-31806bc8c3a5_pyramid_tiles_files_16_17_30.pt,1,train
GigaPath_embeddings_LBC_train/1/25ef0e93-9216-4b33-af45-158bf3cef8ee_pyramid_tiles_files_17_23_72.pt,1,train
GigaPath_embeddings_LBC_train/1/7d2da7f8-aa22-429e-9690-f6ff7fbfb9c6_pyramid_tiles_files_17_17_40.pt,1,train
GigaPath_embeddings_LBC_train/1/00c2a168-0bc9-4031-954f-d620d13a798e_pyramid_tiles_files_17_15_18.pt,1,train
GigaPath_embeddings_LBC_train/1/d2270a1f-26d5-424e-a6ac-6d9adb355bc7_pyramid_tiles_files_17_23_72.pt,1,train
GigaPath_embeddings_LBC_train/1/c0449d4d-ff24-491e-941b-b82f9910d51e_pyramid_tiles_files_17_23_73.pt,1,train
GigaPath_embeddings_LBC_train/1/d282c089-5b1a-48ca-80c6-5cd67f281d5c_pyramid_tiles_files_17_22_72.pt,1,train
GigaPath_embeddings_LBC_train/1/1f9396eb-107b-4eb2-a434-c7cb66eaa071_pyramid_tiles_files_16_21_29.pt,1,train
GigaPath_embeddings_LBC_train/1/40200b8c-392e-4a30-a27d-935cb7e5c95c_pyramid_tiles_files_17_14_19.pt,1,train
GigaPath_embeddings_LBC_train/1/68b65586-1dd1-4c9e-9287-324e0907ce17_pyramid_tiles_files_16_25_28.pt,1,train
GigaPath_embeddings_LBC_train/1/eeace26f-0d61-42b0-8a7e-38cc2f0bd7e5_pyramid_tiles_files_16_23_29.pt,1,train
GigaPath_embeddings_LBC_train/1/1561b271-ed0a-4bba-968f-ec730f2a5707_pyramid_tiles_files_16_25_28.pt,1,train
GigaPath_embeddings_LBC_train/1/e84495a2-0920-47f9-95a9-f22b38b127ce_pyramid_tiles_files_16_22_28.pt,1,train
GigaPath_embeddings_LBC_train/1/27ccee14-c8c3-471c-a467-861f3013896c_pyramid_tiles_files_17_18_41.pt,1,train
GigaPath_embeddings_LBC_train/1/7dcf5c3f-c90d-4884-97a6-2a341140819f_pyramid_tiles_files_17_14_18.pt,1,train
GigaPath_embeddings_LBC_train/1/9832fea5-5b1a-41d2-9319-e953a420307d_pyramid_tiles_files_16_22_28.pt,1,train
GigaPath_embeddings_LBC_train/1/40200b8c-392e-4a30-a27d-935cb7e5c95c_pyramid_tiles_files_17_24_72.pt,1,train
GigaPath_embeddings_LBC_train/1/05a7c75a-3a19-42fe-bef4-46321b96503c_pyramid_tiles_files_16_21_29.pt,1,train
GigaPath_embeddings_LBC_train/1/efbff1b0-e29a-4b52-9676-b20fbd72d3b5_pyramid_tiles_files_16_22_29.pt,1,train
GigaPath_embeddings_LBC_train/1/f53d7c4b-bc70-4adc-88ff-a136722e0ef0_pyramid_tiles_files_16_19_31.pt,1,train
GigaPath_embeddings_LBC_train/1/9489edbc-93c6-4165-97a7-5b51cef27c90_pyramid_tiles_files_17_15_18.pt,1,train
GigaPath_embeddings_LBC_train/1/e535b22d-c4ba-4191-805a-4338d4452be1_pyramid_tiles_files_16_22_29.pt,1,train
GigaPath_embeddings_LBC_train/1/91227689-c1bd-4afa-8cbe-1149576083db_pyramid_tiles_files_17_18_40.pt,1,train
GigaPath_embeddings_LBC_train/1/bfda3d1a-59f1-447b-b964-0774d6564648_pyramid_tiles_files_16_19_31.pt,1,train
GigaPath_embeddings_LBC_train/1/eed8a45e-5400-44f3-bec9-acad9bffabe6_pyramid_tiles_files_16_18_30.pt,1,train
GigaPath_embeddings_LBC_train/1/0c815d19-6b10-43b9-b403-e8bcd96c88c9_pyramid_tiles_files_16_24_28.pt,1,train
GigaPath_embeddings_LBC_train/1/9832fea5-5b1a-41d2-9319-e953a420307d_pyramid_tiles_files_16_25_29.pt,1,train
GigaPath_embeddings_LBC_train/1/27f952da-cb0e-4b86-9464-3b31671933ce_pyramid_tiles_files_17_24_72.pt,1,train
GigaPath_embeddings_LBC_train/1/09022f45-72f6-41d4-b741-d102f2ae2fdc_pyramid_tiles_files_16_25_27.pt,1,train
GigaPath_embeddings_LBC_train/1/136b3bf2-df89-437f-a3cd-280cb031e550_pyramid_tiles_files_17_18_41.pt,1,train
GigaPath_embeddings_LBC_train/1/df4a0635-dc3f-4ccb-a2d9-0f89a4692a93_pyramid_tiles_files_16_24_29.pt,1,train
GigaPath_embeddings_LBC_train/1/ead8e571-832f-48cf-ac10-dbf23a23e118_pyramid_tiles_files_16_19_31.pt,1,train
GigaPath_embeddings_LBC_train/1/f21c730f-c4c5-4db2-843c-5bc29f2cc708_pyramid_tiles_files_17_15_18.pt,1,train
GigaPath_embeddings_LBC_train/1/1900bdd5-ff4b-47e3-8384-0c7aa7b67c96_pyramid_tiles_files_16_21_29.pt,1,train
GigaPath_embeddings_LBC_train/1/f21c730f-c4c5-4db2-843c-5bc29f2cc708_pyramid_tiles_files_17_15_19.pt,1,train
GigaPath_embeddings_LBC_train/1/3c4ac5df-b116-4847-8737-79d4db791a7e_pyramid_tiles_files_17_22_73.pt,1,train
GigaPath_embeddings_LBC_train/1/40490219-ecc2-40c6-bd90-10f007f8f579_pyramid_tiles_files_17_24_73.pt,1,train
GigaPath_embeddings_LBC_train/1/e154f668-55ba-46ed-8bbc-91218f1b9841_pyramid_tiles_files_17_18_40.pt,1,train
GigaPath_embeddings_LBC_train/1/878e391e-4957-471f-bea3-e02bf882cfd1_pyramid_tiles_files_17_22_73.pt,1,train
GigaPath_embeddings_LBC_train/1/b3370ef8-cc53-43e1-a77d-36fb77932b0f_pyramid_tiles_files_16_18_20.pt,1,train
GigaPath_embeddings_LBC_train/1/7f084246-fcef-4879-82dd-17c18cc3481b_pyramid_tiles_files_16_17_19.pt,1,train
GigaPath_embeddings_LBC_train/1/f8cdd598-f195-4e7f-9140-9230a7341e8d_pyramid_tiles_files_16_18_19.pt,1,train
GigaPath_embeddings_LBC_train/1/7adcd0ef-cbca-4984-aff5-724af95463a4_pyramid_tiles_files_16_16_19.pt,1,train
GigaPath_embeddings_LBC_train/1/5a9c4ce1-e317-4782-9740-fea86e490f04_pyramid_tiles_files_16_21_29.pt,1,train
GigaPath_embeddings_LBC_train/1/0aaa3037-e4d2-4bb5-9f20-bda58da5c3fe_pyramid_tiles_files_17_18_40.pt,1,train
GigaPath_embeddings_LBC_train/1/e84495a2-0920-47f9-95a9-f22b38b127ce_pyramid_tiles_files_16_17_31.pt,1,train
GigaPath_embeddings_LBC_train/1/1df6ad4f-b95e-468a-b96d-fc28fa16bf7d_pyramid_tiles_files_16_19_30.pt,1,train
GigaPath_embeddings_LBC_train/1/f53d7c4b-bc70-4adc-88ff-a136722e0ef0_pyramid_tiles_files_16_22_29.pt,1,train
GigaPath_embeddings_LBC_train/1/2edb0236-8fca-4fab-a0e9-300304e2a20a_pyramid_tiles_files_17_18_41.pt,1,train
GigaPath_embeddings_LBC_train/1/53cd3df9-c1cf-4391-9f95-43ebac8dd8f0_pyramid_tiles_files_17_14_18.pt,1,train
GigaPath_embeddings_LBC_train/1/a422fe88-c84c-4c11-998c-29ec63c8cc3b_pyramid_tiles_files_17_24_73.pt,1,train
GigaPath_embeddings_LBC_train/1/860e3689-9c98-41b1-a40c-82ecedb84773_pyramid_tiles_files_17_22_72.pt,1,train
GigaPath_embeddings_LBC_train/1/2b77e2fa-983e-4050-ab0f-5179f73a394e_pyramid_tiles_files_16_19_31.pt,1,train
GigaPath_embeddings_LBC_train/1/e12c0ba4-b9b6-4f55-977d-42841e89f0e1_pyramid_tiles_files_17_17_40.pt,1,train
GigaPath_embeddings_LBC_train/1/6863a74b-12b6-41e5-8beb-60b571303b26_pyramid_tiles_files_17_23_72.pt,1,train
GigaPath_embeddings_LBC_train/1/34ba83db-88de-4125-8d7e-fc129b494468_pyramid_tiles_files_16_21_28.pt,1,train
GigaPath_embeddings_LBC_train/1/1b577487-07bc-477e-8f84-d6700010a240_pyramid_tiles_files_17_24_72.pt,1,train
GigaPath_embeddings_LBC_train/1/1df6ad4f-b95e-468a-b96d-fc28fa16bf7d_pyramid_tiles_files_16_16_19.pt,1,train
GigaPath_embeddings_LBC_train/1/33851c15-9a41-450a-bff1-d906c9acf6f3_pyramid_tiles_files_16_22_28.pt,1,train
GigaPath_embeddings_LBC_train/1/fb34db15-00ea-425c-89e7-8f6bf844e9e8_pyramid_tiles_files_16_18_30.pt,1,train
GigaPath_embeddings_LBC_train/1/5a9c4ce1-e317-4782-9740-fea86e490f04_pyramid_tiles_files_16_24_28.pt,1,train
GigaPath_embeddings_LBC_train/1/3051d836-91a4-4aff-9bf2-7cf31904a2ea_pyramid_tiles_files_16_24_27.pt,1,train
GigaPath_embeddings_LBC_train/1/68b65586-1dd1-4c9e-9287-324e0907ce17_pyramid_tiles_files_16_19_30.pt,1,train
GigaPath_embeddings_LBC_train/1/f4198852-0424-4491-953a-d3301aaa0524_pyramid_tiles_files_17_18_41.pt,1,train
GigaPath_embeddings_LBC_train/1/0c815d19-6b10-43b9-b403-e8bcd96c88c9_pyramid_tiles_files_16_19_31.pt,1,train
GigaPath_embeddings_LBC_train/1/53cd3df9-c1cf-4391-9f95-43ebac8dd8f0_pyramid_tiles_files_17_17_41.pt,1,train
GigaPath_embeddings_LBC_train/1/2154bc6d-2b7b-4c63-ba32-d877a60f2cff_pyramid_tiles_files_16_25_28.pt,1,train
GigaPath_embeddings_LBC_train/1/6f1af507-f025-4d67-9b07-ff9b2e562a67_pyramid_tiles_files_16_18_31.pt,1,train
GigaPath_embeddings_LBC_train/1/848883dc-0a70-410a-b42c-42818e6bce8a_pyramid_tiles_files_16_22_29.pt,1,train
GigaPath_embeddings_LBC_train/1/09022f45-72f6-41d4-b741-d102f2ae2fdc_pyramid_tiles_files_16_18_30.pt,1,train
GigaPath_embeddings_LBC_train/1/b34b3227-38a8-47fe-8920-18c280edcff6_pyramid_tiles_files_16_18_20.pt,1,train
GigaPath_embeddings_LBC_train/1/e38679b5-dfb1-4d9b-9cd1-51d23497d166_pyramid_tiles_files_16_24_28.pt,1,train
GigaPath_embeddings_LBC_train/1/7f084246-fcef-4879-82dd-17c18cc3481b_pyramid_tiles_files_16_19_30.pt,1,train
GigaPath_embeddings_LBC_train/1/05f7516a-c717-491e-b5f2-b611c3789fa3_pyramid_tiles_files_16_18_19.pt,1,train
GigaPath_embeddings_LBC_train/1/a422fe88-c84c-4c11-998c-29ec63c8cc3b_pyramid_tiles_files_17_18_41.pt,1,train
GigaPath_embeddings_LBC_train/1/8ba06d0e-ba28-481e-a2a9-c95807391113_pyramid_tiles_files_16_18_19.pt,1,train
GigaPath_embeddings_LBC_train/1/88fa9c4b-c50b-46b6-8f70-3cb245539b47_pyramid_tiles_files_16_19_30.pt,1,train
GigaPath_embeddings_LBC_train/1/bcb241e8-5c96-4eae-aef2-0494615c7332_pyramid_tiles_files_16_16_20.pt,1,train
GigaPath_embeddings_LBC_train/1/7f084246-fcef-4879-82dd-17c18cc3481b_pyramid_tiles_files_16_19_31.pt,1,train
GigaPath_embeddings_LBC_train/1/eed8a45e-5400-44f3-bec9-acad9bffabe6_pyramid_tiles_files_16_17_19.pt,1,train
GigaPath_embeddings_LBC_train/1/d98d1466-b08e-4cdc-81c2-66b38375028f_pyramid_tiles_files_16_17_30.pt,1,train
GigaPath_embeddings_LBC_train/1/3a922671-4cfc-4650-8cc9-51db2c72c8d4_pyramid_tiles_files_16_25_28.pt,1,train
GigaPath_embeddings_LBC_train/1/ec591c22-e5c9-426f-928f-2a4910f26cfe_pyramid_tiles_files_16_25_29.pt,1,train
GigaPath_embeddings_LBC_train/1/e4297377-db96-43c0-981f-bb482a083296_pyramid_tiles_files_17_14_19.pt,1,train
GigaPath_embeddings_LBC_train/1/9e3412ec-231c-40a8-8c17-e358744efb5a_pyramid_tiles_files_16_18_19.pt,1,train
GigaPath_embeddings_LBC_train/1/df5e8063-ae40-4800-9387-61920bf91339_pyramid_tiles_files_16_22_28.pt,1,train
GigaPath_embeddings_LBC_train/1/add1b48f-081c-4cda-8e37-55d222e8d813_pyramid_tiles_files_17_23_72.pt,1,train
GigaPath_embeddings_LBC_train/1/667596ff-485c-41f9-ac32-9f91f8cc66c0_pyramid_tiles_files_17_15_19.pt,1,train
GigaPath_embeddings_LBC_train/1/fb34db15-00ea-425c-89e7-8f6bf844e9e8_pyramid_tiles_files_16_19_30.pt,1,train
GigaPath_embeddings_LBC_train/1/91227689-c1bd-4afa-8cbe-1149576083db_pyramid_tiles_files_17_22_73.pt,1,train
GigaPath_embeddings_LBC_train/1/88fa9c4b-c50b-46b6-8f70-3cb245539b47_pyramid_tiles_files_16_17_31.pt,1,train
GigaPath_embeddings_LBC_train/1/2f9ace47-773d-432b-95c0-4c79d09ca789_pyramid_tiles_files_17_18_40.pt,1,train
GigaPath_embeddings_LBC_train/1/d8e98d99-2dd8-4f57-b442-3218a7acf30a_pyramid_tiles_files_16_17_31.pt,1,train
GigaPath_embeddings_LBC_train/1/e1ee6327-4383-4db7-859d-c209fda7a7d0_pyramid_tiles_files_17_24_73.pt,1,train
GigaPath_embeddings_LBC_train/1/eed8a45e-5400-44f3-bec9-acad9bffabe6_pyramid_tiles_files_16_22_28.pt,1,train
GigaPath_embeddings_LBC_train/1/1561b271-ed0a-4bba-968f-ec730f2a5707_pyramid_tiles_files_16_22_28.pt,1,train
GigaPath_embeddings_LBC_train/1/7f90fbd0-c09c-45ef-b603-f0059d32e4af_pyramid_tiles_files_16_25_28.pt,1,train
GigaPath_embeddings_LBC_train/1/33851c15-9a41-450a-bff1-d906c9acf6f3_pyramid_tiles_files_16_19_30.pt,1,train
GigaPath_embeddings_LBC_train/1/35529ea9-ab7d-4e67-9be2-7faddf0afbed_pyramid_tiles_files_16_22_29.pt,1,train
GigaPath_embeddings_LBC_train/1/910ae3a4-0161-408b-bc72-41e06bd37102_pyramid_tiles_files_16_17_31.pt,1,train
GigaPath_embeddings_LBC_train/1/0aaa3037-e4d2-4bb5-9f20-bda58da5c3fe_pyramid_tiles_files_17_14_19.pt,1,train
GigaPath_embeddings_LBC_train/1/e4297377-db96-43c0-981f-bb482a083296_pyramid_tiles_files_17_14_18.pt,1,train
GigaPath_embeddings_LBC_train/1/1900bdd5-ff4b-47e3-8384-0c7aa7b67c96_pyramid_tiles_files_16_22_29.pt,1,train
GigaPath_embeddings_LBC_train/1/1a244e75-7c81-4580-940b-730cdb7d6229_pyramid_tiles_files_17_14_19.pt,1,train
GigaPath_embeddings_LBC_train/1/4d43ca02-898e-471a-89ff-38e030d7d3f8_pyramid_tiles_files_16_24_27.pt,1,train
GigaPath_embeddings_LBC_train/1/fb34db15-00ea-425c-89e7-8f6bf844e9e8_pyramid_tiles_files_16_19_31.pt,1,train
GigaPath_embeddings_LBC_train/1/b3370ef8-cc53-43e1-a77d-36fb77932b0f_pyramid_tiles_files_16_18_31.pt,1,train
GigaPath_embeddings_LBC_train/1/a162a4e4-226c-41cb-b60b-475042441e74_pyramid_tiles_files_16_17_30.pt,1,train
GigaPath_embeddings_LBC_train/1/9832fea5-5b1a-41d2-9319-e953a420307d_pyramid_tiles_files_16_23_28.pt,1,train
GigaPath_embeddings_LBC_train/1/5e11fd38-061e-465e-b3aa-6ce8e54632a3_pyramid_tiles_files_16_24_29.pt,1,train
GigaPath_embeddings_LBC_train/1/f38d2bb8-7326-47e7-a2b4-17154c5f2c0c_pyramid_tiles_files_16_19_31.pt,1,train
GigaPath_embeddings_LBC_train/1/e535b22d-c4ba-4191-805a-4338d4452be1_pyramid_tiles_files_16_23_28.pt,1,train
GigaPath_embeddings_LBC_train/1/efbff1b0-e29a-4b52-9676-b20fbd72d3b5_pyramid_tiles_files_16_17_20.pt,1,train
GigaPath_embeddings_LBC_train/1/f38d2bb8-7326-47e7-a2b4-17154c5f2c0c_pyramid_tiles_files_16_24_28.pt,1,train
GigaPath_embeddings_LBC_train/1/07e430fa-9641-4821-a635-6d4e3f8f1cc8_pyramid_tiles_files_16_24_27.pt,1,train
GigaPath_embeddings_LBC_train/1/d2270a1f-26d5-424e-a6ac-6d9adb355bc7_pyramid_tiles_files_17_17_40.pt,1,train
GigaPath_embeddings_LBC_train/1/7b35cee2-c730-4045-a69b-18802e2b4c8e_pyramid_tiles_files_17_24_73.pt,1,train
GigaPath_embeddings_LBC_train/1/7d2da7f8-aa22-429e-9690-f6ff7fbfb9c6_pyramid_tiles_files_17_14_19.pt,1,train
GigaPath_embeddings_LBC_train/1/136b3bf2-df89-437f-a3cd-280cb031e550_pyramid_tiles_files_17_14_19.pt,1,train
GigaPath_embeddings_LBC_train/1/757bdca3-31ba-4a41-8837-436ae787b24e_pyramid_tiles_files_17_15_18.pt,1,train
GigaPath_embeddings_LBC_train/1/f8cdd598-f195-4e7f-9140-9230a7341e8d_pyramid_tiles_files_16_17_31.pt,1,train
GigaPath_embeddings_LBC_train/1/2675f262-0e7c-483d-971e-00500ac47587_pyramid_tiles_files_16_21_29.pt,1,train
GigaPath_embeddings_LBC_train/1/05a7c75a-3a19-42fe-bef4-46321b96503c_pyramid_tiles_files_16_24_29.pt,1,train
GigaPath_embeddings_LBC_train/1/09022f45-72f6-41d4-b741-d102f2ae2fdc_pyramid_tiles_files_16_18_20.pt,1,train
GigaPath_embeddings_LBC_train/1/ff572c84-b664-461e-9d63-1421cae3c7c0_pyramid_tiles_files_17_17_40.pt,1,train
GigaPath_embeddings_LBC_train/1/2babd76f-dfde-4550-a087-a6f04ae0380c_pyramid_tiles_files_17_24_73.pt,1,train
GigaPath_embeddings_LBC_train/1/05a7c75a-3a19-42fe-bef4-46321b96503c_pyramid_tiles_files_16_23_28.pt,1,train
GigaPath_embeddings_LBC_train/1/136b3bf2-df89-437f-a3cd-280cb031e550_pyramid_tiles_files_17_17_41.pt,1,train
GigaPath_embeddings_LBC_train/1/bfda3d1a-59f1-447b-b964-0774d6564648_pyramid_tiles_files_16_24_28.pt,1,train
GigaPath_embeddings_LBC_train/1/bfda3d1a-59f1-447b-b964-0774d6564648_pyramid_tiles_files_16_18_31.pt,1,train
GigaPath_embeddings_LBC_train/1/24c8b882-f5c3-44c8-850a-4d8efa534536_pyramid_tiles_files_16_17_20.pt,1,train
GigaPath_embeddings_LBC_train/1/7f084246-fcef-4879-82dd-17c18cc3481b_pyramid_tiles_files_16_21_28.pt,1,train
GigaPath_embeddings_LBC_train/1/9ccdfd46-597a-4148-b9b0-7853d9ead11a_pyramid_tiles_files_17_17_41.pt,1,train
GigaPath_embeddings_LBC_train/1/33851c15-9a41-450a-bff1-d906c9acf6f3_pyramid_tiles_files_16_16_20.pt,1,train
GigaPath_embeddings_LBC_train/1/eeace26f-0d61-42b0-8a7e-38cc2f0bd7e5_pyramid_tiles_files_16_24_29.pt,1,train
GigaPath_embeddings_LBC_train/1/971a85a8-c488-4a63-a524-48dc9cc05cb6_pyramid_tiles_files_17_23_73.pt,1,train
GigaPath_embeddings_LBC_train/1/1900bdd5-ff4b-47e3-8384-0c7aa7b67c96_pyramid_tiles_files_16_24_29.pt,1,train
GigaPath_embeddings_LBC_train/1/4c84cdfb-d548-4bf1-9598-98c0a3d934e1_pyramid_tiles_files_17_22_73.pt,1,train
GigaPath_embeddings_LBC_train/1/3908d14b-0319-46ce-9d7c-d9f484d4e6c5_pyramid_tiles_files_16_25_29.pt,1,train
GigaPath_embeddings_LBC_train/1/2675f262-0e7c-483d-971e-00500ac47587_pyramid_tiles_files_16_17_20.pt,1,train
GigaPath_embeddings_LBC_train/1/e0ee1714-9f42-4c7e-9c29-6b808c24073f_pyramid_tiles_files_16_23_29.pt,1,train
GigaPath_embeddings_LBC_train/1/a88839a2-827d-4c30-85d3-1eebce71509a_pyramid_tiles_files_16_22_28.pt,1,train
GigaPath_embeddings_LBC_train/1/fc9cbd08-d93b-4d8d-8b07-fa43079c9d4f_pyramid_tiles_files_17_18_40.pt,1,train
GigaPath_embeddings_LBC_train/1/07e430fa-9641-4821-a635-6d4e3f8f1cc8_pyramid_tiles_files_16_25_29.pt,1,train
GigaPath_embeddings_LBC_train/1/8ba06d0e-ba28-481e-a2a9-c95807391113_pyramid_tiles_files_16_16_19.pt,1,train
GigaPath_embeddings_LBC_train/1/c99b0491-5d02-4e58-90c0-67838b0b2500_pyramid_tiles_files_16_18_31.pt,1,train
GigaPath_embeddings_LBC_train/1/136b3bf2-df89-437f-a3cd-280cb031e550_pyramid_tiles_files_17_18_40.pt,1,train
GigaPath_embeddings_LBC_train/1/a7129833-faa2-4c97-826d-e43b75b7cb05_pyramid_tiles_files_16_17_30.pt,1,train
GigaPath_embeddings_LBC_train/1/ff7ed6b1-de79-4426-84ce-1eb0993ce5ad_pyramid_tiles_files_16_21_28.pt,1,train
GigaPath_embeddings_LBC_train/1/24c8b882-f5c3-44c8-850a-4d8efa534536_pyramid_tiles_files_16_18_30.pt,1,train
GigaPath_embeddings_LBC_train/1/07e430fa-9641-4821-a635-6d4e3f8f1cc8_pyramid_tiles_files_16_17_31.pt,1,train
GigaPath_embeddings_LBC_train/1/68b65586-1dd1-4c9e-9287-324e0907ce17_pyramid_tiles_files_16_24_28.pt,1,train
GigaPath_embeddings_LBC_train/1/ead8e571-832f-48cf-ac10-dbf23a23e118_pyramid_tiles_files_16_25_27.pt,1,train
GigaPath_embeddings_LBC_train/1/2154bc6d-2b7b-4c63-ba32-d877a60f2cff_pyramid_tiles_files_16_21_28.pt,1,train
GigaPath_embeddings_LBC_train/1/2babd76f-dfde-4550-a087-a6f04ae0380c_pyramid_tiles_files_17_14_18.pt,1,train
GigaPath_embeddings_LBC_train/1/7adcd0ef-cbca-4984-aff5-724af95463a4_pyramid_tiles_files_16_22_29.pt,1,train
GigaPath_embeddings_LBC_train/1/848883dc-0a70-410a-b42c-42818e6bce8a_pyramid_tiles_files_16_17_31.pt,1,train
GigaPath_embeddings_LBC_train/1/09022f45-72f6-41d4-b741-d102f2ae2fdc_pyramid_tiles_files_16_23_28.pt,1,train
GigaPath_embeddings_LBC_train/1/a8b605b6-b00f-4588-80f7-a3f04b5daaa3_pyramid_tiles_files_16_18_20.pt,1,train
GigaPath_embeddings_LBC_train/1/40490219-ecc2-40c6-bd90-10f007f8f579_pyramid_tiles_files_17_14_18.pt,1,train
GigaPath_embeddings_LBC_train/1/f69d24a9-c04a-42d2-a9d5-c226f35f7dc6_pyramid_tiles_files_17_14_18.pt,1,train
GigaPath_embeddings_LBC_train/1/3a922671-4cfc-4650-8cc9-51db2c72c8d4_pyramid_tiles_files_16_18_31.pt,1,train
GigaPath_embeddings_LBC_train/1/efbff1b0-e29a-4b52-9676-b20fbd72d3b5_pyramid_tiles_files_16_19_31.pt,1,train
GigaPath_embeddings_LBC_train/1/bcb241e8-5c96-4eae-aef2-0494615c7332_pyramid_tiles_files_16_23_28.pt,1,train
GigaPath_embeddings_LBC_train/1/df5e8063-ae40-4800-9387-61920bf91339_pyramid_tiles_files_16_16_19.pt,1,train
GigaPath_embeddings_LBC_train/1/f38d2bb8-7326-47e7-a2b4-17154c5f2c0c_pyramid_tiles_files_16_19_30.pt,1,train
GigaPath_embeddings_LBC_train/1/fb34db15-00ea-425c-89e7-8f6bf844e9e8_pyramid_tiles_files_16_25_27.pt,1,train
GigaPath_embeddings_LBC_train/1/f8cdd598-f195-4e7f-9140-9230a7341e8d_pyramid_tiles_files_16_21_29.pt,1,train
GigaPath_embeddings_LBC_train/1/d0b24e86-0df9-4e80-9802-77f3f8a44a4e_pyramid_tiles_files_16_16_19.pt,1,train
GigaPath_embeddings_LBC_train/1/9489edbc-93c6-4165-97a7-5b51cef27c90_pyramid_tiles_files_17_23_73.pt,1,train
GigaPath_embeddings_LBC_train/1/252dbee6-7f3b-41fd-a63c-faf8e39aa257_pyramid_tiles_files_17_14_19.pt,1,train
GigaPath_embeddings_LBC_train/1/3a922671-4cfc-4650-8cc9-51db2c72c8d4_pyramid_tiles_files_16_23_28.pt,1,train
GigaPath_embeddings_LBC_train/1/a88839a2-827d-4c30-85d3-1eebce71509a_pyramid_tiles_files_16_23_28.pt,1,train
GigaPath_embeddings_LBC_train/1/d14ee81b-590d-49f1-b9c1-f25c022331b9_pyramid_tiles_files_16_19_30.pt,1,train
GigaPath_embeddings_LBC_train/1/bfda3d1a-59f1-447b-b964-0774d6564648_pyramid_tiles_files_16_16_20.pt,1,train
GigaPath_embeddings_LBC_train/1/2349a7ef-89f1-44c5-a16c-93cd50a5160a_pyramid_tiles_files_17_23_73.pt,1,train
GigaPath_embeddings_LBC_train/1/7b35cee2-c730-4045-a69b-18802e2b4c8e_pyramid_tiles_files_17_18_40.pt,1,train
GigaPath_embeddings_LBC_train/1/cb17d14a-587d-45e7-9da8-7fc29c867d68_pyramid_tiles_files_17_23_72.pt,1,train
GigaPath_embeddings_LBC_train/1/6f1af507-f025-4d67-9b07-ff9b2e562a67_pyramid_tiles_files_16_16_20.pt,1,train
GigaPath_embeddings_LBC_train/1/ee421114-146a-4aee-beaf-c14dae8a13a4_pyramid_tiles_files_16_25_29.pt,1,train
GigaPath_embeddings_LBC_train/1/b3370ef8-cc53-43e1-a77d-36fb77932b0f_pyramid_tiles_files_16_19_30.pt,1,train
GigaPath_embeddings_LBC_train/1/2ae84759-5488-420a-b67a-2794e594e102_pyramid_tiles_files_16_17_30.pt,1,train
GigaPath_embeddings_LBC_train/1/f9e2d87e-82ee-4e66-a710-97cf70cdb392_pyramid_tiles_files_16_16_20.pt,1,train
GigaPath_embeddings_LBC_train/1/53cd3df9-c1cf-4391-9f95-43ebac8dd8f0_pyramid_tiles_files_17_15_19.pt,1,train
GigaPath_embeddings_LBC_train/1/7d2da7f8-aa22-429e-9690-f6ff7fbfb9c6_pyramid_tiles_files_17_14_18.pt,1,train
GigaPath_embeddings_LBC_train/1/6f1af507-f025-4d67-9b07-ff9b2e562a67_pyramid_tiles_files_16_23_29.pt,1,train
GigaPath_embeddings_LBC_train/1/bfda3d1a-59f1-447b-b964-0774d6564648_pyramid_tiles_files_16_24_29.pt,1,train
GigaPath_embeddings_LBC_train/1/1b577487-07bc-477e-8f84-d6700010a240_pyramid_tiles_files_17_23_73.pt,1,train
GigaPath_embeddings_LBC_train/1/add1b48f-081c-4cda-8e37-55d222e8d813_pyramid_tiles_files_17_17_41.pt,1,train
GigaPath_embeddings_LBC_train/1/9489edbc-93c6-4165-97a7-5b51cef27c90_pyramid_tiles_files_17_24_72.pt,1,train
GigaPath_embeddings_LBC_train/1/2dfb8fa9-c394-4fa6-bc69-22550436978d_pyramid_tiles_files_17_22_73.pt,1,train
GigaPath_embeddings_LBC_train/1/d14ee81b-590d-49f1-b9c1-f25c022331b9_pyramid_tiles_files_16_22_28.pt,1,train
GigaPath_embeddings_LBC_train/1/c99b0491-5d02-4e58-90c0-67838b0b2500_pyramid_tiles_files_16_19_30.pt,1,train
GigaPath_embeddings_LBC_train/1/e84495a2-0920-47f9-95a9-f22b38b127ce_pyramid_tiles_files_16_23_28.pt,1,train
GigaPath_embeddings_LBC_train/1/a88839a2-827d-4c30-85d3-1eebce71509a_pyramid_tiles_files_16_17_20.pt,1,train
GigaPath_embeddings_LBC_train/1/49b7db50-8c64-4aed-aeec-f61e6432f3fd_pyramid_tiles_files_17_18_41.pt,1,train
GigaPath_embeddings_LBC_train/1/7f084246-fcef-4879-82dd-17c18cc3481b_pyramid_tiles_files_16_22_28.pt,1,train
GigaPath_embeddings_LBC_train/1/39551161-80cc-47c6-9219-cb30f7cb3283_pyramid_tiles_files_16_18_30.pt,1,train
GigaPath_embeddings_LBC_train/1/f737654c-9f44-4233-b852-5e28e74e8a38_pyramid_tiles_files_17_23_73.pt,1,train
GigaPath_embeddings_LBC_train/1/d8e98d99-2dd8-4f57-b442-3218a7acf30a_pyramid_tiles_files_16_25_27.pt,1,train
GigaPath_embeddings_LBC_train/1/99658cf5-d1dc-4436-ac7c-24f303817fb0_pyramid_tiles_files_16_17_20.pt,1,train
GigaPath_embeddings_LBC_train/1/a422fe88-c84c-4c11-998c-29ec63c8cc3b_pyramid_tiles_files_17_14_19.pt,1,train
GigaPath_embeddings_LBC_train/1/848883dc-0a70-410a-b42c-42818e6bce8a_pyramid_tiles_files_16_23_28.pt,1,train
GigaPath_embeddings_LBC_train/1/15d579c8-fab5-414e-8293-453d8f51c4c8_pyramid_tiles_files_17_14_18.pt,1,train
GigaPath_embeddings_LBC_train/1/99658cf5-d1dc-4436-ac7c-24f303817fb0_pyramid_tiles_files_16_19_30.pt,1,train
GigaPath_embeddings_LBC_train/1/7d2da7f8-aa22-429e-9690-f6ff7fbfb9c6_pyramid_tiles_files_17_15_19.pt,1,train
GigaPath_embeddings_LBC_train/1/e84495a2-0920-47f9-95a9-f22b38b127ce_pyramid_tiles_files_16_25_27.pt,1,train
GigaPath_embeddings_LBC_train/1/13a98c45-1483-4b7a-b509-ff2f1829df9b_pyramid_tiles_files_17_22_72.pt,1,train
GigaPath_embeddings_LBC_train/1/1561b271-ed0a-4bba-968f-ec730f2a5707_pyramid_tiles_files_16_18_31.pt,1,train
GigaPath_embeddings_LBC_train/1/97aab5f3-09ef-4dc8-9566-bdabb5ca08b0_pyramid_tiles_files_17_18_40.pt,1,train
GigaPath_embeddings_LBC_train/1/0170e458-6934-43fb-b512-f08220d42a8d_pyramid_tiles_files_17_15_18.pt,1,train
GigaPath_embeddings_LBC_train/1/1900bdd5-ff4b-47e3-8384-0c7aa7b67c96_pyramid_tiles_files_16_22_28.pt,1,train
GigaPath_embeddings_LBC_train/1/6f1af507-f025-4d67-9b07-ff9b2e562a67_pyramid_tiles_files_16_21_29.pt,1,train
GigaPath_embeddings_LBC_train/1/3908d14b-0319-46ce-9d7c-d9f484d4e6c5_pyramid_tiles_files_16_19_30.pt,1,train
GigaPath_embeddings_LBC_train/1/f5a044fa-6bad-49f3-b270-aa635a369748_pyramid_tiles_files_16_18_31.pt,1,train
GigaPath_embeddings_LBC_train/1/2154bc6d-2b7b-4c63-ba32-d877a60f2cff_pyramid_tiles_files_16_19_31.pt,1,train
GigaPath_embeddings_LBC_train/1/bcb241e8-5c96-4eae-aef2-0494615c7332_pyramid_tiles_files_16_25_28.pt,1,train
GigaPath_embeddings_LBC_train/1/1df6ad4f-b95e-468a-b96d-fc28fa16bf7d_pyramid_tiles_files_16_25_28.pt,1,train
GigaPath_embeddings_LBC_train/1/5e11fd38-061e-465e-b3aa-6ce8e54632a3_pyramid_tiles_files_16_24_27.pt,1,train
GigaPath_embeddings_LBC_train/1/848883dc-0a70-410a-b42c-42818e6bce8a_pyramid_tiles_files_16_19_31.pt,1,train
GigaPath_embeddings_LBC_train/1/cb17d14a-587d-45e7-9da8-7fc29c867d68_pyramid_tiles_files_17_15_18.pt,1,train
GigaPath_embeddings_LBC_train/1/667596ff-485c-41f9-ac32-9f91f8cc66c0_pyramid_tiles_files_17_23_72.pt,1,train
GigaPath_embeddings_LBC_train/1/420bbdfc-3126-41bb-989b-ef534ced41d6_pyramid_tiles_files_16_21_28.pt,1,train
GigaPath_embeddings_LBC_train/1/15d579c8-fab5-414e-8293-453d8f51c4c8_pyramid_tiles_files_17_17_40.pt,1,train
GigaPath_embeddings_LBC_train/1/fe82db87-b9ac-4171-b3b8-df2cf530394a_pyramid_tiles_files_17_14_19.pt,1,train
GigaPath_embeddings_LBC_train/1/e154f668-55ba-46ed-8bbc-91218f1b9841_pyramid_tiles_files_17_24_73.pt,1,train
GigaPath_embeddings_LBC_train/1/0c815d19-6b10-43b9-b403-e8bcd96c88c9_pyramid_tiles_files_16_21_28.pt,1,train
GigaPath_embeddings_LBC_train/1/1900bdd5-ff4b-47e3-8384-0c7aa7b67c96_pyramid_tiles_files_16_17_20.pt,1,train
GigaPath_embeddings_LBC_train/1/eeace26f-0d61-42b0-8a7e-38cc2f0bd7e5_pyramid_tiles_files_16_24_28.pt,1,train
GigaPath_embeddings_LBC_train/1/b71e073f-25c7-43e2-9e4a-7809d0613d87_pyramid_tiles_files_16_17_31.pt,1,train
GigaPath_embeddings_LBC_train/1/99658cf5-d1dc-4436-ac7c-24f303817fb0_pyramid_tiles_files_16_18_31.pt,1,train
GigaPath_embeddings_LBC_train/1/00c2a168-0bc9-4031-954f-d620d13a798e_pyramid_tiles_files_17_24_73.pt,1,train
GigaPath_embeddings_LBC_train/1/a8b605b6-b00f-4588-80f7-a3f04b5daaa3_pyramid_tiles_files_16_17_30.pt,1,train
GigaPath_embeddings_LBC_train/1/4f41714c-6744-4d4a-bc8a-2084292747af_pyramid_tiles_files_17_17_41.pt,1,train
GigaPath_embeddings_LBC_train/1/1fb96a41-129c-4275-b731-c359822ff033_pyramid_tiles_files_17_22_73.pt,1,train
GigaPath_embeddings_LBC_train/1/8f61c5c1-e549-489c-b24f-bb3906df8b40_pyramid_tiles_files_16_18_20.pt,1,train
GigaPath_embeddings_LBC_train/1/05f7516a-c717-491e-b5f2-b611c3789fa3_pyramid_tiles_files_16_25_27.pt,1,train
GigaPath_embeddings_LBC_train/1/d98d1466-b08e-4cdc-81c2-66b38375028f_pyramid_tiles_files_16_22_29.pt,1,train
GigaPath_embeddings_LBC_train/1/e91eb178-776c-4b3a-b589-36a0e68408ce_pyramid_tiles_files_16_23_28.pt,1,train
GigaPath_embeddings_LBC_train/1/a8b605b6-b00f-4588-80f7-a3f04b5daaa3_pyramid_tiles_files_16_25_27.pt,1,train
GigaPath_embeddings_LBC_train/1/88a9d8e1-7333-4408-801b-6b56b5efe148_pyramid_tiles_files_17_18_41.pt,1,train
GigaPath_embeddings_LBC_train/1/99658cf5-d1dc-4436-ac7c-24f303817fb0_pyramid_tiles_files_16_25_27.pt,1,train
GigaPath_embeddings_LBC_train/1/537e700c-bb74-41c6-a61e-cbff213e450d_pyramid_tiles_files_16_25_29.pt,1,train
GigaPath_embeddings_LBC_train/1/7f90fbd0-c09c-45ef-b603-f0059d32e4af_pyramid_tiles_files_16_18_20.pt,1,train
GigaPath_embeddings_LBC_train/1/2b77e2fa-983e-4050-ab0f-5179f73a394e_pyramid_tiles_files_16_18_19.pt,1,train
GigaPath_embeddings_LBC_train/1/d7165445-b5e9-4b9e-844c-84e4e10e76b8_pyramid_tiles_files_16_24_27.pt,1,train
GigaPath_embeddings_LBC_train/1/99658cf5-d1dc-4436-ac7c-24f303817fb0_pyramid_tiles_files_16_18_19.pt,1,train
GigaPath_embeddings_LBC_train/1/848883dc-0a70-410a-b42c-42818e6bce8a_pyramid_tiles_files_16_18_30.pt,1,train
GigaPath_embeddings_LBC_train/1/d14ee81b-590d-49f1-b9c1-f25c022331b9_pyramid_tiles_files_16_24_29.pt,1,train
GigaPath_embeddings_LBC_train/1/5ebe19b1-612c-45d3-9add-3e9a1c06d880_pyramid_tiles_files_17_15_19.pt,1,train
GigaPath_embeddings_LBC_train/1/f014b792-5610-425a-9902-a1bb52d60996_pyramid_tiles_files_17_18_41.pt,1,train
GigaPath_embeddings_LBC_train/1/5e11fd38-061e-465e-b3aa-6ce8e54632a3_pyramid_tiles_files_16_18_31.pt,1,train
GigaPath_embeddings_LBC_train/1/8f61c5c1-e549-489c-b24f-bb3906df8b40_pyramid_tiles_files_16_24_27.pt,1,train
GigaPath_embeddings_LBC_train/1/05f7516a-c717-491e-b5f2-b611c3789fa3_pyramid_tiles_files_16_24_28.pt,1,train
GigaPath_embeddings_LBC_train/1/f38d2bb8-7326-47e7-a2b4-17154c5f2c0c_pyramid_tiles_files_16_24_27.pt,1,train
GigaPath_embeddings_LBC_train/1/1df6ad4f-b95e-468a-b96d-fc28fa16bf7d_pyramid_tiles_files_16_23_28.pt,1,train
GigaPath_embeddings_LBC_train/1/e1ee6327-4383-4db7-859d-c209fda7a7d0_pyramid_tiles_files_17_14_19.pt,1,train
GigaPath_embeddings_LBC_train/1/ee421114-146a-4aee-beaf-c14dae8a13a4_pyramid_tiles_files_16_18_31.pt,1,train
GigaPath_embeddings_LBC_train/1/07e430fa-9641-4821-a635-6d4e3f8f1cc8_pyramid_tiles_files_16_18_20.pt,1,train
GigaPath_embeddings_LBC_train/1/667596ff-485c-41f9-ac32-9f91f8cc66c0_pyramid_tiles_files_17_14_18.pt,1,train
GigaPath_embeddings_LBC_train/1/5ebe19b1-612c-45d3-9add-3e9a1c06d880_pyramid_tiles_files_17_18_41.pt,1,train
GigaPath_embeddings_LBC_train/1/910ae3a4-0161-408b-bc72-41e06bd37102_pyramid_tiles_files_16_18_20.pt,1,train
GigaPath_embeddings_LBC_train/1/82df266a-7b42-4683-abfd-df06c24c0095_pyramid_tiles_files_17_23_72.pt,1,train
GigaPath_embeddings_LBC_train/1/2dfb8fa9-c394-4fa6-bc69-22550436978d_pyramid_tiles_files_17_24_73.pt,1,train
GigaPath_embeddings_LBC_train/1/7f90fbd0-c09c-45ef-b603-f0059d32e4af_pyramid_tiles_files_16_16_19.pt,1,train
GigaPath_embeddings_LBC_train/1/7136f225-b00f-4314-8e03-bf7cc8c675f6_pyramid_tiles_files_16_24_27.pt,1,train
GigaPath_embeddings_LBC_train/1/27ccee14-c8c3-471c-a467-861f3013896c_pyramid_tiles_files_17_15_18.pt,1,train
GigaPath_embeddings_LBC_train/1/a8b605b6-b00f-4588-80f7-a3f04b5daaa3_pyramid_tiles_files_16_17_19.pt,1,train
GigaPath_embeddings_LBC_train/1/7f90fbd0-c09c-45ef-b603-f0059d32e4af_pyramid_tiles_files_16_22_29.pt,1,train
GigaPath_embeddings_LBC_train/1/15d579c8-fab5-414e-8293-453d8f51c4c8_pyramid_tiles_files_17_23_73.pt,1,train
GigaPath_embeddings_LBC_train/1/e91eb178-776c-4b3a-b589-36a0e68408ce_pyramid_tiles_files_16_22_28.pt,1,train
GigaPath_embeddings_LBC_train/1/40490219-ecc2-40c6-bd90-10f007f8f579_pyramid_tiles_files_17_17_40.pt,1,train
GigaPath_embeddings_LBC_train/1/1561b271-ed0a-4bba-968f-ec730f2a5707_pyramid_tiles_files_16_17_31.pt,1,train
GigaPath_embeddings_LBC_train/1/91227689-c1bd-4afa-8cbe-1149576083db_pyramid_tiles_files_17_15_19.pt,1,train
GigaPath_embeddings_LBC_train/1/5ebe19b1-612c-45d3-9add-3e9a1c06d880_pyramid_tiles_files_17_18_40.pt,1,train
GigaPath_embeddings_LBC_train/1/585c9fc8-5144-4038-b03f-94d1b70ca166_pyramid_tiles_files_17_18_41.pt,1,train
GigaPath_embeddings_LBC_train/1/bfda3d1a-59f1-447b-b964-0774d6564648_pyramid_tiles_files_16_16_19.pt,1,train
GigaPath_embeddings_LBC_train/1/d5e5cbb6-7fcb-47e0-871f-7d31770b7acc_pyramid_tiles_files_16_25_28.pt,1,train
GigaPath_embeddings_LBC_train/1/848883dc-0a70-410a-b42c-42818e6bce8a_pyramid_tiles_files_16_17_30.pt,1,train
GigaPath_embeddings_LBC_train/1/deb52381-ec34-4586-a9ba-461702954557_pyramid_tiles_files_17_15_18.pt,1,train
GigaPath_embeddings_LBC_train/1/2349a7ef-89f1-44c5-a16c-93cd50a5160a_pyramid_tiles_files_17_24_73.pt,1,train
GigaPath_embeddings_LBC_train/1/c96df772-ba66-4d32-8de8-134fa7427d0c_pyramid_tiles_files_17_22_72.pt,1,train
GigaPath_embeddings_LBC_train/1/5e11fd38-061e-465e-b3aa-6ce8e54632a3_pyramid_tiles_files_16_17_31.pt,1,train
GigaPath_embeddings_LBC_train/1/27f952da-cb0e-4b86-9464-3b31671933ce_pyramid_tiles_files_17_15_19.pt,1,train
GigaPath_embeddings_LBC_train/1/0170e458-6934-43fb-b512-f08220d42a8d_pyramid_tiles_files_17_22_72.pt,1,train
GigaPath_embeddings_LBC_train/1/a162a4e4-226c-41cb-b60b-475042441e74_pyramid_tiles_files_16_24_28.pt,1,train
GigaPath_embeddings_LBC_train/1/3a922671-4cfc-4650-8cc9-51db2c72c8d4_pyramid_tiles_files_16_17_30.pt,1,train
GigaPath_embeddings_LBC_train/1/d8e98d99-2dd8-4f57-b442-3218a7acf30a_pyramid_tiles_files_16_22_29.pt,1,train
GigaPath_embeddings_LBC_train/1/a6a6a107-4162-4090-90ff-d4521738c55e_pyramid_tiles_files_16_18_30.pt,1,train
GigaPath_embeddings_LBC_train/1/bfda3d1a-59f1-447b-b964-0774d6564648_pyramid_tiles_files_16_25_27.pt,1,train
GigaPath_embeddings_LBC_train/1/a38ab9be-f8f2-4144-bb92-ceab9f408c98_pyramid_tiles_files_17_14_18.pt,1,train
GigaPath_embeddings_LBC_train/1/8ba06d0e-ba28-481e-a2a9-c95807391113_pyramid_tiles_files_16_25_29.pt,1,train
GigaPath_embeddings_LBC_train/1/25ef0e93-9216-4b33-af45-158bf3cef8ee_pyramid_tiles_files_17_17_40.pt,1,train
GigaPath_embeddings_LBC_train/1/537e700c-bb74-41c6-a61e-cbff213e450d_pyramid_tiles_files_16_24_27.pt,1,train
GigaPath_embeddings_LBC_train/1/c96df772-ba66-4d32-8de8-134fa7427d0c_pyramid_tiles_files_17_24_72.pt,1,train
GigaPath_embeddings_LBC_train/1/971a85a8-c488-4a63-a524-48dc9cc05cb6_pyramid_tiles_files_17_14_18.pt,1,train
GigaPath_embeddings_LBC_train/1/1df6ad4f-b95e-468a-b96d-fc28fa16bf7d_pyramid_tiles_files_16_21_29.pt,1,train
GigaPath_embeddings_LBC_train/1/4d43ca02-898e-471a-89ff-38e030d7d3f8_pyramid_tiles_files_16_17_30.pt,1,train
GigaPath_embeddings_LBC_train/1/910ae3a4-0161-408b-bc72-41e06bd37102_pyramid_tiles_files_16_16_20.pt,1,train
GigaPath_embeddings_LBC_train/1/c96df772-ba66-4d32-8de8-134fa7427d0c_pyramid_tiles_files_17_22_73.pt,1,train
GigaPath_embeddings_LBC_train/1/3f15feb9-c91a-40ce-a257-3d25dfab60d8_pyramid_tiles_files_16_24_29.pt,1,train
GigaPath_embeddings_LBC_train/1/35529ea9-ab7d-4e67-9be2-7faddf0afbed_pyramid_tiles_files_16_24_27.pt,1,train
GigaPath_embeddings_LBC_train/1/9ccdfd46-597a-4148-b9b0-7853d9ead11a_pyramid_tiles_files_17_15_18.pt,1,train
GigaPath_embeddings_LBC_train/1/fb34db15-00ea-425c-89e7-8f6bf844e9e8_pyramid_tiles_files_16_18_31.pt,1,train
GigaPath_embeddings_LBC_train/1/efbff1b0-e29a-4b52-9676-b20fbd72d3b5_pyramid_tiles_files_16_18_19.pt,1,train
GigaPath_embeddings_LBC_train/1/4e16344b-da3a-4d92-819c-19c4cecff67b_pyramid_tiles_files_17_15_19.pt,1,train
GigaPath_embeddings_LBC_train/1/2f9ace47-773d-432b-95c0-4c79d09ca789_pyramid_tiles_files_17_15_18.pt,1,train
GigaPath_embeddings_LBC_train/1/fb34db15-00ea-425c-89e7-8f6bf844e9e8_pyramid_tiles_files_16_17_31.pt,1,train
GigaPath_embeddings_LBC_train/1/34ba83db-88de-4125-8d7e-fc129b494468_pyramid_tiles_files_16_19_30.pt,1,train
GigaPath_embeddings_LBC_train/1/0c815d19-6b10-43b9-b403-e8bcd96c88c9_pyramid_tiles_files_16_18_31.pt,1,train
GigaPath_embeddings_LBC_train/1/5a9c4ce1-e317-4782-9740-fea86e490f04_pyramid_tiles_files_16_25_27.pt,1,train
GigaPath_embeddings_LBC_train/1/f845a584-75e9-4272-b88a-3ab2ae175011_pyramid_tiles_files_16_22_29.pt,1,train
GigaPath_embeddings_LBC_train/1/eeace26f-0d61-42b0-8a7e-38cc2f0bd7e5_pyramid_tiles_files_16_17_19.pt,1,train
GigaPath_embeddings_LBC_train/1/5d4f21ca-f7ae-4fca-8e36-fd6db89d841e_pyramid_tiles_files_17_23_73.pt,1,train
GigaPath_embeddings_LBC_train/1/53cd3df9-c1cf-4391-9f95-43ebac8dd8f0_pyramid_tiles_files_17_15_18.pt,1,train
GigaPath_embeddings_LBC_train/1/1df6ad4f-b95e-468a-b96d-fc28fa16bf7d_pyramid_tiles_files_16_17_31.pt,1,train
GigaPath_embeddings_LBC_train/1/7136f225-b00f-4314-8e03-bf7cc8c675f6_pyramid_tiles_files_16_23_28.pt,1,train
GigaPath_embeddings_LBC_train/1/d282c089-5b1a-48ca-80c6-5cd67f281d5c_pyramid_tiles_files_17_14_18.pt,1,train
GigaPath_embeddings_LBC_train/1/e535b22d-c4ba-4191-805a-4338d4452be1_pyramid_tiles_files_16_25_29.pt,1,train
GigaPath_embeddings_LBC_train/1/7f90fbd0-c09c-45ef-b603-f0059d32e4af_pyramid_tiles_files_16_23_28.pt,1,train
GigaPath_embeddings_LBC_train/1/5e11fd38-061e-465e-b3aa-6ce8e54632a3_pyramid_tiles_files_16_18_30.pt,1,train
GigaPath_embeddings_LBC_train/1/f21c730f-c4c5-4db2-843c-5bc29f2cc708_pyramid_tiles_files_17_22_72.pt,1,train
GigaPath_embeddings_LBC_train/1/b3370ef8-cc53-43e1-a77d-36fb77932b0f_pyramid_tiles_files_16_16_19.pt,1,train
GigaPath_embeddings_LBC_train/1/c6396b76-347c-4c7e-83b6-f23bc75f38fb_pyramid_tiles_files_17_17_40.pt,1,train
GigaPath_embeddings_LBC_train/1/eeace26f-0d61-42b0-8a7e-38cc2f0bd7e5_pyramid_tiles_files_16_17_30.pt,1,train
GigaPath_embeddings_LBC_train/1/3f15feb9-c91a-40ce-a257-3d25dfab60d8_pyramid_tiles_files_16_17_19.pt,1,train
GigaPath_embeddings_LBC_train/1/ff7ed6b1-de79-4426-84ce-1eb0993ce5ad_pyramid_tiles_files_16_23_28.pt,1,train
GigaPath_embeddings_LBC_train/1/848883dc-0a70-410a-b42c-42818e6bce8a_pyramid_tiles_files_16_24_29.pt,1,train
GigaPath_embeddings_LBC_train/1/f8cdd598-f195-4e7f-9140-9230a7341e8d_pyramid_tiles_files_16_23_29.pt,1,train
GigaPath_embeddings_LBC_train/1/770f5bc2-09e8-4f6f-80f2-7c32080268a6_pyramid_tiles_files_16_25_29.pt,1,train
GigaPath_embeddings_LBC_train/1/4c84cdfb-d548-4bf1-9598-98c0a3d934e1_pyramid_tiles_files_17_15_19.pt,1,train
GigaPath_embeddings_LBC_train/1/df5e8063-ae40-4800-9387-61920bf91339_pyramid_tiles_files_16_18_30.pt,1,train
GigaPath_embeddings_LBC_train/1/d750d161-f794-40ee-90a4-c79c85733209_pyramid_tiles_files_17_24_73.pt,1,train
GigaPath_embeddings_LBC_train/1/1a244e75-7c81-4580-940b-730cdb7d6229_pyramid_tiles_files_17_18_41.pt,1,train
GigaPath_embeddings_LBC_train/1/4ca4cdf5-ff38-4a76-8a6d-b63e824f6685_pyramid_tiles_files_16_17_31.pt,1,train
GigaPath_embeddings_LBC_train/1/1de50383-a38d-4e77-8672-3cae59401c9e_pyramid_tiles_files_17_24_73.pt,1,train
GigaPath_embeddings_LBC_train/1/fe82db87-b9ac-4171-b3b8-df2cf530394a_pyramid_tiles_files_17_23_72.pt,1,train
GigaPath_embeddings_LBC_train/1/2edb0236-8fca-4fab-a0e9-300304e2a20a_pyramid_tiles_files_17_23_73.pt,1,train
GigaPath_embeddings_LBC_train/1/a8b605b6-b00f-4588-80f7-a3f04b5daaa3_pyramid_tiles_files_16_21_28.pt,1,train
GigaPath_embeddings_LBC_train/1/215b875c-5819-41d9-857a-da2311a99480_pyramid_tiles_files_17_17_40.pt,1,train
GigaPath_embeddings_LBC_train/1/252dbee6-7f3b-41fd-a63c-faf8e39aa257_pyramid_tiles_files_17_18_41.pt,1,train
GigaPath_embeddings_LBC_train/1/eeace26f-0d61-42b0-8a7e-38cc2f0bd7e5_pyramid_tiles_files_16_25_28.pt,1,train
GigaPath_embeddings_LBC_train/1/136b3bf2-df89-437f-a3cd-280cb031e550_pyramid_tiles_files_17_15_18.pt,1,train
GigaPath_embeddings_LBC_train/1/35529ea9-ab7d-4e67-9be2-7faddf0afbed_pyramid_tiles_files_16_25_27.pt,1,train
GigaPath_embeddings_LBC_train/1/bfda3d1a-59f1-447b-b964-0774d6564648_pyramid_tiles_files_16_18_19.pt,1,train
GigaPath_embeddings_LBC_train/1/f845a584-75e9-4272-b88a-3ab2ae175011_pyramid_tiles_files_16_24_28.pt,1,train
GigaPath_embeddings_LBC_train/1/a8b605b6-b00f-4588-80f7-a3f04b5daaa3_pyramid_tiles_files_16_25_28.pt,1,train
GigaPath_embeddings_LBC_train/1/a88839a2-827d-4c30-85d3-1eebce71509a_pyramid_tiles_files_16_24_27.pt,1,train
GigaPath_embeddings_LBC_train/1/09022f45-72f6-41d4-b741-d102f2ae2fdc_pyramid_tiles_files_16_18_19.pt,1,train
GigaPath_embeddings_LBC_train/1/2ae84759-5488-420a-b67a-2794e594e102_pyramid_tiles_files_16_18_19.pt,1,train
GigaPath_embeddings_LBC_train/1/41295260-4748-4a7d-9689-d22f4d1bf6c1_pyramid_tiles_files_16_24_29.pt,1,train
GigaPath_embeddings_LBC_train/1/ec7e06ff-bd57-4558-9c73-41bfe0e295ba_pyramid_tiles_files_17_15_19.pt,1,train
GigaPath_embeddings_LBC_train/1/103910a7-ef17-49d6-b722-31806bc8c3a5_pyramid_tiles_files_16_25_28.pt,1,train
GigaPath_embeddings_LBC_train/1/cfa1a36d-1290-4546-8c41-a23a9c66188d_pyramid_tiles_files_16_18_20.pt,1,train
GigaPath_embeddings_LBC_train/1/7a711946-6d6d-4089-84cc-fa4cac2dca59_pyramid_tiles_files_16_23_28.pt,1,train
GigaPath_embeddings_LBC_train/1/bcb241e8-5c96-4eae-aef2-0494615c7332_pyramid_tiles_files_16_23_29.pt,1,train
GigaPath_embeddings_LBC_train/1/9ffbf523-b2b2-4a89-812f-5235ef148d44_pyramid_tiles_files_17_18_40.pt,1,train
GigaPath_embeddings_LBC_train/1/fb34db15-00ea-425c-89e7-8f6bf844e9e8_pyramid_tiles_files_16_17_20.pt,1,train
GigaPath_embeddings_LBC_train/1/1fb96a41-129c-4275-b731-c359822ff033_pyramid_tiles_files_17_22_72.pt,1,train
GigaPath_embeddings_LBC_train/1/7136f225-b00f-4314-8e03-bf7cc8c675f6_pyramid_tiles_files_16_16_19.pt,1,train
GigaPath_embeddings_LBC_train/1/2dfb8fa9-c394-4fa6-bc69-22550436978d_pyramid_tiles_files_17_17_40.pt,1,train
GigaPath_embeddings_LBC_train/1/8622536e-861a-4e45-8c03-1337f35267fb_pyramid_tiles_files_16_22_29.pt,1,train
GigaPath_embeddings_LBC_train/1/88fa9c4b-c50b-46b6-8f70-3cb245539b47_pyramid_tiles_files_16_18_30.pt,1,train
GigaPath_embeddings_LBC_train/1/5a9c4ce1-e317-4782-9740-fea86e490f04_pyramid_tiles_files_16_17_19.pt,1,train
GigaPath_embeddings_LBC_train/1/c6396b76-347c-4c7e-83b6-f23bc75f38fb_pyramid_tiles_files_17_24_72.pt,1,train
GigaPath_embeddings_LBC_train/1/b3370ef8-cc53-43e1-a77d-36fb77932b0f_pyramid_tiles_files_16_22_29.pt,1,train
GigaPath_embeddings_LBC_train/1/11e4ec67-ab0a-4e7e-8e7d-4ad3fdd05682_pyramid_tiles_files_17_23_73.pt,1,train
GigaPath_embeddings_LBC_train/1/f9e2d87e-82ee-4e66-a710-97cf70cdb392_pyramid_tiles_files_16_18_20.pt,1,train
GigaPath_embeddings_LBC_train/1/9ccdfd46-597a-4148-b9b0-7853d9ead11a_pyramid_tiles_files_17_23_72.pt,1,train
GigaPath_embeddings_LBC_train/1/8ba06d0e-ba28-481e-a2a9-c95807391113_pyramid_tiles_files_16_23_29.pt,1,train
GigaPath_embeddings_LBC_train/1/757bdca3-31ba-4a41-8837-436ae787b24e_pyramid_tiles_files_17_23_73.pt,1,train
GigaPath_embeddings_LBC_train/1/2dfb8fa9-c394-4fa6-bc69-22550436978d_pyramid_tiles_files_17_23_72.pt,1,train
GigaPath_embeddings_LBC_train/1/d8e98d99-2dd8-4f57-b442-3218a7acf30a_pyramid_tiles_files_16_19_31.pt,1,train
GigaPath_embeddings_LBC_train/1/3f15feb9-c91a-40ce-a257-3d25dfab60d8_pyramid_tiles_files_16_17_30.pt,1,train
GigaPath_embeddings_LBC_train/1/3051d836-91a4-4aff-9bf2-7cf31904a2ea_pyramid_tiles_files_16_17_30.pt,1,train
GigaPath_embeddings_LBC_train/1/1b577487-07bc-477e-8f84-d6700010a240_pyramid_tiles_files_17_22_73.pt,1,train
GigaPath_embeddings_LBC_train/1/24c8b882-f5c3-44c8-850a-4d8efa534536_pyramid_tiles_files_16_19_31.pt,1,train
GigaPath_embeddings_LBC_train/1/b3370ef8-cc53-43e1-a77d-36fb77932b0f_pyramid_tiles_files_16_21_29.pt,1,train
GigaPath_embeddings_LBC_train/1/7136f225-b00f-4314-8e03-bf7cc8c675f6_pyramid_tiles_files_16_16_20.pt,1,train
GigaPath_embeddings_LBC_train/1/1f648a7a-3d12-4d96-a35d-8328e2c2c766_pyramid_tiles_files_17_22_73.pt,1,train
GigaPath_embeddings_LBC_train/1/9fac65c4-3967-4e89-8188-01be7914423b_pyramid_tiles_files_16_22_29.pt,1,train
GigaPath_embeddings_LBC_train/1/e12c0ba4-b9b6-4f55-977d-42841e89f0e1_pyramid_tiles_files_17_18_40.pt,1,train
GigaPath_embeddings_LBC_train/1/c0449d4d-ff24-491e-941b-b82f9910d51e_pyramid_tiles_files_17_23_72.pt,1,train
GigaPath_embeddings_LBC_train/1/860e3689-9c98-41b1-a40c-82ecedb84773_pyramid_tiles_files_17_24_72.pt,1,train
GigaPath_embeddings_LBC_train/1/5ebe19b1-612c-45d3-9add-3e9a1c06d880_pyramid_tiles_files_17_17_41.pt,1,train
GigaPath_embeddings_LBC_train/1/9832fea5-5b1a-41d2-9319-e953a420307d_pyramid_tiles_files_16_19_31.pt,1,train
GigaPath_embeddings_LBC_train/1/41295260-4748-4a7d-9689-d22f4d1bf6c1_pyramid_tiles_files_16_16_20.pt,1,train
GigaPath_embeddings_LBC_train/1/420bbdfc-3126-41bb-989b-ef534ced41d6_pyramid_tiles_files_16_25_28.pt,1,train
GigaPath_embeddings_LBC_train/1/4ca4cdf5-ff38-4a76-8a6d-b63e824f6685_pyramid_tiles_files_16_17_20.pt,1,train
GigaPath_embeddings_LBC_train/1/df4a0635-dc3f-4ccb-a2d9-0f89a4692a93_pyramid_tiles_files_16_25_27.pt,1,train
GigaPath_embeddings_LBC_train/1/a30139a7-46bc-430e-9a88-053af9aa1784_pyramid_tiles_files_17_22_73.pt,1,train
GigaPath_embeddings_LBC_train/1/1b577487-07bc-477e-8f84-d6700010a240_pyramid_tiles_files_17_17_41.pt,1,train
GigaPath_embeddings_LBC_train/1/0aaa3037-e4d2-4bb5-9f20-bda58da5c3fe_pyramid_tiles_files_17_15_18.pt,1,train
GigaPath_embeddings_LBC_train/1/cf67a244-b7e8-46cf-81e4-fd444b2ccbc0_pyramid_tiles_files_17_14_19.pt,1,train
GigaPath_embeddings_LBC_train/1/f69d24a9-c04a-42d2-a9d5-c226f35f7dc6_pyramid_tiles_files_17_18_41.pt,1,train
GigaPath_embeddings_LBC_train/1/f5a044fa-6bad-49f3-b270-aa635a369748_pyramid_tiles_files_16_22_29.pt,1,train
GigaPath_embeddings_LBC_train/1/f014b792-5610-425a-9902-a1bb52d60996_pyramid_tiles_files_17_17_41.pt,1,train
GigaPath_embeddings_LBC_train/1/b3370ef8-cc53-43e1-a77d-36fb77932b0f_pyramid_tiles_files_16_17_30.pt,1,train
GigaPath_embeddings_LBC_train/1/4ca4cdf5-ff38-4a76-8a6d-b63e824f6685_pyramid_tiles_files_16_16_20.pt,1,train
GigaPath_embeddings_LBC_train/1/e91eb178-776c-4b3a-b589-36a0e68408ce_pyramid_tiles_files_16_18_19.pt,1,train
GigaPath_embeddings_LBC_train/1/f9e2d87e-82ee-4e66-a710-97cf70cdb392_pyramid_tiles_files_16_21_28.pt,1,train
GigaPath_embeddings_LBC_train/1/e55b9872-ce3b-4a05-a062-8297e68e1f6e_pyramid_tiles_files_16_22_29.pt,1,train
GigaPath_embeddings_LBC_train/1/d750d161-f794-40ee-90a4-c79c85733209_pyramid_tiles_files_17_22_73.pt,1,train
GigaPath_embeddings_LBC_train/1/f53d7c4b-bc70-4adc-88ff-a136722e0ef0_pyramid_tiles_files_16_23_29.pt,1,train
GigaPath_embeddings_LBC_train/1/10003085-3ef2-4f6d-b4d2-0446990fe5f3_pyramid_tiles_files_16_18_19.pt,1,train
GigaPath_embeddings_LBC_train/1/b3370ef8-cc53-43e1-a77d-36fb77932b0f_pyramid_tiles_files_16_25_29.pt,1,train
GigaPath_embeddings_LBC_train/1/e12c0ba4-b9b6-4f55-977d-42841e89f0e1_pyramid_tiles_files_17_24_72.pt,1,train
GigaPath_embeddings_LBC_train/1/0170e458-6934-43fb-b512-f08220d42a8d_pyramid_tiles_files_17_24_73.pt,1,train
GigaPath_embeddings_LBC_train/1/d14ee81b-590d-49f1-b9c1-f25c022331b9_pyramid_tiles_files_16_18_19.pt,1,train
GigaPath_embeddings_LBC_train/1/a6a6a107-4162-4090-90ff-d4521738c55e_pyramid_tiles_files_16_16_20.pt,1,train
GigaPath_embeddings_LBC_train/1/3051d836-91a4-4aff-9bf2-7cf31904a2ea_pyramid_tiles_files_16_16_20.pt,1,train
GigaPath_embeddings_LBC_train/1/ff572c84-b664-461e-9d63-1421cae3c7c0_pyramid_tiles_files_17_15_18.pt,1,train
GigaPath_embeddings_LBC_train/1/05f7516a-c717-491e-b5f2-b611c3789fa3_pyramid_tiles_files_16_18_20.pt,1,train
GigaPath_embeddings_LBC_train/1/27f952da-cb0e-4b86-9464-3b31671933ce_pyramid_tiles_files_17_22_72.pt,1,train
GigaPath_embeddings_LBC_train/1/a6a6a107-4162-4090-90ff-d4521738c55e_pyramid_tiles_files_16_25_29.pt,1,train
GigaPath_embeddings_LBC_train/1/b34b3227-38a8-47fe-8920-18c280edcff6_pyramid_tiles_files_16_24_29.pt,1,train
GigaPath_embeddings_LBC_train/1/d750d161-f794-40ee-90a4-c79c85733209_pyramid_tiles_files_17_24_72.pt,1,train
GigaPath_embeddings_LBC_train/1/bcb241e8-5c96-4eae-aef2-0494615c7332_pyramid_tiles_files_16_16_19.pt,1,train
GigaPath_embeddings_LBC_train/1/f4198852-0424-4491-953a-d3301aaa0524_pyramid_tiles_files_17_23_72.pt,1,train
GigaPath_embeddings_LBC_train/1/7b35cee2-c730-4045-a69b-18802e2b4c8e_pyramid_tiles_files_17_14_18.pt,1,train
GigaPath_embeddings_LBC_train/1/49b7db50-8c64-4aed-aeec-f61e6432f3fd_pyramid_tiles_files_17_15_19.pt,1,train
GigaPath_embeddings_LBC_train/1/7a711946-6d6d-4089-84cc-fa4cac2dca59_pyramid_tiles_files_16_25_28.pt,1,train
GigaPath_embeddings_LBC_train/1/0170e458-6934-43fb-b512-f08220d42a8d_pyramid_tiles_files_17_18_41.pt,1,train
GigaPath_embeddings_LBC_train/1/d750d161-f794-40ee-90a4-c79c85733209_pyramid_tiles_files_17_23_72.pt,1,train
GigaPath_embeddings_LBC_train/1/a6a6a107-4162-4090-90ff-d4521738c55e_pyramid_tiles_files_16_22_29.pt,1,train
GigaPath_embeddings_LBC_train/1/8f61c5c1-e549-489c-b24f-bb3906df8b40_pyramid_tiles_files_16_21_29.pt,1,train
GigaPath_embeddings_LBC_train/1/5d4f21ca-f7ae-4fca-8e36-fd6db89d841e_pyramid_tiles_files_17_22_73.pt,1,train
GigaPath_embeddings_LBC_train/1/e38679b5-dfb1-4d9b-9cd1-51d23497d166_pyramid_tiles_files_16_17_31.pt,1,train
GigaPath_embeddings_LBC_train/1/f845a584-75e9-4272-b88a-3ab2ae175011_pyramid_tiles_files_16_22_28.pt,1,train
GigaPath_embeddings_LBC_train/1/971a85a8-c488-4a63-a524-48dc9cc05cb6_pyramid_tiles_files_17_15_19.pt,1,train
GigaPath_embeddings_LBC_train/1/25ef0e93-9216-4b33-af45-158bf3cef8ee_pyramid_tiles_files_17_17_41.pt,1,train
GigaPath_embeddings_LBC_train/1/2bb9b118-1d4c-468f-ba3d-1240e98da375_pyramid_tiles_files_17_17_40.pt,1,train
GigaPath_embeddings_LBC_train/1/1df6ad4f-b95e-468a-b96d-fc28fa16bf7d_pyramid_tiles_files_16_18_20.pt,1,train
GigaPath_embeddings_LBC_train/1/df5e8063-ae40-4800-9387-61920bf91339_pyramid_tiles_files_16_18_31.pt,1,train
GigaPath_embeddings_LBC_train/1/a4047681-fe6c-4db0-8e38-c66ca50d77f7_pyramid_tiles_files_17_15_18.pt,1,train
GigaPath_embeddings_LBC_train/1/d0b24e86-0df9-4e80-9802-77f3f8a44a4e_pyramid_tiles_files_16_23_29.pt,1,train
GigaPath_embeddings_LBC_train/1/2349a7ef-89f1-44c5-a16c-93cd50a5160a_pyramid_tiles_files_17_15_18.pt,1,train
GigaPath_embeddings_LBC_train/1/d5e5cbb6-7fcb-47e0-871f-7d31770b7acc_pyramid_tiles_files_16_21_28.pt,1,train
GigaPath_embeddings_LBC_train/1/f9e2d87e-82ee-4e66-a710-97cf70cdb392_pyramid_tiles_files_16_17_30.pt,1,train
GigaPath_embeddings_LBC_train/1/e4f9d4ac-0e18-426c-920a-56da5042a2b6_pyramid_tiles_files_16_25_27.pt,1,train
GigaPath_embeddings_LBC_train/1/4ca4cdf5-ff38-4a76-8a6d-b63e824f6685_pyramid_tiles_files_16_22_29.pt,1,train
GigaPath_embeddings_LBC_train/1/88c29805-3f26-47c7-a33a-cf45d5ee6dc3_pyramid_tiles_files_16_19_30.pt,1,train
GigaPath_embeddings_LBC_train/1/f53d7c4b-bc70-4adc-88ff-a136722e0ef0_pyramid_tiles_files_16_18_31.pt,1,train
GigaPath_embeddings_LBC_train/1/848883dc-0a70-410a-b42c-42818e6bce8a_pyramid_tiles_files_16_24_28.pt,1,train
GigaPath_embeddings_LBC_train/1/a1d1235e-32f4-49da-b297-9b4cfd582499_pyramid_tiles_files_17_22_72.pt,1,train
GigaPath_embeddings_LBC_train/1/df5e8063-ae40-4800-9387-61920bf91339_pyramid_tiles_files_16_21_28.pt,1,train
GigaPath_embeddings_LBC_train/1/add1b48f-081c-4cda-8e37-55d222e8d813_pyramid_tiles_files_17_18_40.pt,1,train
GigaPath_embeddings_LBC_train/1/9218d0a5-c718-45cc-9612-23b0ac040e3e_pyramid_tiles_files_17_15_18.pt,1,train
GigaPath_embeddings_LBC_train/1/ec591c22-e5c9-426f-928f-2a4910f26cfe_pyramid_tiles_files_16_22_28.pt,1,train
GigaPath_embeddings_LBC_train/1/2154bc6d-2b7b-4c63-ba32-d877a60f2cff_pyramid_tiles_files_16_18_19.pt,1,train
GigaPath_embeddings_LBC_train/1/1df6ad4f-b95e-468a-b96d-fc28fa16bf7d_pyramid_tiles_files_16_17_30.pt,1,train
GigaPath_embeddings_LBC_train/1/2e2cf6c2-259d-4579-9fd6-5e463f70329d_pyramid_tiles_files_17_15_19.pt,1,train
GigaPath_embeddings_LBC_train/1/ed470fa7-2231-4856-bbdb-9c45ada10876_pyramid_tiles_files_16_17_30.pt,1,train
GigaPath_embeddings_LBC_train/1/fe82db87-b9ac-4171-b3b8-df2cf530394a_pyramid_tiles_files_17_24_72.pt,1,train
GigaPath_embeddings_LBC_train/1/2b77e2fa-983e-4050-ab0f-5179f73a394e_pyramid_tiles_files_16_23_29.pt,1,train
GigaPath_embeddings_LBC_train/1/ff7ed6b1-de79-4426-84ce-1eb0993ce5ad_pyramid_tiles_files_16_24_27.pt,1,train
GigaPath_embeddings_LBC_train/1/49b89d48-2f98-4969-93ac-ab3721e48228_pyramid_tiles_files_17_15_19.pt,1,train
GigaPath_embeddings_LBC_train/1/a38ab9be-f8f2-4144-bb92-ceab9f408c98_pyramid_tiles_files_17_15_19.pt,1,train
GigaPath_embeddings_LBC_train/1/3c4ac5df-b116-4847-8737-79d4db791a7e_pyramid_tiles_files_17_18_41.pt,1,train
GigaPath_embeddings_LBC_train/1/e4490c8a-c816-48d4-acfb-690e781a304a_pyramid_tiles_files_16_18_31.pt,1,train
GigaPath_embeddings_LBC_train/1/cb17d14a-587d-45e7-9da8-7fc29c867d68_pyramid_tiles_files_17_15_19.pt,1,train
GigaPath_embeddings_LBC_train/1/68b65586-1dd1-4c9e-9287-324e0907ce17_pyramid_tiles_files_16_24_29.pt,1,train
GigaPath_embeddings_LBC_train/1/7a711946-6d6d-4089-84cc-fa4cac2dca59_pyramid_tiles_files_16_17_20.pt,1,train
GigaPath_embeddings_LBC_train/1/7f084246-fcef-4879-82dd-17c18cc3481b_pyramid_tiles_files_16_17_31.pt,1,train
GigaPath_embeddings_LBC_train/1/e535b22d-c4ba-4191-805a-4338d4452be1_pyramid_tiles_files_16_25_28.pt,1,train
GigaPath_embeddings_LBC_train/1/d98d1466-b08e-4cdc-81c2-66b38375028f_pyramid_tiles_files_16_16_19.pt,1,train
GigaPath_embeddings_LBC_train/1/1df6ad4f-b95e-468a-b96d-fc28fa16bf7d_pyramid_tiles_files_16_22_29.pt,1,train
GigaPath_embeddings_LBC_train/1/4f41714c-6744-4d4a-bc8a-2084292747af_pyramid_tiles_files_17_23_73.pt,1,train
GigaPath_embeddings_LBC_train/1/7a711946-6d6d-4089-84cc-fa4cac2dca59_pyramid_tiles_files_16_24_28.pt,1,train
GigaPath_embeddings_LBC_train/1/438ea06e-54ae-4f07-98fc-b849cd1edc72_pyramid_tiles_files_17_24_72.pt,1,train
GigaPath_embeddings_LBC_train/1/c96df772-ba66-4d32-8de8-134fa7427d0c_pyramid_tiles_files_17_23_73.pt,1,train
GigaPath_embeddings_LBC_train/1/2ae84759-5488-420a-b67a-2794e594e102_pyramid_tiles_files_16_21_29.pt,1,train
GigaPath_embeddings_LBC_train/1/4f41714c-6744-4d4a-bc8a-2084292747af_pyramid_tiles_files_17_17_40.pt,1,train
GigaPath_embeddings_LBC_train/1/1900bdd5-ff4b-47e3-8384-0c7aa7b67c96_pyramid_tiles_files_16_17_30.pt,1,train
GigaPath_embeddings_LBC_train/1/e91eb178-776c-4b3a-b589-36a0e68408ce_pyramid_tiles_files_16_19_31.pt,1,train
GigaPath_embeddings_LBC_train/1/c0449d4d-ff24-491e-941b-b82f9910d51e_pyramid_tiles_files_17_17_40.pt,1,train
GigaPath_embeddings_LBC_train/1/cfad50f3-e318-44ef-9136-da9e38305cd5_pyramid_tiles_files_17_24_73.pt,1,train
GigaPath_embeddings_LBC_train/1/1f648a7a-3d12-4d96-a35d-8328e2c2c766_pyramid_tiles_files_17_18_41.pt,1,train
GigaPath_embeddings_LBC_train/1/8f61c5c1-e549-489c-b24f-bb3906df8b40_pyramid_tiles_files_16_19_30.pt,1,train
GigaPath_embeddings_LBC_train/1/5ebe19b1-612c-45d3-9add-3e9a1c06d880_pyramid_tiles_files_17_23_73.pt,1,train
GigaPath_embeddings_LBC_train/1/df5e8063-ae40-4800-9387-61920bf91339_pyramid_tiles_files_16_22_29.pt,1,train
GigaPath_embeddings_LBC_train/1/e535b22d-c4ba-4191-805a-4338d4452be1_pyramid_tiles_files_16_19_30.pt,1,train
GigaPath_embeddings_LBC_train/1/9ffbf523-b2b2-4a89-812f-5235ef148d44_pyramid_tiles_files_17_14_19.pt,1,train
GigaPath_embeddings_LBC_train/1/420bbdfc-3126-41bb-989b-ef534ced41d6_pyramid_tiles_files_16_25_29.pt,1,train
GigaPath_embeddings_LBC_train/1/fe82db87-b9ac-4171-b3b8-df2cf530394a_pyramid_tiles_files_17_22_73.pt,1,train
GigaPath_embeddings_LBC_train/1/49b89d48-2f98-4969-93ac-ab3721e48228_pyramid_tiles_files_17_24_72.pt,1,train
GigaPath_embeddings_LBC_train/1/a6a6a107-4162-4090-90ff-d4521738c55e_pyramid_tiles_files_16_16_19.pt,1,train
GigaPath_embeddings_LBC_train/1/d2270a1f-26d5-424e-a6ac-6d9adb355bc7_pyramid_tiles_files_17_18_41.pt,1,train
GigaPath_embeddings_LBC_train/1/0170e458-6934-43fb-b512-f08220d42a8d_pyramid_tiles_files_17_17_40.pt,1,train
GigaPath_embeddings_LBC_train/1/eed8a45e-5400-44f3-bec9-acad9bffabe6_pyramid_tiles_files_16_25_29.pt,1,train
GigaPath_embeddings_LBC_train/1/07e430fa-9641-4821-a635-6d4e3f8f1cc8_pyramid_tiles_files_16_24_29.pt,1,train
GigaPath_embeddings_LBC_train/1/f38d2bb8-7326-47e7-a2b4-17154c5f2c0c_pyramid_tiles_files_16_23_29.pt,1,train
GigaPath_embeddings_LBC_train/1/dd2f13fc-3d5f-40e0-8d49-cc94b041616c_pyramid_tiles_files_16_19_30.pt,1,train
GigaPath_embeddings_LBC_train/1/df4a0635-dc3f-4ccb-a2d9-0f89a4692a93_pyramid_tiles_files_16_19_31.pt,1,train
GigaPath_embeddings_LBC_train/1/1900bdd5-ff4b-47e3-8384-0c7aa7b67c96_pyramid_tiles_files_16_16_20.pt,1,train
GigaPath_embeddings_LBC_train/1/e84495a2-0920-47f9-95a9-f22b38b127ce_pyramid_tiles_files_16_25_29.pt,1,train
GigaPath_embeddings_LBC_train/1/d8e98d99-2dd8-4f57-b442-3218a7acf30a_pyramid_tiles_files_16_23_29.pt,1,train
GigaPath_embeddings_LBC_train/1/f8cdd598-f195-4e7f-9140-9230a7341e8d_pyramid_tiles_files_16_22_29.pt,1,train
GigaPath_embeddings_LBC_train/1/7dcf5c3f-c90d-4884-97a6-2a341140819f_pyramid_tiles_files_17_14_19.pt,1,train
GigaPath_embeddings_LBC_train/1/cb17d14a-587d-45e7-9da8-7fc29c867d68_pyramid_tiles_files_17_18_40.pt,1,train
GigaPath_embeddings_LBC_train/1/fe82db87-b9ac-4171-b3b8-df2cf530394a_pyramid_tiles_files_17_15_19.pt,1,train
GigaPath_embeddings_LBC_train/1/41295260-4748-4a7d-9689-d22f4d1bf6c1_pyramid_tiles_files_16_25_28.pt,1,train
GigaPath_embeddings_LBC_train/1/ec7e06ff-bd57-4558-9c73-41bfe0e295ba_pyramid_tiles_files_17_23_73.pt,1,train
GigaPath_embeddings_LBC_train/1/d8e98d99-2dd8-4f57-b442-3218a7acf30a_pyramid_tiles_files_16_18_30.pt,1,train
GigaPath_embeddings_LBC_train/1/9ccdfd46-597a-4148-b9b0-7853d9ead11a_pyramid_tiles_files_17_23_73.pt,1,train
GigaPath_embeddings_LBC_train/1/7dcf5c3f-c90d-4884-97a6-2a341140819f_pyramid_tiles_files_17_15_19.pt,1,train
GigaPath_embeddings_LBC_train/1/4ca4cdf5-ff38-4a76-8a6d-b63e824f6685_pyramid_tiles_files_16_19_31.pt,1,train
GigaPath_embeddings_LBC_train/1/c111e4b1-718a-4334-9d6e-d2394615b1d5_pyramid_tiles_files_17_22_73.pt,1,train
GigaPath_embeddings_LBC_train/1/c4dfb15f-1b2a-470a-b9ef-613a13d7d505_pyramid_tiles_files_17_22_73.pt,1,train
GigaPath_embeddings_LBC_train/1/878e391e-4957-471f-bea3-e02bf882cfd1_pyramid_tiles_files_17_18_41.pt,1,train
GigaPath_embeddings_LBC_train/1/eed8a45e-5400-44f3-bec9-acad9bffabe6_pyramid_tiles_files_16_18_19.pt,1,train
GigaPath_embeddings_LBC_train/1/a38ab9be-f8f2-4144-bb92-ceab9f408c98_pyramid_tiles_files_17_14_19.pt,1,train
GigaPath_embeddings_LBC_train/1/a7129833-faa2-4c97-826d-e43b75b7cb05_pyramid_tiles_files_16_19_31.pt,1,train
GigaPath_embeddings_LBC_train/1/9fac65c4-3967-4e89-8188-01be7914423b_pyramid_tiles_files_16_17_31.pt,1,train
GigaPath_embeddings_LBC_train/1/3edcf025-1da1-4b54-aefd-54ca01f4f0eb_pyramid_tiles_files_17_24_72.pt,1,train
GigaPath_embeddings_LBC_train/1/e4490c8a-c816-48d4-acfb-690e781a304a_pyramid_tiles_files_16_25_27.pt,1,train
GigaPath_embeddings_LBC_train/1/1a491f9b-142c-45d3-813a-98c82ebad222_pyramid_tiles_files_17_22_72.pt,1,train
GigaPath_embeddings_LBC_train/1/82e90f71-8f5b-49f4-b5e0-fed220549a6d_pyramid_tiles_files_17_17_40.pt,1,train
GigaPath_embeddings_LBC_train/1/ed470fa7-2231-4856-bbdb-9c45ada10876_pyramid_tiles_files_16_16_20.pt,1,train
GigaPath_embeddings_LBC_train/1/a8b605b6-b00f-4588-80f7-a3f04b5daaa3_pyramid_tiles_files_16_21_29.pt,1,train
GigaPath_embeddings_LBC_train/1/cfa1a36d-1290-4546-8c41-a23a9c66188d_pyramid_tiles_files_16_19_30.pt,1,train
GigaPath_embeddings_LBC_train/1/a7129833-faa2-4c97-826d-e43b75b7cb05_pyramid_tiles_files_16_18_31.pt,1,train
GigaPath_embeddings_LBC_train/1/9f9025f6-3cb2-4e63-9f09-1c25957cd8e3_pyramid_tiles_files_17_14_19.pt,1,train
GigaPath_embeddings_LBC_train/1/e535b22d-c4ba-4191-805a-4338d4452be1_pyramid_tiles_files_16_21_29.pt,1,train
GigaPath_embeddings_LBC_train/1/7a711946-6d6d-4089-84cc-fa4cac2dca59_pyramid_tiles_files_16_25_29.pt,1,train
GigaPath_embeddings_LBC_train/1/a6cbace4-4145-454d-bea2-a9043abe08d8_pyramid_tiles_files_17_23_72.pt,1,train
GigaPath_embeddings_LBC_train/1/7136f225-b00f-4314-8e03-bf7cc8c675f6_pyramid_tiles_files_16_17_19.pt,1,train
GigaPath_embeddings_LBC_train/1/2e2cf6c2-259d-4579-9fd6-5e463f70329d_pyramid_tiles_files_17_14_19.pt,1,train
GigaPath_embeddings_LBC_train/1/a162a4e4-226c-41cb-b60b-475042441e74_pyramid_tiles_files_16_18_31.pt,1,train
GigaPath_embeddings_LBC_train/1/d98d1466-b08e-4cdc-81c2-66b38375028f_pyramid_tiles_files_16_24_28.pt,1,train
GigaPath_embeddings_LBC_train/1/c99b0491-5d02-4e58-90c0-67838b0b2500_pyramid_tiles_files_16_17_20.pt,1,train
GigaPath_embeddings_LBC_train/1/fb34db15-00ea-425c-89e7-8f6bf844e9e8_pyramid_tiles_files_16_23_29.pt,1,train
GigaPath_embeddings_LBC_train/1/910ae3a4-0161-408b-bc72-41e06bd37102_pyramid_tiles_files_16_17_19.pt,1,train
GigaPath_embeddings_LBC_train/1/f8cdd598-f195-4e7f-9140-9230a7341e8d_pyramid_tiles_files_16_19_30.pt,1,train
GigaPath_embeddings_LBC_train/1/a38ab9be-f8f2-4144-bb92-ceab9f408c98_pyramid_tiles_files_17_23_73.pt,1,train
GigaPath_embeddings_LBC_train/1/e1ee6327-4383-4db7-859d-c209fda7a7d0_pyramid_tiles_files_17_15_18.pt,1,train
GigaPath_embeddings_LBC_train/1/e535b22d-c4ba-4191-805a-4338d4452be1_pyramid_tiles_files_16_18_30.pt,1,train
GigaPath_embeddings_LBC_train/1/d14ee81b-590d-49f1-b9c1-f25c022331b9_pyramid_tiles_files_16_18_31.pt,1,train
GigaPath_embeddings_LBC_train/1/40490219-ecc2-40c6-bd90-10f007f8f579_pyramid_tiles_files_17_24_72.pt,1,train
GigaPath_embeddings_LBC_train/1/bcb241e8-5c96-4eae-aef2-0494615c7332_pyramid_tiles_files_16_18_30.pt,1,train
GigaPath_embeddings_LBC_train/1/27f952da-cb0e-4b86-9464-3b31671933ce_pyramid_tiles_files_17_14_18.pt,1,train
GigaPath_embeddings_LBC_train/1/28b2c9da-27e9-4c9a-8989-7902bd4829ec_pyramid_tiles_files_17_18_41.pt,1,train
GigaPath_embeddings_LBC_train/1/f845a584-75e9-4272-b88a-3ab2ae175011_pyramid_tiles_files_16_17_31.pt,1,train
GigaPath_embeddings_LBC_train/1/ec591c22-e5c9-426f-928f-2a4910f26cfe_pyramid_tiles_files_16_21_28.pt,1,train
GigaPath_embeddings_LBC_train/1/05f7516a-c717-491e-b5f2-b611c3789fa3_pyramid_tiles_files_16_21_29.pt,1,train
GigaPath_embeddings_LBC_train/1/0c815d19-6b10-43b9-b403-e8bcd96c88c9_pyramid_tiles_files_16_18_30.pt,1,train
GigaPath_embeddings_LBC_train/1/97aab5f3-09ef-4dc8-9566-bdabb5ca08b0_pyramid_tiles_files_17_22_72.pt,1,train
GigaPath_embeddings_LBC_train/1/88c29805-3f26-47c7-a33a-cf45d5ee6dc3_pyramid_tiles_files_16_17_20.pt,1,train
GigaPath_embeddings_LBC_train/1/9ccdfd46-597a-4148-b9b0-7853d9ead11a_pyramid_tiles_files_17_18_40.pt,1,train
GigaPath_embeddings_LBC_train/1/2f9ace47-773d-432b-95c0-4c79d09ca789_pyramid_tiles_files_17_15_19.pt,1,train
GigaPath_embeddings_LBC_train/1/4d43ca02-898e-471a-89ff-38e030d7d3f8_pyramid_tiles_files_16_16_19.pt,1,train
GigaPath_embeddings_LBC_train/1/05a7c75a-3a19-42fe-bef4-46321b96503c_pyramid_tiles_files_16_22_28.pt,1,train
GigaPath_embeddings_LBC_train/1/667596ff-485c-41f9-ac32-9f91f8cc66c0_pyramid_tiles_files_17_17_40.pt,1,train
GigaPath_embeddings_LBC_train/1/e0ee1714-9f42-4c7e-9c29-6b808c24073f_pyramid_tiles_files_16_22_28.pt,1,train
GigaPath_embeddings_LBC_train/1/27ccee14-c8c3-471c-a467-861f3013896c_pyramid_tiles_files_17_24_72.pt,1,train
GigaPath_embeddings_LBC_train/1/49b7db50-8c64-4aed-aeec-f61e6432f3fd_pyramid_tiles_files_17_17_41.pt,1,train
GigaPath_embeddings_LBC_train/1/49b89d48-2f98-4969-93ac-ab3721e48228_pyramid_tiles_files_17_18_41.pt,1,train
GigaPath_embeddings_LBC_train/1/a88839a2-827d-4c30-85d3-1eebce71509a_pyramid_tiles_files_16_21_28.pt,1,train
GigaPath_embeddings_LBC_train/1/103910a7-ef17-49d6-b722-31806bc8c3a5_pyramid_tiles_files_16_18_20.pt,1,train
GigaPath_embeddings_LBC_train/1/5d4f21ca-f7ae-4fca-8e36-fd6db89d841e_pyramid_tiles_files_17_24_73.pt,1,train
GigaPath_embeddings_LBC_train/1/7136f225-b00f-4314-8e03-bf7cc8c675f6_pyramid_tiles_files_16_21_28.pt,1,train
GigaPath_embeddings_LBC_train/1/ba1eb208-7671-4d89-b931-9438a6c52423_pyramid_tiles_files_17_23_73.pt,1,train
GigaPath_embeddings_LBC_train/1/6f1af507-f025-4d67-9b07-ff9b2e562a67_pyramid_tiles_files_16_24_27.pt,1,train
GigaPath_embeddings_LBC_train/1/537e700c-bb74-41c6-a61e-cbff213e450d_pyramid_tiles_files_16_21_29.pt,1,train
GigaPath_embeddings_LBC_train/1/1f9396eb-107b-4eb2-a434-c7cb66eaa071_pyramid_tiles_files_16_17_30.pt,1,train
GigaPath_embeddings_LBC_train/1/41295260-4748-4a7d-9689-d22f4d1bf6c1_pyramid_tiles_files_16_25_27.pt,1,train
GigaPath_embeddings_LBC_train/1/8622536e-861a-4e45-8c03-1337f35267fb_pyramid_tiles_files_16_21_28.pt,1,train
GigaPath_embeddings_LBC_train/1/2b77e2fa-983e-4050-ab0f-5179f73a394e_pyramid_tiles_files_16_17_19.pt,1,train
GigaPath_embeddings_LBC_train/1/13a98c45-1483-4b7a-b509-ff2f1829df9b_pyramid_tiles_files_17_15_18.pt,1,train
GigaPath_embeddings_LBC_train/1/f5a044fa-6bad-49f3-b270-aa635a369748_pyramid_tiles_files_16_24_27.pt,1,train
GigaPath_embeddings_LBC_train/1/00c2a168-0bc9-4031-954f-d620d13a798e_pyramid_tiles_files_17_17_41.pt,1,train
GigaPath_embeddings_LBC_train/1/f38d2bb8-7326-47e7-a2b4-17154c5f2c0c_pyramid_tiles_files_16_17_30.pt,1,train
GigaPath_embeddings_LBC_train/1/ed470fa7-2231-4856-bbdb-9c45ada10876_pyramid_tiles_files_16_18_31.pt,1,train
GigaPath_embeddings_LBC_train/1/9fac65c4-3967-4e89-8188-01be7914423b_pyramid_tiles_files_16_21_28.pt,1,train
GigaPath_embeddings_LBC_train/1/c4dfb15f-1b2a-470a-b9ef-613a13d7d505_pyramid_tiles_files_17_18_41.pt,1,train
GigaPath_embeddings_LBC_train/1/99658cf5-d1dc-4436-ac7c-24f303817fb0_pyramid_tiles_files_16_18_30.pt,1,train
GigaPath_embeddings_LBC_train/1/f4198852-0424-4491-953a-d3301aaa0524_pyramid_tiles_files_17_15_18.pt,1,train
GigaPath_embeddings_LBC_train/1/deb52381-ec34-4586-a9ba-461702954557_pyramid_tiles_files_17_17_40.pt,1,train
GigaPath_embeddings_LBC_train/1/3f15feb9-c91a-40ce-a257-3d25dfab60d8_pyramid_tiles_files_16_25_29.pt,1,train
GigaPath_embeddings_LBC_train/1/05f7516a-c717-491e-b5f2-b611c3789fa3_pyramid_tiles_files_16_18_30.pt,1,train
GigaPath_embeddings_LBC_train/1/f38d2bb8-7326-47e7-a2b4-17154c5f2c0c_pyramid_tiles_files_16_17_20.pt,1,train
GigaPath_embeddings_LBC_train/1/e4490c8a-c816-48d4-acfb-690e781a304a_pyramid_tiles_files_16_25_28.pt,1,train
GigaPath_embeddings_LBC_train/1/4f41714c-6744-4d4a-bc8a-2084292747af_pyramid_tiles_files_17_24_72.pt,1,train
GigaPath_embeddings_LBC_train/1/68b65586-1dd1-4c9e-9287-324e0907ce17_pyramid_tiles_files_16_24_27.pt,1,train
GigaPath_embeddings_LBC_train/1/cfa1a36d-1290-4546-8c41-a23a9c66188d_pyramid_tiles_files_16_24_28.pt,1,train
GigaPath_embeddings_LBC_train/1/d0b24e86-0df9-4e80-9802-77f3f8a44a4e_pyramid_tiles_files_16_17_31.pt,1,train
GigaPath_embeddings_LBC_train/1/103910a7-ef17-49d6-b722-31806bc8c3a5_pyramid_tiles_files_16_16_20.pt,1,train
GigaPath_embeddings_LBC_train/1/9ffbf523-b2b2-4a89-812f-5235ef148d44_pyramid_tiles_files_17_15_19.pt,1,train
GigaPath_embeddings_LBC_train/1/9fac65c4-3967-4e89-8188-01be7914423b_pyramid_tiles_files_16_19_30.pt,1,train
GigaPath_embeddings_LBC_train/1/8622536e-861a-4e45-8c03-1337f35267fb_pyramid_tiles_files_16_22_28.pt,1,train
GigaPath_embeddings_LBC_train/1/3edcf025-1da1-4b54-aefd-54ca01f4f0eb_pyramid_tiles_files_17_15_18.pt,1,train
GigaPath_embeddings_LBC_train/1/88c29805-3f26-47c7-a33a-cf45d5ee6dc3_pyramid_tiles_files_16_22_29.pt,1,train
GigaPath_embeddings_LBC_train/1/10003085-3ef2-4f6d-b4d2-0446990fe5f3_pyramid_tiles_files_16_22_28.pt,1,train
GigaPath_embeddings_LBC_train/1/7a711946-6d6d-4089-84cc-fa4cac2dca59_pyramid_tiles_files_16_24_27.pt,1,train
GigaPath_embeddings_LBC_train/1/5a9c4ce1-e317-4782-9740-fea86e490f04_pyramid_tiles_files_16_25_29.pt,1,train
GigaPath_embeddings_LBC_train/1/4d43ca02-898e-471a-89ff-38e030d7d3f8_pyramid_tiles_files_16_19_30.pt,1,train
GigaPath_embeddings_LBC_train/1/6f1af507-f025-4d67-9b07-ff9b2e562a67_pyramid_tiles_files_16_23_28.pt,1,train
GigaPath_embeddings_LBC_train/1/0170e458-6934-43fb-b512-f08220d42a8d_pyramid_tiles_files_17_17_41.pt,1,train
GigaPath_embeddings_LBC_train/1/757bdca3-31ba-4a41-8837-436ae787b24e_pyramid_tiles_files_17_14_19.pt,1,train
GigaPath_embeddings_LBC_train/1/537e700c-bb74-41c6-a61e-cbff213e450d_pyramid_tiles_files_16_17_31.pt,1,train
GigaPath_embeddings_LBC_train/1/e55b9872-ce3b-4a05-a062-8297e68e1f6e_pyramid_tiles_files_16_19_30.pt,1,train
GigaPath_embeddings_LBC_train/1/d7165445-b5e9-4b9e-844c-84e4e10e76b8_pyramid_tiles_files_16_18_30.pt,1,train
GigaPath_embeddings_LBC_train/1/a30139a7-46bc-430e-9a88-053af9aa1784_pyramid_tiles_files_17_17_41.pt,1,train
GigaPath_embeddings_LBC_train/1/c4dfb15f-1b2a-470a-b9ef-613a13d7d505_pyramid_tiles_files_17_17_40.pt,1,train
GigaPath_embeddings_LBC_train/1/a162a4e4-226c-41cb-b60b-475042441e74_pyramid_tiles_files_16_17_19.pt,1,train
GigaPath_embeddings_LBC_train/1/9f9025f6-3cb2-4e63-9f09-1c25957cd8e3_pyramid_tiles_files_17_17_41.pt,1,train
GigaPath_embeddings_LBC_train/1/d2270a1f-26d5-424e-a6ac-6d9adb355bc7_pyramid_tiles_files_17_22_72.pt,1,train
GigaPath_embeddings_LBC_train/1/5a9c4ce1-e317-4782-9740-fea86e490f04_pyramid_tiles_files_16_22_29.pt,1,train
GigaPath_embeddings_LBC_train/1/e55b9872-ce3b-4a05-a062-8297e68e1f6e_pyramid_tiles_files_16_25_28.pt,1,train
GigaPath_embeddings_LBC_train/1/2154bc6d-2b7b-4c63-ba32-d877a60f2cff_pyramid_tiles_files_16_17_31.pt,1,train
GigaPath_embeddings_LBC_train/1/6863a74b-12b6-41e5-8beb-60b571303b26_pyramid_tiles_files_17_24_73.pt,1,train
GigaPath_embeddings_LBC_train/1/28b2c9da-27e9-4c9a-8989-7902bd4829ec_pyramid_tiles_files_17_22_73.pt,1,train
GigaPath_embeddings_LBC_train/1/2edb0236-8fca-4fab-a0e9-300304e2a20a_pyramid_tiles_files_17_17_41.pt,1,train
GigaPath_embeddings_LBC_train/1/ff7ed6b1-de79-4426-84ce-1eb0993ce5ad_pyramid_tiles_files_16_24_29.pt,1,train
GigaPath_embeddings_LBC_train/1/88fa9c4b-c50b-46b6-8f70-3cb245539b47_pyramid_tiles_files_16_18_20.pt,1,train
GigaPath_embeddings_LBC_train/1/a422fe88-c84c-4c11-998c-29ec63c8cc3b_pyramid_tiles_files_17_22_73.pt,1,train
GigaPath_embeddings_LBC_train/1/2f9ace47-773d-432b-95c0-4c79d09ca789_pyramid_tiles_files_17_17_41.pt,1,train
GigaPath_embeddings_LBC_train/1/3edcf025-1da1-4b54-aefd-54ca01f4f0eb_pyramid_tiles_files_17_24_73.pt,1,train
GigaPath_embeddings_LBC_train/1/d750d161-f794-40ee-90a4-c79c85733209_pyramid_tiles_files_17_14_19.pt,1,train
GigaPath_embeddings_LBC_train/1/10003085-3ef2-4f6d-b4d2-0446990fe5f3_pyramid_tiles_files_16_17_20.pt,1,train
GigaPath_embeddings_LBC_train/1/bfda3d1a-59f1-447b-b964-0774d6564648_pyramid_tiles_files_16_18_30.pt,1,train
GigaPath_embeddings_LBC_train/1/1f648a7a-3d12-4d96-a35d-8328e2c2c766_pyramid_tiles_files_17_14_18.pt,1,train
GigaPath_embeddings_LBC_train/1/7a711946-6d6d-4089-84cc-fa4cac2dca59_pyramid_tiles_files_16_18_20.pt,1,train
GigaPath_embeddings_LBC_train/1/eed8a45e-5400-44f3-bec9-acad9bffabe6_pyramid_tiles_files_16_18_20.pt,1,train
GigaPath_embeddings_LBC_train/1/1b577487-07bc-477e-8f84-d6700010a240_pyramid_tiles_files_17_17_40.pt,1,train
GigaPath_embeddings_LBC_train/1/4e16344b-da3a-4d92-819c-19c4cecff67b_pyramid_tiles_files_17_22_73.pt,1,train
GigaPath_embeddings_LBC_train/1/0809f883-07ae-4ef2-8963-32424d1b2310_pyramid_tiles_files_16_25_29.pt,1,train
GigaPath_embeddings_LBC_train/1/9e3412ec-231c-40a8-8c17-e358744efb5a_pyramid_tiles_files_16_24_28.pt,1,train
GigaPath_embeddings_LBC_train/1/05f7516a-c717-491e-b5f2-b611c3789fa3_pyramid_tiles_files_16_22_28.pt,1,train
GigaPath_embeddings_LBC_train/1/7a711946-6d6d-4089-84cc-fa4cac2dca59_pyramid_tiles_files_16_19_31.pt,1,train
GigaPath_embeddings_LBC_train/1/2ae84759-5488-420a-b67a-2794e594e102_pyramid_tiles_files_16_16_19.pt,1,train
GigaPath_embeddings_LBC_train/1/9e3412ec-231c-40a8-8c17-e358744efb5a_pyramid_tiles_files_16_19_30.pt,1,train
GigaPath_embeddings_LBC_train/1/d98d1466-b08e-4cdc-81c2-66b38375028f_pyramid_tiles_files_16_18_20.pt,1,train
GigaPath_embeddings_LBC_train/1/05a7c75a-3a19-42fe-bef4-46321b96503c_pyramid_tiles_files_16_16_20.pt,1,train
GigaPath_embeddings_LBC_train/1/dd2bbc91-721e-4adb-99a2-23a9f68362ef_pyramid_tiles_files_16_24_29.pt,1,train
GigaPath_embeddings_LBC_train/1/d7165445-b5e9-4b9e-844c-84e4e10e76b8_pyramid_tiles_files_16_23_28.pt,1,train
GigaPath_embeddings_LBC_train/1/3051d836-91a4-4aff-9bf2-7cf31904a2ea_pyramid_tiles_files_16_19_30.pt,1,train
GigaPath_embeddings_LBC_train/1/a88839a2-827d-4c30-85d3-1eebce71509a_pyramid_tiles_files_16_24_29.pt,1,train
GigaPath_embeddings_LBC_train/1/ee421114-146a-4aee-beaf-c14dae8a13a4_pyramid_tiles_files_16_24_27.pt,1,train
GigaPath_embeddings_LBC_train/1/f38d2bb8-7326-47e7-a2b4-17154c5f2c0c_pyramid_tiles_files_16_18_20.pt,1,train
GigaPath_embeddings_LBC_train/1/11e4ec67-ab0a-4e7e-8e7d-4ad3fdd05682_pyramid_tiles_files_17_17_40.pt,1,train
GigaPath_embeddings_LBC_train/1/a422fe88-c84c-4c11-998c-29ec63c8cc3b_pyramid_tiles_files_17_17_40.pt,1,train
GigaPath_embeddings_LBC_train/1/efbff1b0-e29a-4b52-9676-b20fbd72d3b5_pyramid_tiles_files_16_17_30.pt,1,train
GigaPath_embeddings_LBC_train/1/9c22e271-a48a-45a0-8682-b151a03d336a_pyramid_tiles_files_17_22_73.pt,1,train
GigaPath_embeddings_LBC_train/1/a88839a2-827d-4c30-85d3-1eebce71509a_pyramid_tiles_files_16_22_29.pt,1,train
GigaPath_embeddings_LBC_train/1/f38d2bb8-7326-47e7-a2b4-17154c5f2c0c_pyramid_tiles_files_16_24_29.pt,1,train
GigaPath_embeddings_LBC_train/1/33851c15-9a41-450a-bff1-d906c9acf6f3_pyramid_tiles_files_16_22_29.pt,1,train
GigaPath_embeddings_LBC_train/1/3f15feb9-c91a-40ce-a257-3d25dfab60d8_pyramid_tiles_files_16_17_31.pt,1,train
GigaPath_embeddings_LBC_train/1/9ffbf523-b2b2-4a89-812f-5235ef148d44_pyramid_tiles_files_17_15_18.pt,1,train
GigaPath_embeddings_LBC_train/1/f8cdd598-f195-4e7f-9140-9230a7341e8d_pyramid_tiles_files_16_24_27.pt,1,train
GigaPath_embeddings_LBC_train/1/add1b48f-081c-4cda-8e37-55d222e8d813_pyramid_tiles_files_17_15_19.pt,1,train
GigaPath_embeddings_LBC_train/1/f9e2d87e-82ee-4e66-a710-97cf70cdb392_pyramid_tiles_files_16_17_31.pt,1,train
GigaPath_embeddings_LBC_train/1/e84495a2-0920-47f9-95a9-f22b38b127ce_pyramid_tiles_files_16_17_30.pt,1,train
GigaPath_embeddings_LBC_train/1/11e4ec67-ab0a-4e7e-8e7d-4ad3fdd05682_pyramid_tiles_files_17_14_19.pt,1,train
GigaPath_embeddings_LBC_train/1/a6cbace4-4145-454d-bea2-a9043abe08d8_pyramid_tiles_files_17_18_41.pt,1,train
GigaPath_embeddings_LBC_train/1/e1ee6327-4383-4db7-859d-c209fda7a7d0_pyramid_tiles_files_17_18_40.pt,1,train
GigaPath_embeddings_LBC_train/1/7d2da7f8-aa22-429e-9690-f6ff7fbfb9c6_pyramid_tiles_files_17_18_40.pt,1,train
GigaPath_embeddings_LBC_train/1/7f90fbd0-c09c-45ef-b603-f0059d32e4af_pyramid_tiles_files_16_19_31.pt,1,train
GigaPath_embeddings_LBC_train/1/420bbdfc-3126-41bb-989b-ef534ced41d6_pyramid_tiles_files_16_18_20.pt,1,train
GigaPath_embeddings_LBC_train/1/88fa9c4b-c50b-46b6-8f70-3cb245539b47_pyramid_tiles_files_16_17_30.pt,1,train
GigaPath_embeddings_LBC_train/1/b34b3227-38a8-47fe-8920-18c280edcff6_pyramid_tiles_files_16_25_29.pt,1,train
GigaPath_embeddings_LBC_train/1/1f9396eb-107b-4eb2-a434-c7cb66eaa071_pyramid_tiles_files_16_18_31.pt,1,train
GigaPath_embeddings_LBC_train/1/d750d161-f794-40ee-90a4-c79c85733209_pyramid_tiles_files_17_14_18.pt,1,train
GigaPath_embeddings_LBC_train/1/c99b0491-5d02-4e58-90c0-67838b0b2500_pyramid_tiles_files_16_22_28.pt,1,train
GigaPath_embeddings_LBC_train/1/d14ee81b-590d-49f1-b9c1-f25c022331b9_pyramid_tiles_files_16_23_28.pt,1,train
GigaPath_embeddings_LBC_train/1/eeace26f-0d61-42b0-8a7e-38cc2f0bd7e5_pyramid_tiles_files_16_18_20.pt,1,train
GigaPath_embeddings_LBC_train/1/3a922671-4cfc-4650-8cc9-51db2c72c8d4_pyramid_tiles_files_16_18_20.pt,1,train
GigaPath_embeddings_LBC_train/1/88c29805-3f26-47c7-a33a-cf45d5ee6dc3_pyramid_tiles_files_16_18_31.pt,1,train
GigaPath_embeddings_LBC_train/1/91227689-c1bd-4afa-8cbe-1149576083db_pyramid_tiles_files_17_17_41.pt,1,train
GigaPath_embeddings_LBC_train/1/ead8e571-832f-48cf-ac10-dbf23a23e118_pyramid_tiles_files_16_24_29.pt,1,train
GigaPath_embeddings_LBC_train/1/d78bfaab-dd1d-48d2-a839-ff33e9041001_pyramid_tiles_files_16_21_28.pt,1,train
GigaPath_embeddings_LBC_train/1/42d0b3fd-f8a3-46b8-9661-e9a432105fcd_pyramid_tiles_files_17_17_40.pt,1,train
GigaPath_embeddings_LBC_train/1/deb52381-ec34-4586-a9ba-461702954557_pyramid_tiles_files_17_22_72.pt,1,train
GigaPath_embeddings_LBC_train/1/f737654c-9f44-4233-b852-5e28e74e8a38_pyramid_tiles_files_17_24_72.pt,1,train
GigaPath_embeddings_LBC_train/1/f21c730f-c4c5-4db2-843c-5bc29f2cc708_pyramid_tiles_files_17_17_40.pt,1,train
GigaPath_embeddings_LBC_train/1/bfda3d1a-59f1-447b-b964-0774d6564648_pyramid_tiles_files_16_17_19.pt,1,train
GigaPath_embeddings_LBC_train/1/ee421114-146a-4aee-beaf-c14dae8a13a4_pyramid_tiles_files_16_24_28.pt,1,train
GigaPath_embeddings_LBC_train/1/09022f45-72f6-41d4-b741-d102f2ae2fdc_pyramid_tiles_files_16_19_30.pt,1,train
GigaPath_embeddings_LBC_train/1/9e3412ec-231c-40a8-8c17-e358744efb5a_pyramid_tiles_files_16_17_20.pt,1,train
GigaPath_embeddings_LBC_train/1/d98d1466-b08e-4cdc-81c2-66b38375028f_pyramid_tiles_files_16_21_28.pt,1,train
GigaPath_embeddings_LBC_train/1/537e700c-bb74-41c6-a61e-cbff213e450d_pyramid_tiles_files_16_25_28.pt,1,train
GigaPath_embeddings_LBC_train/1/35529ea9-ab7d-4e67-9be2-7faddf0afbed_pyramid_tiles_files_16_25_28.pt,1,train
GigaPath_embeddings_LBC_train/1/0aaa3037-e4d2-4bb5-9f20-bda58da5c3fe_pyramid_tiles_files_17_15_19.pt,1,train
GigaPath_embeddings_LBC_train/1/3c4ac5df-b116-4847-8737-79d4db791a7e_pyramid_tiles_files_17_23_72.pt,1,train
GigaPath_embeddings_LBC_train/1/2675f262-0e7c-483d-971e-00500ac47587_pyramid_tiles_files_16_25_27.pt,1,train
GigaPath_embeddings_LBC_train/1/35529ea9-ab7d-4e67-9be2-7faddf0afbed_pyramid_tiles_files_16_23_29.pt,1,train
GigaPath_embeddings_LBC_train/1/a6a6a107-4162-4090-90ff-d4521738c55e_pyramid_tiles_files_16_25_28.pt,1,train
GigaPath_embeddings_LBC_train/1/f5a044fa-6bad-49f3-b270-aa635a369748_pyramid_tiles_files_16_24_28.pt,1,train
GigaPath_embeddings_LBC_train/1/df4a0635-dc3f-4ccb-a2d9-0f89a4692a93_pyramid_tiles_files_16_22_29.pt,1,train
GigaPath_embeddings_LBC_train/1/2ae84759-5488-420a-b67a-2794e594e102_pyramid_tiles_files_16_18_31.pt,1,train
GigaPath_embeddings_LBC_train/1/27ccee14-c8c3-471c-a467-861f3013896c_pyramid_tiles_files_17_15_19.pt,1,train
GigaPath_embeddings_LBC_train/1/07e430fa-9641-4821-a635-6d4e3f8f1cc8_pyramid_tiles_files_16_19_30.pt,1,train
GigaPath_embeddings_LBC_train/1/bcb241e8-5c96-4eae-aef2-0494615c7332_pyramid_tiles_files_16_25_29.pt,1,train
GigaPath_embeddings_LBC_train/1/c6396b76-347c-4c7e-83b6-f23bc75f38fb_pyramid_tiles_files_17_22_72.pt,1,train
GigaPath_embeddings_LBC_train/1/5d4f21ca-f7ae-4fca-8e36-fd6db89d841e_pyramid_tiles_files_17_17_40.pt,1,train
GigaPath_embeddings_LBC_train/1/9e3412ec-231c-40a8-8c17-e358744efb5a_pyramid_tiles_files_16_17_19.pt,1,train
GigaPath_embeddings_LBC_train/1/d8e98d99-2dd8-4f57-b442-3218a7acf30a_pyramid_tiles_files_16_17_19.pt,1,train
GigaPath_embeddings_LBC_train/1/f5a044fa-6bad-49f3-b270-aa635a369748_pyramid_tiles_files_16_25_29.pt,1,train
GigaPath_embeddings_LBC_train/1/537e700c-bb74-41c6-a61e-cbff213e450d_pyramid_tiles_files_16_17_20.pt,1,train
GigaPath_embeddings_LBC_train/1/cfad50f3-e318-44ef-9136-da9e38305cd5_pyramid_tiles_files_17_18_41.pt,1,train
GigaPath_embeddings_LBC_train/1/757bdca3-31ba-4a41-8837-436ae787b24e_pyramid_tiles_files_17_18_40.pt,1,train
GigaPath_embeddings_LBC_train/1/d78bfaab-dd1d-48d2-a839-ff33e9041001_pyramid_tiles_files_16_18_19.pt,1,train
GigaPath_embeddings_LBC_train/1/dd2bbc91-721e-4adb-99a2-23a9f68362ef_pyramid_tiles_files_16_18_30.pt,1,train
GigaPath_embeddings_LBC_train/1/9ccdfd46-597a-4148-b9b0-7853d9ead11a_pyramid_tiles_files_17_18_41.pt,1,train
GigaPath_embeddings_LBC_train/1/1de50383-a38d-4e77-8672-3cae59401c9e_pyramid_tiles_files_17_23_73.pt,1,train
GigaPath_embeddings_LBC_train/1/f014b792-5610-425a-9902-a1bb52d60996_pyramid_tiles_files_17_23_73.pt,1,train
GigaPath_embeddings_LBC_train/1/e4490c8a-c816-48d4-acfb-690e781a304a_pyramid_tiles_files_16_22_29.pt,1,train
GigaPath_embeddings_LBC_train/1/dd2bbc91-721e-4adb-99a2-23a9f68362ef_pyramid_tiles_files_16_17_30.pt,1,train
GigaPath_embeddings_LBC_train/1/9832fea5-5b1a-41d2-9319-e953a420307d_pyramid_tiles_files_16_16_19.pt,1,train
GigaPath_embeddings_LBC_train/1/1b577487-07bc-477e-8f84-d6700010a240_pyramid_tiles_files_17_23_72.pt,1,train
GigaPath_embeddings_LBC_train/1/1900bdd5-ff4b-47e3-8384-0c7aa7b67c96_pyramid_tiles_files_16_19_30.pt,1,train
GigaPath_embeddings_LBC_train/1/cfa1a36d-1290-4546-8c41-a23a9c66188d_pyramid_tiles_files_16_21_28.pt,1,train
GigaPath_embeddings_LBC_train/1/a6a6a107-4162-4090-90ff-d4521738c55e_pyramid_tiles_files_16_23_28.pt,1,train
GigaPath_embeddings_LBC_train/1/910ae3a4-0161-408b-bc72-41e06bd37102_pyramid_tiles_files_16_22_29.pt,1,train
GigaPath_embeddings_LBC_train/1/7cdca764-efc1-4f0d-9faa-10e29288c6f8_pyramid_tiles_files_16_18_30.pt,1,train
GigaPath_embeddings_LBC_train/1/971a85a8-c488-4a63-a524-48dc9cc05cb6_pyramid_tiles_files_17_18_40.pt,1,train
GigaPath_embeddings_LBC_train/1/15d579c8-fab5-414e-8293-453d8f51c4c8_pyramid_tiles_files_17_24_73.pt,1,train
GigaPath_embeddings_LBC_train/1/d78bfaab-dd1d-48d2-a839-ff33e9041001_pyramid_tiles_files_16_22_28.pt,1,train
GigaPath_embeddings_LBC_train/1/7136f225-b00f-4314-8e03-bf7cc8c675f6_pyramid_tiles_files_16_22_28.pt,1,train
GigaPath_embeddings_LBC_train/1/dd2bbc91-721e-4adb-99a2-23a9f68362ef_pyramid_tiles_files_16_21_28.pt,1,train
GigaPath_embeddings_LBC_train/1/eeace26f-0d61-42b0-8a7e-38cc2f0bd7e5_pyramid_tiles_files_16_18_19.pt,1,train
GigaPath_embeddings_LBC_train/1/d78bfaab-dd1d-48d2-a839-ff33e9041001_pyramid_tiles_files_16_21_29.pt,1,train
GigaPath_embeddings_LBC_train/1/910ae3a4-0161-408b-bc72-41e06bd37102_pyramid_tiles_files_16_17_20.pt,1,train
GigaPath_embeddings_LBC_train/1/a6cbace4-4145-454d-bea2-a9043abe08d8_pyramid_tiles_files_17_24_73.pt,1,train
GigaPath_embeddings_LBC_train/1/770f5bc2-09e8-4f6f-80f2-7c32080268a6_pyramid_tiles_files_16_23_29.pt,1,train
GigaPath_embeddings_LBC_train/1/4ca4cdf5-ff38-4a76-8a6d-b63e824f6685_pyramid_tiles_files_16_18_31.pt,1,train
GigaPath_embeddings_LBC_train/1/c6396b76-347c-4c7e-83b6-f23bc75f38fb_pyramid_tiles_files_17_24_73.pt,1,train
GigaPath_embeddings_LBC_train/1/420bbdfc-3126-41bb-989b-ef534ced41d6_pyramid_tiles_files_16_24_29.pt,1,train
GigaPath_embeddings_LBC_train/1/91227689-c1bd-4afa-8cbe-1149576083db_pyramid_tiles_files_17_14_18.pt,1,train
GigaPath_embeddings_LBC_train/1/e38679b5-dfb1-4d9b-9cd1-51d23497d166_pyramid_tiles_files_16_25_29.pt,1,train
GigaPath_embeddings_LBC_train/1/b34b3227-38a8-47fe-8920-18c280edcff6_pyramid_tiles_files_16_18_30.pt,1,train
GigaPath_embeddings_LBC_train/1/667596ff-485c-41f9-ac32-9f91f8cc66c0_pyramid_tiles_files_17_24_73.pt,1,train
GigaPath_embeddings_LBC_train/1/dd2bbc91-721e-4adb-99a2-23a9f68362ef_pyramid_tiles_files_16_23_28.pt,1,train
GigaPath_embeddings_LBC_train/1/1de50383-a38d-4e77-8672-3cae59401c9e_pyramid_tiles_files_17_18_41.pt,1,train
GigaPath_embeddings_LBC_train/1/e154f668-55ba-46ed-8bbc-91218f1b9841_pyramid_tiles_files_17_18_41.pt,1,train
GigaPath_embeddings_LBC_train/1/1561b271-ed0a-4bba-968f-ec730f2a5707_pyramid_tiles_files_16_24_29.pt,1,train
GigaPath_embeddings_LBC_train/1/1a244e75-7c81-4580-940b-730cdb7d6229_pyramid_tiles_files_17_17_40.pt,1,train
GigaPath_embeddings_LBC_train/1/7cdd2e59-f92b-4294-a70d-7e53dec8f70d_pyramid_tiles_files_17_18_41.pt,1,train
GigaPath_embeddings_LBC_train/1/c111e4b1-718a-4334-9d6e-d2394615b1d5_pyramid_tiles_files_17_24_73.pt,1,train
GigaPath_embeddings_LBC_train/1/ead8e571-832f-48cf-ac10-dbf23a23e118_pyramid_tiles_files_16_19_30.pt,1,train
GigaPath_embeddings_LBC_train/1/b5f02412-10be-4039-99db-d0fde541487a_pyramid_tiles_files_17_23_73.pt,1,train
GigaPath_embeddings_LBC_train/1/41295260-4748-4a7d-9689-d22f4d1bf6c1_pyramid_tiles_files_16_17_31.pt,1,train
GigaPath_embeddings_LBC_train/1/e55b9872-ce3b-4a05-a062-8297e68e1f6e_pyramid_tiles_files_16_24_27.pt,1,train
GigaPath_embeddings_LBC_train/1/3908d14b-0319-46ce-9d7c-d9f484d4e6c5_pyramid_tiles_files_16_19_31.pt,1,train
GigaPath_embeddings_LBC_train/1/09022f45-72f6-41d4-b741-d102f2ae2fdc_pyramid_tiles_files_16_19_31.pt,1,train
GigaPath_embeddings_LBC_train/1/42d0b3fd-f8a3-46b8-9661-e9a432105fcd_pyramid_tiles_files_17_15_19.pt,1,train
GigaPath_embeddings_LBC_train/1/b71e073f-25c7-43e2-9e4a-7809d0613d87_pyramid_tiles_files_16_25_27.pt,1,train
GigaPath_embeddings_LBC_train/1/3908d14b-0319-46ce-9d7c-d9f484d4e6c5_pyramid_tiles_files_16_17_31.pt,1,train
GigaPath_embeddings_LBC_train/1/7f084246-fcef-4879-82dd-17c18cc3481b_pyramid_tiles_files_16_22_29.pt,1,train
GigaPath_embeddings_LBC_train/1/a88839a2-827d-4c30-85d3-1eebce71509a_pyramid_tiles_files_16_17_30.pt,1,train
GigaPath_embeddings_LBC_train/1/c99b0491-5d02-4e58-90c0-67838b0b2500_pyramid_tiles_files_16_24_27.pt,1,train
GigaPath_embeddings_LBC_train/1/f014b792-5610-425a-9902-a1bb52d60996_pyramid_tiles_files_17_14_19.pt,1,train
GigaPath_embeddings_LBC_train/1/e55b9872-ce3b-4a05-a062-8297e68e1f6e_pyramid_tiles_files_16_16_20.pt,1,train
GigaPath_embeddings_LBC_train/1/e91eb178-776c-4b3a-b589-36a0e68408ce_pyramid_tiles_files_16_24_29.pt,1,train
GigaPath_embeddings_LBC_train/1/07e430fa-9641-4821-a635-6d4e3f8f1cc8_pyramid_tiles_files_16_17_19.pt,1,train
GigaPath_embeddings_LBC_train/1/2e2cf6c2-259d-4579-9fd6-5e463f70329d_pyramid_tiles_files_17_18_40.pt,1,train
GigaPath_embeddings_LBC_train/1/bcb241e8-5c96-4eae-aef2-0494615c7332_pyramid_tiles_files_16_17_20.pt,1,train
GigaPath_embeddings_LBC_train/1/b71e073f-25c7-43e2-9e4a-7809d0613d87_pyramid_tiles_files_16_18_19.pt,1,train
GigaPath_embeddings_LBC_train/1/770f5bc2-09e8-4f6f-80f2-7c32080268a6_pyramid_tiles_files_16_17_19.pt,1,train
GigaPath_embeddings_LBC_train/1/e0ee1714-9f42-4c7e-9c29-6b808c24073f_pyramid_tiles_files_16_23_28.pt,1,train
GigaPath_embeddings_LBC_train/1/d282c089-5b1a-48ca-80c6-5cd67f281d5c_pyramid_tiles_files_17_15_19.pt,1,train
GigaPath_embeddings_LBC_train/1/3c4ac5df-b116-4847-8737-79d4db791a7e_pyramid_tiles_files_17_24_72.pt,1,train
GigaPath_embeddings_LBC_train/1/9ccdfd46-597a-4148-b9b0-7853d9ead11a_pyramid_tiles_files_17_22_72.pt,1,train
GigaPath_embeddings_LBC_train/1/1a491f9b-142c-45d3-813a-98c82ebad222_pyramid_tiles_files_17_15_18.pt,1,train
GigaPath_embeddings_LBC_train/1/9ffbf523-b2b2-4a89-812f-5235ef148d44_pyramid_tiles_files_17_22_73.pt,1,train
GigaPath_embeddings_LBC_train/1/d0b24e86-0df9-4e80-9802-77f3f8a44a4e_pyramid_tiles_files_16_25_27.pt,1,train
GigaPath_embeddings_LBC_train/1/a88839a2-827d-4c30-85d3-1eebce71509a_pyramid_tiles_files_16_18_31.pt,1,train
GigaPath_embeddings_LBC_train/1/0170e458-6934-43fb-b512-f08220d42a8d_pyramid_tiles_files_17_22_73.pt,1,train
GigaPath_embeddings_LBC_train/1/f014b792-5610-425a-9902-a1bb52d60996_pyramid_tiles_files_17_15_18.pt,1,train
GigaPath_embeddings_LBC_train/1/f38d2bb8-7326-47e7-a2b4-17154c5f2c0c_pyramid_tiles_files_16_21_28.pt,1,train
GigaPath_embeddings_LBC_train/1/ff572c84-b664-461e-9d63-1421cae3c7c0_pyramid_tiles_files_17_24_73.pt,1,train
GigaPath_embeddings_LBC_train/1/add1b48f-081c-4cda-8e37-55d222e8d813_pyramid_tiles_files_17_23_73.pt,1,train
GigaPath_embeddings_LBC_train/1/13a98c45-1483-4b7a-b509-ff2f1829df9b_pyramid_tiles_files_17_22_73.pt,1,train
GigaPath_embeddings_LBC_train/1/9832fea5-5b1a-41d2-9319-e953a420307d_pyramid_tiles_files_16_18_31.pt,1,train
GigaPath_embeddings_LBC_train/1/e38679b5-dfb1-4d9b-9cd1-51d23497d166_pyramid_tiles_files_16_23_29.pt,1,train
GigaPath_embeddings_LBC_train/1/3c4ac5df-b116-4847-8737-79d4db791a7e_pyramid_tiles_files_17_15_19.pt,1,train
GigaPath_embeddings_LBC_train/1/af452c1d-404b-40d7-8523-afab97ce3fe7_pyramid_tiles_files_17_15_19.pt,1,train
GigaPath_embeddings_LBC_train/1/9fac65c4-3967-4e89-8188-01be7914423b_pyramid_tiles_files_16_24_29.pt,1,train
GigaPath_embeddings_LBC_train/1/d98d1466-b08e-4cdc-81c2-66b38375028f_pyramid_tiles_files_16_25_28.pt,1,train
GigaPath_embeddings_LBC_train/1/24c8b882-f5c3-44c8-850a-4d8efa534536_pyramid_tiles_files_16_25_29.pt,1,train
GigaPath_embeddings_LBC_train/1/1b577487-07bc-477e-8f84-d6700010a240_pyramid_tiles_files_17_14_19.pt,1,train
GigaPath_embeddings_LBC_train/1/9f9025f6-3cb2-4e63-9f09-1c25957cd8e3_pyramid_tiles_files_17_14_18.pt,1,train
GigaPath_embeddings_LBC_train/1/2154bc6d-2b7b-4c63-ba32-d877a60f2cff_pyramid_tiles_files_16_23_29.pt,1,train
GigaPath_embeddings_LBC_train/1/e84495a2-0920-47f9-95a9-f22b38b127ce_pyramid_tiles_files_16_17_20.pt,1,train
GigaPath_embeddings_LBC_train/1/df4a0635-dc3f-4ccb-a2d9-0f89a4692a93_pyramid_tiles_files_16_18_20.pt,1,train
GigaPath_embeddings_LBC_train/1/7f90fbd0-c09c-45ef-b603-f0059d32e4af_pyramid_tiles_files_16_25_29.pt,1,train
GigaPath_embeddings_LBC_train/1/c6396b76-347c-4c7e-83b6-f23bc75f38fb_pyramid_tiles_files_17_18_41.pt,1,train
GigaPath_embeddings_LBC_train/1/28b2c9da-27e9-4c9a-8989-7902bd4829ec_pyramid_tiles_files_17_18_40.pt,1,train
GigaPath_embeddings_LBC_train/1/a88839a2-827d-4c30-85d3-1eebce71509a_pyramid_tiles_files_16_17_31.pt,1,train
GigaPath_embeddings_LBC_train/1/cfa1a36d-1290-4546-8c41-a23a9c66188d_pyramid_tiles_files_16_19_31.pt,1,train
GigaPath_embeddings_LBC_train/1/99658cf5-d1dc-4436-ac7c-24f303817fb0_pyramid_tiles_files_16_21_29.pt,1,train
GigaPath_embeddings_LBC_train/1/09022f45-72f6-41d4-b741-d102f2ae2fdc_pyramid_tiles_files_16_18_31.pt,1,train
GigaPath_embeddings_LBC_train/1/2ae84759-5488-420a-b67a-2794e594e102_pyramid_tiles_files_16_18_20.pt,1,train
GigaPath_embeddings_LBC_train/1/3051d836-91a4-4aff-9bf2-7cf31904a2ea_pyramid_tiles_files_16_25_28.pt,1,train
GigaPath_embeddings_LBC_train/1/2b77e2fa-983e-4050-ab0f-5179f73a394e_pyramid_tiles_files_16_18_20.pt,1,train
GigaPath_embeddings_LBC_train/1/28b2c9da-27e9-4c9a-8989-7902bd4829ec_pyramid_tiles_files_17_22_72.pt,1,train
GigaPath_embeddings_LBC_train/1/1f9396eb-107b-4eb2-a434-c7cb66eaa071_pyramid_tiles_files_16_17_19.pt,1,train
GigaPath_embeddings_LBC_train/1/5e11fd38-061e-465e-b3aa-6ce8e54632a3_pyramid_tiles_files_16_25_28.pt,1,train
GigaPath_embeddings_LBC_train/1/7f90fbd0-c09c-45ef-b603-f0059d32e4af_pyramid_tiles_files_16_21_29.pt,1,train
GigaPath_embeddings_LBC_train/1/28b2c9da-27e9-4c9a-8989-7902bd4829ec_pyramid_tiles_files_17_15_18.pt,1,train
GigaPath_embeddings_LBC_train/1/a1d1235e-32f4-49da-b297-9b4cfd582499_pyramid_tiles_files_17_14_18.pt,1,train
GigaPath_embeddings_LBC_train/1/e38679b5-dfb1-4d9b-9cd1-51d23497d166_pyramid_tiles_files_16_18_20.pt,1,train
GigaPath_embeddings_LBC_train/1/3908d14b-0319-46ce-9d7c-d9f484d4e6c5_pyramid_tiles_files_16_25_28.pt,1,train
GigaPath_embeddings_LBC_train/1/3051d836-91a4-4aff-9bf2-7cf31904a2ea_pyramid_tiles_files_16_24_28.pt,1,train
GigaPath_embeddings_LBC_train/1/e535b22d-c4ba-4191-805a-4338d4452be1_pyramid_tiles_files_16_17_20.pt,1,train
GigaPath_embeddings_LBC_train/1/00c2a168-0bc9-4031-954f-d620d13a798e_pyramid_tiles_files_17_23_72.pt,1,train
GigaPath_embeddings_LBC_train/1/91227689-c1bd-4afa-8cbe-1149576083db_pyramid_tiles_files_17_23_72.pt,1,train
GigaPath_embeddings_LBC_train/1/5e11fd38-061e-465e-b3aa-6ce8e54632a3_pyramid_tiles_files_16_17_20.pt,1,train
GigaPath_embeddings_LBC_train/1/cf67a244-b7e8-46cf-81e4-fd444b2ccbc0_pyramid_tiles_files_17_22_73.pt,1,train
GigaPath_embeddings_LBC_train/1/13a98c45-1483-4b7a-b509-ff2f1829df9b_pyramid_tiles_files_17_15_19.pt,1,train
GigaPath_embeddings_LBC_train/1/f845a584-75e9-4272-b88a-3ab2ae175011_pyramid_tiles_files_16_19_31.pt,1,train
GigaPath_embeddings_LBC_train/1/7a711946-6d6d-4089-84cc-fa4cac2dca59_pyramid_tiles_files_16_21_28.pt,1,train
GigaPath_embeddings_LBC_train/1/df5e8063-ae40-4800-9387-61920bf91339_pyramid_tiles_files_16_17_30.pt,1,train
GigaPath_embeddings_LBC_train/1/7b35cee2-c730-4045-a69b-18802e2b4c8e_pyramid_tiles_files_17_15_19.pt,1,train
GigaPath_embeddings_LBC_train/1/f014b792-5610-425a-9902-a1bb52d60996_pyramid_tiles_files_17_24_72.pt,1,train
GigaPath_embeddings_LBC_train/1/e4490c8a-c816-48d4-acfb-690e781a304a_pyramid_tiles_files_16_18_19.pt,1,train
GigaPath_embeddings_LBC_train/1/e91eb178-776c-4b3a-b589-36a0e68408ce_pyramid_tiles_files_16_18_20.pt,1,train
GigaPath_embeddings_LBC_train/1/d14ee81b-590d-49f1-b9c1-f25c022331b9_pyramid_tiles_files_16_17_31.pt,1,train
GigaPath_embeddings_LBC_train/1/ed470fa7-2231-4856-bbdb-9c45ada10876_pyramid_tiles_files_16_17_19.pt,1,train
GigaPath_embeddings_LBC_train/1/d98d1466-b08e-4cdc-81c2-66b38375028f_pyramid_tiles_files_16_22_28.pt,1,train
GigaPath_embeddings_LBC_train/1/33851c15-9a41-450a-bff1-d906c9acf6f3_pyramid_tiles_files_16_21_28.pt,1,train
GigaPath_embeddings_LBC_train/1/910ae3a4-0161-408b-bc72-41e06bd37102_pyramid_tiles_files_16_22_28.pt,1,train
GigaPath_embeddings_LBC_train/1/05a7c75a-3a19-42fe-bef4-46321b96503c_pyramid_tiles_files_16_17_31.pt,1,train
GigaPath_embeddings_LBC_train/1/cfa1a36d-1290-4546-8c41-a23a9c66188d_pyramid_tiles_files_16_16_19.pt,1,train
GigaPath_embeddings_LBC_train/1/d14ee81b-590d-49f1-b9c1-f25c022331b9_pyramid_tiles_files_16_18_20.pt,1,train
GigaPath_embeddings_LBC_train/1/7b35cee2-c730-4045-a69b-18802e2b4c8e_pyramid_tiles_files_17_23_73.pt,1,train
GigaPath_embeddings_LBC_train/1/d0b24e86-0df9-4e80-9802-77f3f8a44a4e_pyramid_tiles_files_16_17_19.pt,1,train
GigaPath_embeddings_LBC_train/1/3a922671-4cfc-4650-8cc9-51db2c72c8d4_pyramid_tiles_files_16_19_30.pt,1,train
GigaPath_embeddings_LBC_train/1/2f9ace47-773d-432b-95c0-4c79d09ca789_pyramid_tiles_files_17_18_41.pt,1,train
GigaPath_embeddings_LBC_train/1/05a7c75a-3a19-42fe-bef4-46321b96503c_pyramid_tiles_files_16_25_27.pt,1,train
GigaPath_embeddings_LBC_train/1/e84495a2-0920-47f9-95a9-f22b38b127ce_pyramid_tiles_files_16_19_31.pt,1,train
GigaPath_embeddings_LBC_train/1/efbff1b0-e29a-4b52-9676-b20fbd72d3b5_pyramid_tiles_files_16_25_29.pt,1,train
GigaPath_embeddings_LBC_train/1/cb17d14a-587d-45e7-9da8-7fc29c867d68_pyramid_tiles_files_17_14_18.pt,1,train
GigaPath_embeddings_LBC_train/1/e4f9d4ac-0e18-426c-920a-56da5042a2b6_pyramid_tiles_files_16_22_28.pt,1,train
GigaPath_embeddings_LBC_train/1/25ef0e93-9216-4b33-af45-158bf3cef8ee_pyramid_tiles_files_17_23_73.pt,1,train
GigaPath_embeddings_LBC_train/1/fb34db15-00ea-425c-89e7-8f6bf844e9e8_pyramid_tiles_files_16_23_28.pt,1,train
GigaPath_embeddings_LBC_train/1/1de50383-a38d-4e77-8672-3cae59401c9e_pyramid_tiles_files_17_22_73.pt,1,train
GigaPath_embeddings_LBC_train/1/b5f02412-10be-4039-99db-d0fde541487a_pyramid_tiles_files_17_24_73.pt,1,train
GigaPath_embeddings_LBC_train/1/40490219-ecc2-40c6-bd90-10f007f8f579_pyramid_tiles_files_17_23_73.pt,1,train
GigaPath_embeddings_LBC_train/1/848883dc-0a70-410a-b42c-42818e6bce8a_pyramid_tiles_files_16_21_29.pt,1,train
GigaPath_embeddings_LBC_train/1/ba1eb208-7671-4d89-b931-9438a6c52423_pyramid_tiles_files_17_17_40.pt,1,train
GigaPath_embeddings_LBC_train/1/2f9ace47-773d-432b-95c0-4c79d09ca789_pyramid_tiles_files_17_14_18.pt,1,train
GigaPath_embeddings_LBC_train/1/e84495a2-0920-47f9-95a9-f22b38b127ce_pyramid_tiles_files_16_21_29.pt,1,train
GigaPath_embeddings_LBC_train/1/99658cf5-d1dc-4436-ac7c-24f303817fb0_pyramid_tiles_files_16_24_27.pt,1,train
GigaPath_embeddings_LBC_train/1/4ca4cdf5-ff38-4a76-8a6d-b63e824f6685_pyramid_tiles_files_16_18_19.pt,1,train
GigaPath_embeddings_LBC_train/1/42d0b3fd-f8a3-46b8-9661-e9a432105fcd_pyramid_tiles_files_17_24_73.pt,1,train
GigaPath_embeddings_LBC_train/1/0809f883-07ae-4ef2-8963-32424d1b2310_pyramid_tiles_files_16_18_31.pt,1,train
GigaPath_embeddings_LBC_train/1/d14ee81b-590d-49f1-b9c1-f25c022331b9_pyramid_tiles_files_16_25_29.pt,1,train
GigaPath_embeddings_LBC_train/1/10003085-3ef2-4f6d-b4d2-0446990fe5f3_pyramid_tiles_files_16_21_28.pt,1,train
GigaPath_embeddings_LBC_train/1/eeace26f-0d61-42b0-8a7e-38cc2f0bd7e5_pyramid_tiles_files_16_16_19.pt,1,train
GigaPath_embeddings_LBC_train/1/c111e4b1-718a-4334-9d6e-d2394615b1d5_pyramid_tiles_files_17_18_41.pt,1,train
GigaPath_embeddings_LBC_train/1/e38679b5-dfb1-4d9b-9cd1-51d23497d166_pyramid_tiles_files_16_25_28.pt,1,train
GigaPath_embeddings_LBC_train/1/e4297377-db96-43c0-981f-bb482a083296_pyramid_tiles_files_17_22_73.pt,1,train
GigaPath_embeddings_LBC_train/1/f9e2d87e-82ee-4e66-a710-97cf70cdb392_pyramid_tiles_files_16_24_28.pt,1,train
GigaPath_embeddings_LBC_train/1/9fac65c4-3967-4e89-8188-01be7914423b_pyramid_tiles_files_16_25_28.pt,1,train
GigaPath_embeddings_LBC_train/1/ed470fa7-2231-4856-bbdb-9c45ada10876_pyramid_tiles_files_16_24_29.pt,1,train
GigaPath_embeddings_LBC_train/1/88fa9c4b-c50b-46b6-8f70-3cb245539b47_pyramid_tiles_files_16_21_29.pt,1,train
GigaPath_embeddings_LBC_train/1/2b77e2fa-983e-4050-ab0f-5179f73a394e_pyramid_tiles_files_16_24_29.pt,1,train
GigaPath_embeddings_LBC_train/1/d5e5cbb6-7fcb-47e0-871f-7d31770b7acc_pyramid_tiles_files_16_23_28.pt,1,train
GigaPath_embeddings_LBC_train/1/1900bdd5-ff4b-47e3-8384-0c7aa7b67c96_pyramid_tiles_files_16_25_29.pt,1,train
GigaPath_embeddings_LBC_train/1/2e2cf6c2-259d-4579-9fd6-5e463f70329d_pyramid_tiles_files_17_22_72.pt,1,train
GigaPath_embeddings_LBC_train/1/24c8b882-f5c3-44c8-850a-4d8efa534536_pyramid_tiles_files_16_24_27.pt,1,train
GigaPath_embeddings_LBC_train/1/d7165445-b5e9-4b9e-844c-84e4e10e76b8_pyramid_tiles_files_16_21_28.pt,1,train
GigaPath_embeddings_LBC_train/1/fc9cbd08-d93b-4d8d-8b07-fa43079c9d4f_pyramid_tiles_files_17_14_18.pt,1,train
GigaPath_embeddings_LBC_train/1/e4297377-db96-43c0-981f-bb482a083296_pyramid_tiles_files_17_24_73.pt,1,train
GigaPath_embeddings_LBC_train/1/34ba83db-88de-4125-8d7e-fc129b494468_pyramid_tiles_files_16_23_29.pt,1,train
GigaPath_embeddings_LBC_train/1/2675f262-0e7c-483d-971e-00500ac47587_pyramid_tiles_files_16_18_30.pt,1,train
GigaPath_embeddings_LBC_train/1/103910a7-ef17-49d6-b722-31806bc8c3a5_pyramid_tiles_files_16_18_30.pt,1,train
GigaPath_embeddings_LBC_train/1/df5e8063-ae40-4800-9387-61920bf91339_pyramid_tiles_files_16_18_20.pt,1,train
GigaPath_embeddings_LBC_train/1/f014b792-5610-425a-9902-a1bb52d60996_pyramid_tiles_files_17_14_18.pt,1,train
GigaPath_embeddings_LBC_train/1/2154bc6d-2b7b-4c63-ba32-d877a60f2cff_pyramid_tiles_files_16_24_27.pt,1,train
GigaPath_embeddings_LBC_train/1/68b65586-1dd1-4c9e-9287-324e0907ce17_pyramid_tiles_files_16_18_31.pt,1,train
GigaPath_embeddings_LBC_train/1/d78bfaab-dd1d-48d2-a839-ff33e9041001_pyramid_tiles_files_16_18_31.pt,1,train
GigaPath_embeddings_LBC_train/1/d7165445-b5e9-4b9e-844c-84e4e10e76b8_pyramid_tiles_files_16_21_29.pt,1,train
GigaPath_embeddings_LBC_train/1/7a711946-6d6d-4089-84cc-fa4cac2dca59_pyramid_tiles_files_16_18_30.pt,1,train
GigaPath_embeddings_LBC_train/1/25ef0e93-9216-4b33-af45-158bf3cef8ee_pyramid_tiles_files_17_18_40.pt,1,train
GigaPath_embeddings_LBC_train/1/e91eb178-776c-4b3a-b589-36a0e68408ce_pyramid_tiles_files_16_25_28.pt,1,train
GigaPath_embeddings_LBC_train/1/34ba83db-88de-4125-8d7e-fc129b494468_pyramid_tiles_files_16_17_19.pt,1,train
GigaPath_embeddings_LBC_train/1/a422fe88-c84c-4c11-998c-29ec63c8cc3b_pyramid_tiles_files_17_14_18.pt,1,train
GigaPath_embeddings_LBC_train/1/f4198852-0424-4491-953a-d3301aaa0524_pyramid_tiles_files_17_23_73.pt,1,train
GigaPath_embeddings_LBC_train/1/6863a74b-12b6-41e5-8beb-60b571303b26_pyramid_tiles_files_17_23_73.pt,1,train
GigaPath_embeddings_LBC_train/1/d8e98d99-2dd8-4f57-b442-3218a7acf30a_pyramid_tiles_files_16_18_19.pt,1,train
GigaPath_embeddings_LBC_train/1/cfa1a36d-1290-4546-8c41-a23a9c66188d_pyramid_tiles_files_16_22_28.pt,1,train
GigaPath_embeddings_LBC_train/1/7f084246-fcef-4879-82dd-17c18cc3481b_pyramid_tiles_files_16_16_20.pt,1,train
GigaPath_embeddings_LBC_train/1/fc9cbd08-d93b-4d8d-8b07-fa43079c9d4f_pyramid_tiles_files_17_14_19.pt,1,train
GigaPath_embeddings_LBC_train/1/860e3689-9c98-41b1-a40c-82ecedb84773_pyramid_tiles_files_17_18_41.pt,1,train
GigaPath_embeddings_LBC_train/1/d0b24e86-0df9-4e80-9802-77f3f8a44a4e_pyramid_tiles_files_16_19_30.pt,1,train
GigaPath_embeddings_LBC_train/1/9c22e271-a48a-45a0-8682-b151a03d336a_pyramid_tiles_files_17_15_19.pt,1,train
GigaPath_embeddings_LBC_train/1/7cdd2e59-f92b-4294-a70d-7e53dec8f70d_pyramid_tiles_files_17_24_72.pt,1,train
GigaPath_embeddings_LBC_train/1/136b3bf2-df89-437f-a3cd-280cb031e550_pyramid_tiles_files_17_24_73.pt,1,train
GigaPath_embeddings_LBC_train/1/a162a4e4-226c-41cb-b60b-475042441e74_pyramid_tiles_files_16_23_29.pt,1,train
GigaPath_embeddings_LBC_train/1/a6a6a107-4162-4090-90ff-d4521738c55e_pyramid_tiles_files_16_17_20.pt,1,train
GigaPath_embeddings_LBC_train/1/9832fea5-5b1a-41d2-9319-e953a420307d_pyramid_tiles_files_16_24_29.pt,1,train
GigaPath_embeddings_LBC_train/1/24c8b882-f5c3-44c8-850a-4d8efa534536_pyramid_tiles_files_16_25_28.pt,1,train
GigaPath_embeddings_LBC_train/1/88fa9c4b-c50b-46b6-8f70-3cb245539b47_pyramid_tiles_files_16_24_27.pt,1,train
GigaPath_embeddings_LBC_train/1/8f61c5c1-e549-489c-b24f-bb3906df8b40_pyramid_tiles_files_16_22_28.pt,1,train
GigaPath_embeddings_LBC_train/1/daea7c93-5f94-4fa6-b95d-ec43c7bf721d_pyramid_tiles_files_17_23_73.pt,1,train
GigaPath_embeddings_LBC_train/1/6f1af507-f025-4d67-9b07-ff9b2e562a67_pyramid_tiles_files_16_18_19.pt,1,train
GigaPath_embeddings_LBC_train/1/cfa1a36d-1290-4546-8c41-a23a9c66188d_pyramid_tiles_files_16_18_19.pt,1,train
GigaPath_embeddings_LBC_train/1/1f648a7a-3d12-4d96-a35d-8328e2c2c766_pyramid_tiles_files_17_15_18.pt,1,train
GigaPath_embeddings_LBC_train/1/a7129833-faa2-4c97-826d-e43b75b7cb05_pyramid_tiles_files_16_21_28.pt,1,train
GigaPath_embeddings_LBC_train/1/ee421114-146a-4aee-beaf-c14dae8a13a4_pyramid_tiles_files_16_23_29.pt,1,train
GigaPath_embeddings_LBC_train/1/0aaa3037-e4d2-4bb5-9f20-bda58da5c3fe_pyramid_tiles_files_17_17_41.pt,1,train
GigaPath_embeddings_LBC_train/1/05f7516a-c717-491e-b5f2-b611c3789fa3_pyramid_tiles_files_16_17_20.pt,1,train
GigaPath_embeddings_LBC_train/1/1b577487-07bc-477e-8f84-d6700010a240_pyramid_tiles_files_17_15_18.pt,1,train
GigaPath_embeddings_LBC_train/1/d750d161-f794-40ee-90a4-c79c85733209_pyramid_tiles_files_17_15_19.pt,1,train
GigaPath_embeddings_LBC_train/1/88c29805-3f26-47c7-a33a-cf45d5ee6dc3_pyramid_tiles_files_16_17_19.pt,1,train
GigaPath_embeddings_LBC_train/1/41295260-4748-4a7d-9689-d22f4d1bf6c1_pyramid_tiles_files_16_18_19.pt,1,train
GigaPath_embeddings_LBC_train/1/2154bc6d-2b7b-4c63-ba32-d877a60f2cff_pyramid_tiles_files_16_18_31.pt,1,train
GigaPath_embeddings_LBC_train/1/15d579c8-fab5-414e-8293-453d8f51c4c8_pyramid_tiles_files_17_22_73.pt,1,train
GigaPath_embeddings_LBC_train/1/9832fea5-5b1a-41d2-9319-e953a420307d_pyramid_tiles_files_16_17_20.pt,1,train
GigaPath_embeddings_LBC_train/1/ee421114-146a-4aee-beaf-c14dae8a13a4_pyramid_tiles_files_16_25_28.pt,1,train
GigaPath_embeddings_LBC_train/1/39551161-80cc-47c6-9219-cb30f7cb3283_pyramid_tiles_files_16_21_28.pt,1,train
GigaPath_embeddings_LBC_train/1/41295260-4748-4a7d-9689-d22f4d1bf6c1_pyramid_tiles_files_16_23_29.pt,1,train
GigaPath_embeddings_LBC_train/1/88fa9c4b-c50b-46b6-8f70-3cb245539b47_pyramid_tiles_files_16_16_19.pt,1,train
GigaPath_embeddings_LBC_train/1/9e3412ec-231c-40a8-8c17-e358744efb5a_pyramid_tiles_files_16_23_28.pt,1,train
GigaPath_embeddings_LBC_train/1/4c84cdfb-d548-4bf1-9598-98c0a3d934e1_pyramid_tiles_files_17_23_73.pt,1,train
GigaPath_embeddings_LBC_train/1/f38d2bb8-7326-47e7-a2b4-17154c5f2c0c_pyramid_tiles_files_16_16_19.pt,1,train
GigaPath_embeddings_LBC_train/1/a6cbace4-4145-454d-bea2-a9043abe08d8_pyramid_tiles_files_17_15_19.pt,1,train
GigaPath_embeddings_LBC_train/1/6f1af507-f025-4d67-9b07-ff9b2e562a67_pyramid_tiles_files_16_22_29.pt,1,train
GigaPath_embeddings_LBC_train/1/1a491f9b-142c-45d3-813a-98c82ebad222_pyramid_tiles_files_17_18_40.pt,1,train
GigaPath_embeddings_LBC_train/1/9489edbc-93c6-4165-97a7-5b51cef27c90_pyramid_tiles_files_17_18_41.pt,1,train
GigaPath_embeddings_LBC_train/1/f69d24a9-c04a-42d2-a9d5-c226f35f7dc6_pyramid_tiles_files_17_17_41.pt,1,train
GigaPath_embeddings_LBC_train/1/a6a6a107-4162-4090-90ff-d4521738c55e_pyramid_tiles_files_16_22_28.pt,1,train
GigaPath_embeddings_LBC_train/1/9832fea5-5b1a-41d2-9319-e953a420307d_pyramid_tiles_files_16_24_28.pt,1,train
GigaPath_embeddings_LBC_train/1/9e3412ec-231c-40a8-8c17-e358744efb5a_pyramid_tiles_files_16_21_28.pt,1,train
GigaPath_embeddings_LBC_train/1/9218d0a5-c718-45cc-9612-23b0ac040e3e_pyramid_tiles_files_17_22_73.pt,1,train
GigaPath_embeddings_LBC_train/1/b34b3227-38a8-47fe-8920-18c280edcff6_pyramid_tiles_files_16_22_28.pt,1,train
GigaPath_embeddings_LBC_train/1/4d43ca02-898e-471a-89ff-38e030d7d3f8_pyramid_tiles_files_16_23_29.pt,1,train
GigaPath_embeddings_LBC_train/1/7dcf5c3f-c90d-4884-97a6-2a341140819f_pyramid_tiles_files_17_22_73.pt,1,train
GigaPath_embeddings_LBC_train/1/10003085-3ef2-4f6d-b4d2-0446990fe5f3_pyramid_tiles_files_16_17_19.pt,1,train
GigaPath_embeddings_LBC_train/1/ed470fa7-2231-4856-bbdb-9c45ada10876_pyramid_tiles_files_16_24_28.pt,1,train
GigaPath_embeddings_LBC_train/1/860e3689-9c98-41b1-a40c-82ecedb84773_pyramid_tiles_files_17_14_19.pt,1,train
GigaPath_embeddings_LBC_train/1/0809f883-07ae-4ef2-8963-32424d1b2310_pyramid_tiles_files_16_16_20.pt,1,train
GigaPath_embeddings_LBC_train/1/e4490c8a-c816-48d4-acfb-690e781a304a_pyramid_tiles_files_16_24_27.pt,1,train
GigaPath_embeddings_LBC_train/1/a7129833-faa2-4c97-826d-e43b75b7cb05_pyramid_tiles_files_16_18_20.pt,1,train
GigaPath_embeddings_LBC_train/1/9fac65c4-3967-4e89-8188-01be7914423b_pyramid_tiles_files_16_16_19.pt,1,train
GigaPath_embeddings_LBC_train/1/3f15feb9-c91a-40ce-a257-3d25dfab60d8_pyramid_tiles_files_16_18_20.pt,1,train
GigaPath_embeddings_LBC_train/1/6863a74b-12b6-41e5-8beb-60b571303b26_pyramid_tiles_files_17_17_40.pt,1,train
GigaPath_embeddings_LBC_train/1/ec591c22-e5c9-426f-928f-2a4910f26cfe_pyramid_tiles_files_16_19_31.pt,1,train
GigaPath_embeddings_LBC_train/1/4e16344b-da3a-4d92-819c-19c4cecff67b_pyramid_tiles_files_17_24_73.pt,1,train
GigaPath_embeddings_LBC_train/1/e84495a2-0920-47f9-95a9-f22b38b127ce_pyramid_tiles_files_16_17_19.pt,1,train
GigaPath_embeddings_LBC_train/1/ead8e571-832f-48cf-ac10-dbf23a23e118_pyramid_tiles_files_16_22_29.pt,1,train
GigaPath_embeddings_LBC_train/1/cb17d14a-587d-45e7-9da8-7fc29c867d68_pyramid_tiles_files_17_22_73.pt,1,train
GigaPath_embeddings_LBC_train/1/e0ee1714-9f42-4c7e-9c29-6b808c24073f_pyramid_tiles_files_16_22_29.pt,1,train
GigaPath_embeddings_LBC_train/1/ec7e06ff-bd57-4558-9c73-41bfe0e295ba_pyramid_tiles_files_17_14_19.pt,1,train
GigaPath_embeddings_LBC_train/1/537e700c-bb74-41c6-a61e-cbff213e450d_pyramid_tiles_files_16_22_28.pt,1,train
GigaPath_embeddings_LBC_train/1/b34b3227-38a8-47fe-8920-18c280edcff6_pyramid_tiles_files_16_23_28.pt,1,train
GigaPath_embeddings_LBC_train/1/c111e4b1-718a-4334-9d6e-d2394615b1d5_pyramid_tiles_files_17_14_19.pt,1,train
GigaPath_embeddings_LBC_train/1/9832fea5-5b1a-41d2-9319-e953a420307d_pyramid_tiles_files_16_16_20.pt,1,train
GigaPath_embeddings_LBC_train/1/910ae3a4-0161-408b-bc72-41e06bd37102_pyramid_tiles_files_16_21_28.pt,1,train
GigaPath_embeddings_LBC_train/1/8f61c5c1-e549-489c-b24f-bb3906df8b40_pyramid_tiles_files_16_18_31.pt,1,train
GigaPath_embeddings_LBC_train/1/1900bdd5-ff4b-47e3-8384-0c7aa7b67c96_pyramid_tiles_files_16_18_31.pt,1,train
GigaPath_embeddings_LBC_train/1/c96df772-ba66-4d32-8de8-134fa7427d0c_pyramid_tiles_files_17_15_19.pt,1,train
GigaPath_embeddings_LBC_train/1/a7129833-faa2-4c97-826d-e43b75b7cb05_pyramid_tiles_files_16_17_20.pt,1,train
GigaPath_embeddings_LBC_train/1/f845a584-75e9-4272-b88a-3ab2ae175011_pyramid_tiles_files_16_18_31.pt,1,train
GigaPath_embeddings_LBC_train/1/9218d0a5-c718-45cc-9612-23b0ac040e3e_pyramid_tiles_files_17_24_72.pt,1,train
GigaPath_embeddings_LBC_train/1/df5e8063-ae40-4800-9387-61920bf91339_pyramid_tiles_files_16_17_19.pt,1,train
GigaPath_embeddings_LBC_train/1/82e90f71-8f5b-49f4-b5e0-fed220549a6d_pyramid_tiles_files_17_18_40.pt,1,train
GigaPath_embeddings_LBC_train/1/3f15feb9-c91a-40ce-a257-3d25dfab60d8_pyramid_tiles_files_16_24_28.pt,1,train
GigaPath_embeddings_LBC_train/1/2edb0236-8fca-4fab-a0e9-300304e2a20a_pyramid_tiles_files_17_24_73.pt,1,train
GigaPath_embeddings_LBC_train/1/ead8e571-832f-48cf-ac10-dbf23a23e118_pyramid_tiles_files_16_18_20.pt,1,train
GigaPath_embeddings_LBC_train/1/a162a4e4-226c-41cb-b60b-475042441e74_pyramid_tiles_files_16_21_29.pt,1,train
GigaPath_embeddings_LBC_train/1/41295260-4748-4a7d-9689-d22f4d1bf6c1_pyramid_tiles_files_16_18_31.pt,1,train
GigaPath_embeddings_LBC_train/1/e12c0ba4-b9b6-4f55-977d-42841e89f0e1_pyramid_tiles_files_17_23_72.pt,1,train
GigaPath_embeddings_LBC_train/1/e84495a2-0920-47f9-95a9-f22b38b127ce_pyramid_tiles_files_16_16_20.pt,1,train
GigaPath_embeddings_LBC_train/1/a88839a2-827d-4c30-85d3-1eebce71509a_pyramid_tiles_files_16_18_30.pt,1,train
GigaPath_embeddings_LBC_train/1/4f41714c-6744-4d4a-bc8a-2084292747af_pyramid_tiles_files_17_18_41.pt,1,train
GigaPath_embeddings_LBC_train/1/848883dc-0a70-410a-b42c-42818e6bce8a_pyramid_tiles_files_16_18_19.pt,1,train
GigaPath_embeddings_LBC_train/1/33851c15-9a41-450a-bff1-d906c9acf6f3_pyramid_tiles_files_16_24_27.pt,1,train
GigaPath_embeddings_LBC_train/1/971a85a8-c488-4a63-a524-48dc9cc05cb6_pyramid_tiles_files_17_22_72.pt,1,train
GigaPath_embeddings_LBC_train/1/c99b0491-5d02-4e58-90c0-67838b0b2500_pyramid_tiles_files_16_17_30.pt,1,train
GigaPath_embeddings_LBC_train/1/d5e5cbb6-7fcb-47e0-871f-7d31770b7acc_pyramid_tiles_files_16_24_27.pt,1,train
GigaPath_embeddings_LBC_train/1/d2270a1f-26d5-424e-a6ac-6d9adb355bc7_pyramid_tiles_files_17_18_40.pt,1,train
GigaPath_embeddings_LBC_train/1/8622536e-861a-4e45-8c03-1337f35267fb_pyramid_tiles_files_16_25_27.pt,1,train
GigaPath_embeddings_LBC_train/1/40200b8c-392e-4a30-a27d-935cb7e5c95c_pyramid_tiles_files_17_22_73.pt,1,train
GigaPath_embeddings_LBC_train/1/b71e073f-25c7-43e2-9e4a-7809d0613d87_pyramid_tiles_files_16_25_29.pt,1,train
GigaPath_embeddings_LBC_train/1/0809f883-07ae-4ef2-8963-32424d1b2310_pyramid_tiles_files_16_17_30.pt,1,train
GigaPath_embeddings_LBC_train/1/eed8a45e-5400-44f3-bec9-acad9bffabe6_pyramid_tiles_files_16_17_20.pt,1,train
GigaPath_embeddings_LBC_train/1/07e430fa-9641-4821-a635-6d4e3f8f1cc8_pyramid_tiles_files_16_24_28.pt,1,train
GigaPath_embeddings_LBC_train/1/f53d7c4b-bc70-4adc-88ff-a136722e0ef0_pyramid_tiles_files_16_19_30.pt,1,train
GigaPath_embeddings_LBC_train/1/4c84cdfb-d548-4bf1-9598-98c0a3d934e1_pyramid_tiles_files_17_14_18.pt,1,train
GigaPath_embeddings_LBC_train/1/136b3bf2-df89-437f-a3cd-280cb031e550_pyramid_tiles_files_17_17_40.pt,1,train
GigaPath_embeddings_LBC_train/1/e1ee6327-4383-4db7-859d-c209fda7a7d0_pyramid_tiles_files_17_22_72.pt,1,train
GigaPath_embeddings_LBC_train/1/cf67a244-b7e8-46cf-81e4-fd444b2ccbc0_pyramid_tiles_files_17_18_41.pt,1,train
GigaPath_embeddings_LBC_train/1/b3370ef8-cc53-43e1-a77d-36fb77932b0f_pyramid_tiles_files_16_17_19.pt,1,train
GigaPath_embeddings_LBC_train/1/34ba83db-88de-4125-8d7e-fc129b494468_pyramid_tiles_files_16_17_31.pt,1,train
GigaPath_embeddings_LBC_train/1/91227689-c1bd-4afa-8cbe-1149576083db_pyramid_tiles_files_17_24_72.pt,1,train
GigaPath_embeddings_LBC_train/1/e154f668-55ba-46ed-8bbc-91218f1b9841_pyramid_tiles_files_17_17_41.pt,1,train
GigaPath_embeddings_LBC_train/1/d0b24e86-0df9-4e80-9802-77f3f8a44a4e_pyramid_tiles_files_16_24_29.pt,1,train
GigaPath_embeddings_LBC_train/1/7a711946-6d6d-4089-84cc-fa4cac2dca59_pyramid_tiles_files_16_24_29.pt,1,train
GigaPath_embeddings_LBC_train/1/438ea06e-54ae-4f07-98fc-b849cd1edc72_pyramid_tiles_files_17_24_73.pt,1,train
GigaPath_embeddings_LBC_train/1/ed470fa7-2231-4856-bbdb-9c45ada10876_pyramid_tiles_files_16_25_28.pt,1,train
GigaPath_embeddings_LBC_train/1/05f7516a-c717-491e-b5f2-b611c3789fa3_pyramid_tiles_files_16_19_31.pt,1,train
GigaPath_embeddings_LBC_train/1/7cdd2e59-f92b-4294-a70d-7e53dec8f70d_pyramid_tiles_files_17_23_72.pt,1,train
GigaPath_embeddings_LBC_train/1/d14ee81b-590d-49f1-b9c1-f25c022331b9_pyramid_tiles_files_16_16_20.pt,1,train
GigaPath_embeddings_LBC_train/1/2edb0236-8fca-4fab-a0e9-300304e2a20a_pyramid_tiles_files_17_24_72.pt,1,train
GigaPath_embeddings_LBC_train/1/b71e073f-25c7-43e2-9e4a-7809d0613d87_pyramid_tiles_files_16_21_28.pt,1,train
GigaPath_embeddings_LBC_train/1/2ae84759-5488-420a-b67a-2794e594e102_pyramid_tiles_files_16_22_29.pt,1,train
GigaPath_embeddings_LBC_train/1/4c84cdfb-d548-4bf1-9598-98c0a3d934e1_pyramid_tiles_files_17_14_19.pt,1,train
GigaPath_embeddings_LBC_train/1/2e2cf6c2-259d-4579-9fd6-5e463f70329d_pyramid_tiles_files_17_14_18.pt,1,train
GigaPath_embeddings_LBC_train/1/ed470fa7-2231-4856-bbdb-9c45ada10876_pyramid_tiles_files_16_23_28.pt,1,train
GigaPath_embeddings_LBC_train/1/dd2f13fc-3d5f-40e0-8d49-cc94b041616c_pyramid_tiles_files_16_18_20.pt,1,train
GigaPath_embeddings_LBC_train/1/c6396b76-347c-4c7e-83b6-f23bc75f38fb_pyramid_tiles_files_17_15_19.pt,1,train
GigaPath_embeddings_LBC_train/1/3f15feb9-c91a-40ce-a257-3d25dfab60d8_pyramid_tiles_files_16_21_29.pt,1,train
GigaPath_embeddings_LBC_train/1/7adcd0ef-cbca-4984-aff5-724af95463a4_pyramid_tiles_files_16_19_31.pt,1,train
GigaPath_embeddings_LBC_train/1/537e700c-bb74-41c6-a61e-cbff213e450d_pyramid_tiles_files_16_18_19.pt,1,train
GigaPath_embeddings_LBC_train/1/25ef0e93-9216-4b33-af45-158bf3cef8ee_pyramid_tiles_files_17_24_72.pt,1,train
GigaPath_embeddings_LBC_train/1/ba1eb208-7671-4d89-b931-9438a6c52423_pyramid_tiles_files_17_18_40.pt,1,train
GigaPath_embeddings_LBC_train/1/ead8e571-832f-48cf-ac10-dbf23a23e118_pyramid_tiles_files_16_17_19.pt,1,train
GigaPath_embeddings_LBC_train/1/99658cf5-d1dc-4436-ac7c-24f303817fb0_pyramid_tiles_files_16_21_28.pt,1,train
GigaPath_embeddings_LBC_train/1/3908d14b-0319-46ce-9d7c-d9f484d4e6c5_pyramid_tiles_files_16_17_19.pt,1,train
GigaPath_embeddings_LBC_train/1/2f9ace47-773d-432b-95c0-4c79d09ca789_pyramid_tiles_files_17_24_73.pt,1,train
GigaPath_embeddings_LBC_train/1/2bb9b118-1d4c-468f-ba3d-1240e98da375_pyramid_tiles_files_17_24_73.pt,1,train
GigaPath_embeddings_LBC_train/1/82e90f71-8f5b-49f4-b5e0-fed220549a6d_pyramid_tiles_files_17_18_41.pt,1,train
GigaPath_embeddings_LBC_train/1/b34b3227-38a8-47fe-8920-18c280edcff6_pyramid_tiles_files_16_19_31.pt,1,train
GigaPath_embeddings_LBC_train/1/5a9c4ce1-e317-4782-9740-fea86e490f04_pyramid_tiles_files_16_22_28.pt,1,train
GigaPath_embeddings_LBC_train/1/770f5bc2-09e8-4f6f-80f2-7c32080268a6_pyramid_tiles_files_16_23_28.pt,1,train
GigaPath_embeddings_LBC_train/1/9fac65c4-3967-4e89-8188-01be7914423b_pyramid_tiles_files_16_23_29.pt,1,train
GigaPath_embeddings_LBC_train/1/15d579c8-fab5-414e-8293-453d8f51c4c8_pyramid_tiles_files_17_15_18.pt,1,train
GigaPath_embeddings_LBC_train/1/c111e4b1-718a-4334-9d6e-d2394615b1d5_pyramid_tiles_files_17_17_40.pt,1,train
GigaPath_embeddings_LBC_train/1/82df266a-7b42-4683-abfd-df06c24c0095_pyramid_tiles_files_17_22_72.pt,1,train
GigaPath_embeddings_LBC_train/1/7adcd0ef-cbca-4984-aff5-724af95463a4_pyramid_tiles_files_16_23_29.pt,1,train
GigaPath_embeddings_LBC_train/1/9489edbc-93c6-4165-97a7-5b51cef27c90_pyramid_tiles_files_17_24_73.pt,1,train
GigaPath_embeddings_LBC_train/1/3edcf025-1da1-4b54-aefd-54ca01f4f0eb_pyramid_tiles_files_17_22_72.pt,1,train
GigaPath_embeddings_LBC_train/1/88a9d8e1-7333-4408-801b-6b56b5efe148_pyramid_tiles_files_17_18_40.pt,1,train
GigaPath_embeddings_LBC_train/1/e38679b5-dfb1-4d9b-9cd1-51d23497d166_pyramid_tiles_files_16_21_28.pt,1,train
GigaPath_embeddings_LBC_train/1/c6396b76-347c-4c7e-83b6-f23bc75f38fb_pyramid_tiles_files_17_14_18.pt,1,train
GigaPath_embeddings_LBC_train/1/dd2bbc91-721e-4adb-99a2-23a9f68362ef_pyramid_tiles_files_16_17_31.pt,1,train
GigaPath_embeddings_LBC_train/1/df5e8063-ae40-4800-9387-61920bf91339_pyramid_tiles_files_16_24_27.pt,1,train
GigaPath_embeddings_LBC_train/1/eed8a45e-5400-44f3-bec9-acad9bffabe6_pyramid_tiles_files_16_19_31.pt,1,train
GigaPath_embeddings_LBC_train/1/ee421114-146a-4aee-beaf-c14dae8a13a4_pyramid_tiles_files_16_19_31.pt,1,train
GigaPath_embeddings_LBC_train/1/1b577487-07bc-477e-8f84-d6700010a240_pyramid_tiles_files_17_15_19.pt,1,train
GigaPath_embeddings_LBC_train/1/d14ee81b-590d-49f1-b9c1-f25c022331b9_pyramid_tiles_files_16_21_29.pt,1,train
GigaPath_embeddings_LBC_train/1/4d43ca02-898e-471a-89ff-38e030d7d3f8_pyramid_tiles_files_16_18_31.pt,1,train
GigaPath_embeddings_LBC_train/1/40200b8c-392e-4a30-a27d-935cb7e5c95c_pyramid_tiles_files_17_18_40.pt,1,train
GigaPath_embeddings_LBC_train/1/9c22e271-a48a-45a0-8682-b151a03d336a_pyramid_tiles_files_17_18_41.pt,1,train
GigaPath_embeddings_LBC_train/1/1de50383-a38d-4e77-8672-3cae59401c9e_pyramid_tiles_files_17_24_72.pt,1,train
GigaPath_embeddings_LBC_train/1/5e11fd38-061e-465e-b3aa-6ce8e54632a3_pyramid_tiles_files_16_21_28.pt,1,train
GigaPath_embeddings_LBC_train/1/a38ab9be-f8f2-4144-bb92-ceab9f408c98_pyramid_tiles_files_17_22_72.pt,1,train
GigaPath_embeddings_LBC_train/1/82e90f71-8f5b-49f4-b5e0-fed220549a6d_pyramid_tiles_files_17_15_19.pt,1,train
GigaPath_embeddings_LBC_train/1/a88839a2-827d-4c30-85d3-1eebce71509a_pyramid_tiles_files_16_23_29.pt,1,train
GigaPath_embeddings_LBC_train/1/438ea06e-54ae-4f07-98fc-b849cd1edc72_pyramid_tiles_files_17_18_41.pt,1,train
GigaPath_embeddings_LBC_train/1/1fb96a41-129c-4275-b731-c359822ff033_pyramid_tiles_files_17_23_73.pt,1,train
GigaPath_embeddings_LBC_train/1/c4dfb15f-1b2a-470a-b9ef-613a13d7d505_pyramid_tiles_files_17_14_18.pt,1,train
GigaPath_embeddings_LBC_train/1/e55b9872-ce3b-4a05-a062-8297e68e1f6e_pyramid_tiles_files_16_17_31.pt,1,train
GigaPath_embeddings_LBC_train/1/757bdca3-31ba-4a41-8837-436ae787b24e_pyramid_tiles_files_17_17_41.pt,1,train
GigaPath_embeddings_LBC_train/1/27ccee14-c8c3-471c-a467-861f3013896c_pyramid_tiles_files_17_23_72.pt,1,train
GigaPath_embeddings_LBC_train/1/49b7db50-8c64-4aed-aeec-f61e6432f3fd_pyramid_tiles_files_17_24_73.pt,1,train
GigaPath_embeddings_LBC_train/1/0c815d19-6b10-43b9-b403-e8bcd96c88c9_pyramid_tiles_files_16_23_28.pt,1,train
GigaPath_embeddings_LBC_train/1/c99b0491-5d02-4e58-90c0-67838b0b2500_pyramid_tiles_files_16_18_20.pt,1,train
GigaPath_embeddings_LBC_train/1/9fac65c4-3967-4e89-8188-01be7914423b_pyramid_tiles_files_16_19_31.pt,1,train
GigaPath_embeddings_LBC_train/1/910ae3a4-0161-408b-bc72-41e06bd37102_pyramid_tiles_files_16_21_29.pt,1,train
GigaPath_embeddings_LBC_train/1/cc7c724e-96c6-42c8-9835-1e0643592f70_pyramid_tiles_files_17_17_41.pt,1,train
GigaPath_embeddings_LBC_train/1/1900bdd5-ff4b-47e3-8384-0c7aa7b67c96_pyramid_tiles_files_16_25_28.pt,1,train
GigaPath_embeddings_LBC_train/1/7cdd2e59-f92b-4294-a70d-7e53dec8f70d_pyramid_tiles_files_17_22_73.pt,1,train
GigaPath_embeddings_LBC_train/1/9218d0a5-c718-45cc-9612-23b0ac040e3e_pyramid_tiles_files_17_18_40.pt,1,train
GigaPath_embeddings_LBC_train/1/fc9cbd08-d93b-4d8d-8b07-fa43079c9d4f_pyramid_tiles_files_17_22_73.pt,1,train
GigaPath_embeddings_LBC_train/1/3051d836-91a4-4aff-9bf2-7cf31904a2ea_pyramid_tiles_files_16_18_20.pt,1,train
GigaPath_embeddings_LBC_train/1/40200b8c-392e-4a30-a27d-935cb7e5c95c_pyramid_tiles_files_17_17_41.pt,1,train
GigaPath_embeddings_LBC_train/1/7b35cee2-c730-4045-a69b-18802e2b4c8e_pyramid_tiles_files_17_24_72.pt,1,train
GigaPath_embeddings_LBC_train/1/9e3412ec-231c-40a8-8c17-e358744efb5a_pyramid_tiles_files_16_16_20.pt,1,train
GigaPath_embeddings_LBC_train/1/d78bfaab-dd1d-48d2-a839-ff33e9041001_pyramid_tiles_files_16_24_28.pt,1,train
GigaPath_embeddings_LBC_train/1/88c29805-3f26-47c7-a33a-cf45d5ee6dc3_pyramid_tiles_files_16_25_29.pt,1,train
GigaPath_embeddings_LBC_train/1/6f1af507-f025-4d67-9b07-ff9b2e562a67_pyramid_tiles_files_16_18_20.pt,1,train
GigaPath_embeddings_LBC_train/1/b71e073f-25c7-43e2-9e4a-7809d0613d87_pyramid_tiles_files_16_17_20.pt,1,train
GigaPath_embeddings_LBC_train/1/420bbdfc-3126-41bb-989b-ef534ced41d6_pyramid_tiles_files_16_16_19.pt,1,train
GigaPath_embeddings_LBC_train/1/f38d2bb8-7326-47e7-a2b4-17154c5f2c0c_pyramid_tiles_files_16_18_31.pt,1,train
GigaPath_embeddings_LBC_train/1/7136f225-b00f-4314-8e03-bf7cc8c675f6_pyramid_tiles_files_16_25_27.pt,1,train
GigaPath_embeddings_LBC_train/1/05f7516a-c717-491e-b5f2-b611c3789fa3_pyramid_tiles_files_16_17_31.pt,1,train
GigaPath_embeddings_LBC_train/1/cfa1a36d-1290-4546-8c41-a23a9c66188d_pyramid_tiles_files_16_16_20.pt,1,train
GigaPath_embeddings_LBC_train/1/9c22e271-a48a-45a0-8682-b151a03d336a_pyramid_tiles_files_17_17_41.pt,1,train
GigaPath_embeddings_LBC_train/1/35529ea9-ab7d-4e67-9be2-7faddf0afbed_pyramid_tiles_files_16_18_19.pt,1,train
GigaPath_embeddings_LBC_train/1/0c815d19-6b10-43b9-b403-e8bcd96c88c9_pyramid_tiles_files_16_16_19.pt,1,train
GigaPath_embeddings_LBC_train/1/daea7c93-5f94-4fa6-b95d-ec43c7bf721d_pyramid_tiles_files_17_24_73.pt,1,train
GigaPath_embeddings_LBC_train/1/a422fe88-c84c-4c11-998c-29ec63c8cc3b_pyramid_tiles_files_17_15_19.pt,1,train
GigaPath_embeddings_LBC_train/1/34ba83db-88de-4125-8d7e-fc129b494468_pyramid_tiles_files_16_24_27.pt,1,train
GigaPath_embeddings_LBC_train/1/7136f225-b00f-4314-8e03-bf7cc8c675f6_pyramid_tiles_files_16_17_31.pt,1,train
GigaPath_embeddings_LBC_train/1/3f15feb9-c91a-40ce-a257-3d25dfab60d8_pyramid_tiles_files_16_24_27.pt,1,train
GigaPath_embeddings_LBC_train/1/215b875c-5819-41d9-857a-da2311a99480_pyramid_tiles_files_17_18_41.pt,1,train
GigaPath_embeddings_LBC_train/1/4f41714c-6744-4d4a-bc8a-2084292747af_pyramid_tiles_files_17_15_18.pt,1,train
GigaPath_embeddings_LBC_train/1/7136f225-b00f-4314-8e03-bf7cc8c675f6_pyramid_tiles_files_16_25_29.pt,1,train
GigaPath_embeddings_LBC_train/1/2edb0236-8fca-4fab-a0e9-300304e2a20a_pyramid_tiles_files_17_14_18.pt,1,train
GigaPath_embeddings_LBC_train/1/cb17d14a-587d-45e7-9da8-7fc29c867d68_pyramid_tiles_files_17_23_73.pt,1,train
GigaPath_embeddings_LBC_train/1/24c8b882-f5c3-44c8-850a-4d8efa534536_pyramid_tiles_files_16_21_28.pt,1,train
GigaPath_embeddings_LBC_train/1/c111e4b1-718a-4334-9d6e-d2394615b1d5_pyramid_tiles_files_17_22_72.pt,1,train
GigaPath_embeddings_LBC_train/1/d5e5cbb6-7fcb-47e0-871f-7d31770b7acc_pyramid_tiles_files_16_23_29.pt,1,train
GigaPath_embeddings_LBC_train/1/2675f262-0e7c-483d-971e-00500ac47587_pyramid_tiles_files_16_25_29.pt,1,train
GigaPath_embeddings_LBC_train/1/5e11fd38-061e-465e-b3aa-6ce8e54632a3_pyramid_tiles_files_16_25_29.pt,1,train
GigaPath_embeddings_LBC_train/1/0c815d19-6b10-43b9-b403-e8bcd96c88c9_pyramid_tiles_files_16_17_30.pt,1,train
GigaPath_embeddings_LBC_train/1/5a9c4ce1-e317-4782-9740-fea86e490f04_pyramid_tiles_files_16_18_20.pt,1,train
GigaPath_embeddings_LBC_train/1/88c29805-3f26-47c7-a33a-cf45d5ee6dc3_pyramid_tiles_files_16_17_31.pt,1,train
GigaPath_embeddings_LBC_train/1/40200b8c-392e-4a30-a27d-935cb7e5c95c_pyramid_tiles_files_17_18_41.pt,1,train
GigaPath_embeddings_LBC_train/1/5ebe19b1-612c-45d3-9add-3e9a1c06d880_pyramid_tiles_files_17_24_73.pt,1,train
GigaPath_embeddings_LBC_train/1/efbff1b0-e29a-4b52-9676-b20fbd72d3b5_pyramid_tiles_files_16_18_20.pt,1,train
GigaPath_embeddings_LBC_train/1/2b77e2fa-983e-4050-ab0f-5179f73a394e_pyramid_tiles_files_16_25_29.pt,1,train
GigaPath_embeddings_LBC_train/1/d282c089-5b1a-48ca-80c6-5cd67f281d5c_pyramid_tiles_files_17_17_40.pt,1,train
GigaPath_embeddings_LBC_train/1/252dbee6-7f3b-41fd-a63c-faf8e39aa257_pyramid_tiles_files_17_23_72.pt,1,train
GigaPath_embeddings_LBC_train/1/ee421114-146a-4aee-beaf-c14dae8a13a4_pyramid_tiles_files_16_24_29.pt,1,train
GigaPath_embeddings_LBC_train/1/9e3412ec-231c-40a8-8c17-e358744efb5a_pyramid_tiles_files_16_19_31.pt,1,train
GigaPath_embeddings_LBC_train/1/a88839a2-827d-4c30-85d3-1eebce71509a_pyramid_tiles_files_16_19_30.pt,1,train
GigaPath_embeddings_LBC_train/1/9832fea5-5b1a-41d2-9319-e953a420307d_pyramid_tiles_files_16_17_31.pt,1,train
GigaPath_embeddings_LBC_train/1/eed8a45e-5400-44f3-bec9-acad9bffabe6_pyramid_tiles_files_16_16_19.pt,1,train
GigaPath_embeddings_LBC_train/1/00c2a168-0bc9-4031-954f-d620d13a798e_pyramid_tiles_files_17_14_19.pt,1,train
GigaPath_embeddings_LBC_train/1/dd2bbc91-721e-4adb-99a2-23a9f68362ef_pyramid_tiles_files_16_21_29.pt,1,train
GigaPath_embeddings_LBC_train/1/d5e5cbb6-7fcb-47e0-871f-7d31770b7acc_pyramid_tiles_files_16_17_31.pt,1,train
GigaPath_embeddings_LBC_train/1/3a922671-4cfc-4650-8cc9-51db2c72c8d4_pyramid_tiles_files_16_25_29.pt,1,train
GigaPath_embeddings_LBC_train/1/bfda3d1a-59f1-447b-b964-0774d6564648_pyramid_tiles_files_16_17_30.pt,1,train
GigaPath_embeddings_LBC_train/1/f4198852-0424-4491-953a-d3301aaa0524_pyramid_tiles_files_17_15_19.pt,1,train
GigaPath_embeddings_LBC_train/1/a1d1235e-32f4-49da-b297-9b4cfd582499_pyramid_tiles_files_17_14_19.pt,1,train
GigaPath_embeddings_LBC_train/1/1900bdd5-ff4b-47e3-8384-0c7aa7b67c96_pyramid_tiles_files_16_16_19.pt,1,train
GigaPath_embeddings_LBC_train/1/4ca4cdf5-ff38-4a76-8a6d-b63e824f6685_pyramid_tiles_files_16_24_29.pt,1,train
GigaPath_embeddings_LBC_train/1/a4047681-fe6c-4db0-8e38-c66ca50d77f7_pyramid_tiles_files_17_22_72.pt,1,train
GigaPath_embeddings_LBC_train/1/f21c730f-c4c5-4db2-843c-5bc29f2cc708_pyramid_tiles_files_17_18_40.pt,1,train
GigaPath_embeddings_LBC_train/1/b71e073f-25c7-43e2-9e4a-7809d0613d87_pyramid_tiles_files_16_21_29.pt,1,train
GigaPath_embeddings_LBC_train/1/daea7c93-5f94-4fa6-b95d-ec43c7bf721d_pyramid_tiles_files_17_24_72.pt,1,train
GigaPath_embeddings_LBC_train/1/f21c730f-c4c5-4db2-843c-5bc29f2cc708_pyramid_tiles_files_17_24_72.pt,1,train
GigaPath_embeddings_LBC_train/1/e38679b5-dfb1-4d9b-9cd1-51d23497d166_pyramid_tiles_files_16_18_19.pt,1,train
GigaPath_embeddings_LBC_train/1/99658cf5-d1dc-4436-ac7c-24f303817fb0_pyramid_tiles_files_16_19_31.pt,1,train
GigaPath_embeddings_LBC_train/1/d78bfaab-dd1d-48d2-a839-ff33e9041001_pyramid_tiles_files_16_17_20.pt,1,train
GigaPath_embeddings_LBC_train/1/860e3689-9c98-41b1-a40c-82ecedb84773_pyramid_tiles_files_17_17_41.pt,1,train
GigaPath_embeddings_LBC_train/1/e4f9d4ac-0e18-426c-920a-56da5042a2b6_pyramid_tiles_files_16_18_31.pt,1,train
GigaPath_embeddings_LBC_train/1/25ef0e93-9216-4b33-af45-158bf3cef8ee_pyramid_tiles_files_17_14_18.pt,1,train
GigaPath_embeddings_LBC_train/1/a4047681-fe6c-4db0-8e38-c66ca50d77f7_pyramid_tiles_files_17_18_40.pt,1,train
GigaPath_embeddings_LBC_train/1/7cdd2e59-f92b-4294-a70d-7e53dec8f70d_pyramid_tiles_files_17_17_40.pt,1,train
GigaPath_embeddings_LBC_train/1/c99b0491-5d02-4e58-90c0-67838b0b2500_pyramid_tiles_files_16_21_29.pt,1,train
GigaPath_embeddings_LBC_train/1/f8cdd598-f195-4e7f-9140-9230a7341e8d_pyramid_tiles_files_16_17_30.pt,1,train
GigaPath_embeddings_LBC_train/1/2675f262-0e7c-483d-971e-00500ac47587_pyramid_tiles_files_16_18_20.pt,1,train
GigaPath_embeddings_LBC_train/1/1f9396eb-107b-4eb2-a434-c7cb66eaa071_pyramid_tiles_files_16_23_28.pt,1,train
GigaPath_embeddings_LBC_train/1/e91eb178-776c-4b3a-b589-36a0e68408ce_pyramid_tiles_files_16_24_27.pt,1,train
GigaPath_embeddings_LBC_train/1/667596ff-485c-41f9-ac32-9f91f8cc66c0_pyramid_tiles_files_17_17_41.pt,1,train
GigaPath_embeddings_LBC_train/1/2b77e2fa-983e-4050-ab0f-5179f73a394e_pyramid_tiles_files_16_16_19.pt,1,train
GigaPath_embeddings_LBC_train/1/df4a0635-dc3f-4ccb-a2d9-0f89a4692a93_pyramid_tiles_files_16_24_27.pt,1,train
GigaPath_embeddings_LBC_train/1/d78bfaab-dd1d-48d2-a839-ff33e9041001_pyramid_tiles_files_16_18_20.pt,1,train
GigaPath_embeddings_LBC_train/1/6f1af507-f025-4d67-9b07-ff9b2e562a67_pyramid_tiles_files_16_21_28.pt,1,train
GigaPath_embeddings_LBC_train/1/d2270a1f-26d5-424e-a6ac-6d9adb355bc7_pyramid_tiles_files_17_17_41.pt,1,train
GigaPath_embeddings_LBC_train/1/4e16344b-da3a-4d92-819c-19c4cecff67b_pyramid_tiles_files_17_15_18.pt,1,train
GigaPath_embeddings_LBC_train/1/0809f883-07ae-4ef2-8963-32424d1b2310_pyramid_tiles_files_16_18_30.pt,1,train
GigaPath_embeddings_LBC_train/1/10003085-3ef2-4f6d-b4d2-0446990fe5f3_pyramid_tiles_files_16_25_29.pt,1,train
GigaPath_embeddings_LBC_train/1/a6cbace4-4145-454d-bea2-a9043abe08d8_pyramid_tiles_files_17_18_40.pt,1,train
GigaPath_embeddings_LBC_train/1/d14ee81b-590d-49f1-b9c1-f25c022331b9_pyramid_tiles_files_16_22_29.pt,1,train
GigaPath_embeddings_LBC_train/1/136b3bf2-df89-437f-a3cd-280cb031e550_pyramid_tiles_files_17_14_18.pt,1,train
GigaPath_embeddings_LBC_train/1/136b3bf2-df89-437f-a3cd-280cb031e550_pyramid_tiles_files_17_23_73.pt,1,train
GigaPath_embeddings_LBC_train/1/88a9d8e1-7333-4408-801b-6b56b5efe148_pyramid_tiles_files_17_23_72.pt,1,train
GigaPath_embeddings_LBC_train/1/7adcd0ef-cbca-4984-aff5-724af95463a4_pyramid_tiles_files_16_17_20.pt,1,train
GigaPath_embeddings_LBC_train/1/dd2bbc91-721e-4adb-99a2-23a9f68362ef_pyramid_tiles_files_16_23_29.pt,1,train
GigaPath_embeddings_LBC_train/1/4d43ca02-898e-471a-89ff-38e030d7d3f8_pyramid_tiles_files_16_25_29.pt,1,train
GigaPath_embeddings_LBC_train/1/e4490c8a-c816-48d4-acfb-690e781a304a_pyramid_tiles_files_16_17_31.pt,1,train
GigaPath_embeddings_LBC_train/1/d8e98d99-2dd8-4f57-b442-3218a7acf30a_pyramid_tiles_files_16_17_20.pt,1,train
GigaPath_embeddings_LBC_train/1/5a9c4ce1-e317-4782-9740-fea86e490f04_pyramid_tiles_files_16_18_30.pt,1,train
GigaPath_embeddings_LBC_train/1/a162a4e4-226c-41cb-b60b-475042441e74_pyramid_tiles_files_16_24_27.pt,1,train
GigaPath_embeddings_LBC_train/1/fe82db87-b9ac-4171-b3b8-df2cf530394a_pyramid_tiles_files_17_22_72.pt,1,train
GigaPath_embeddings_LBC_train/1/d0b24e86-0df9-4e80-9802-77f3f8a44a4e_pyramid_tiles_files_16_24_27.pt,1,train
GigaPath_embeddings_LBC_train/1/7136f225-b00f-4314-8e03-bf7cc8c675f6_pyramid_tiles_files_16_22_29.pt,1,train
GigaPath_embeddings_LBC_train/1/efbff1b0-e29a-4b52-9676-b20fbd72d3b5_pyramid_tiles_files_16_22_28.pt,1,train
GigaPath_embeddings_LBC_train/1/878e391e-4957-471f-bea3-e02bf882cfd1_pyramid_tiles_files_17_24_72.pt,1,train
GigaPath_embeddings_LBC_train/1/97aab5f3-09ef-4dc8-9566-bdabb5ca08b0_pyramid_tiles_files_17_14_18.pt,1,train
GigaPath_embeddings_LBC_train/1/136b3bf2-df89-437f-a3cd-280cb031e550_pyramid_tiles_files_17_15_19.pt,1,train
GigaPath_embeddings_LBC_train/1/d0b24e86-0df9-4e80-9802-77f3f8a44a4e_pyramid_tiles_files_16_21_28.pt,1,train
GigaPath_embeddings_LBC_train/1/cc7c724e-96c6-42c8-9835-1e0643592f70_pyramid_tiles_files_17_15_18.pt,1,train
GigaPath_embeddings_LBC_train/1/b3370ef8-cc53-43e1-a77d-36fb77932b0f_pyramid_tiles_files_16_25_28.pt,1,train
GigaPath_embeddings_LBC_train/1/33851c15-9a41-450a-bff1-d906c9acf6f3_pyramid_tiles_files_16_23_29.pt,1,train
GigaPath_embeddings_LBC_train/1/dd2f13fc-3d5f-40e0-8d49-cc94b041616c_pyramid_tiles_files_16_25_29.pt,1,train
GigaPath_embeddings_LBC_train/1/d750d161-f794-40ee-90a4-c79c85733209_pyramid_tiles_files_17_17_40.pt,1,train
GigaPath_embeddings_LBC_train/1/c4dfb15f-1b2a-470a-b9ef-613a13d7d505_pyramid_tiles_files_17_15_18.pt,1,train
GigaPath_embeddings_LBC_train/1/f8cdd598-f195-4e7f-9140-9230a7341e8d_pyramid_tiles_files_16_17_19.pt,1,train
GigaPath_embeddings_LBC_train/1/4c84cdfb-d548-4bf1-9598-98c0a3d934e1_pyramid_tiles_files_17_22_72.pt,1,train
GigaPath_embeddings_LBC_train/1/7f084246-fcef-4879-82dd-17c18cc3481b_pyramid_tiles_files_16_17_20.pt,1,train
GigaPath_embeddings_LBC_train/1/ee421114-146a-4aee-beaf-c14dae8a13a4_pyramid_tiles_files_16_18_30.pt,1,train
GigaPath_embeddings_LBC_train/1/39551161-80cc-47c6-9219-cb30f7cb3283_pyramid_tiles_files_16_16_19.pt,1,train
GigaPath_embeddings_LBC_train/1/5ebe19b1-612c-45d3-9add-3e9a1c06d880_pyramid_tiles_files_17_14_19.pt,1,train
GigaPath_embeddings_LBC_train/1/82df266a-7b42-4683-abfd-df06c24c0095_pyramid_tiles_files_17_18_41.pt,1,train
GigaPath_embeddings_LBC_train/1/f8cdd598-f195-4e7f-9140-9230a7341e8d_pyramid_tiles_files_16_22_28.pt,1,train
GigaPath_embeddings_LBC_train/1/a6cbace4-4145-454d-bea2-a9043abe08d8_pyramid_tiles_files_17_15_18.pt,1,train
GigaPath_embeddings_LBC_train/1/1df6ad4f-b95e-468a-b96d-fc28fa16bf7d_pyramid_tiles_files_16_18_31.pt,1,train
GigaPath_embeddings_LBC_train/1/3f15feb9-c91a-40ce-a257-3d25dfab60d8_pyramid_tiles_files_16_19_31.pt,1,train
GigaPath_embeddings_LBC_train/1/24c8b882-f5c3-44c8-850a-4d8efa534536_pyramid_tiles_files_16_16_20.pt,1,train
GigaPath_embeddings_LBC_train/1/b5f02412-10be-4039-99db-d0fde541487a_pyramid_tiles_files_17_18_41.pt,1,train
GigaPath_embeddings_LBC_train/1/bcb241e8-5c96-4eae-aef2-0494615c7332_pyramid_tiles_files_16_19_30.pt,1,train
GigaPath_embeddings_LBC_train/1/420bbdfc-3126-41bb-989b-ef534ced41d6_pyramid_tiles_files_16_22_29.pt,1,train
GigaPath_embeddings_LBC_train/1/3051d836-91a4-4aff-9bf2-7cf31904a2ea_pyramid_tiles_files_16_17_19.pt,1,train
GigaPath_embeddings_LBC_train/1/e55b9872-ce3b-4a05-a062-8297e68e1f6e_pyramid_tiles_files_16_17_19.pt,1,train
GigaPath_embeddings_LBC_train/1/5a9c4ce1-e317-4782-9740-fea86e490f04_pyramid_tiles_files_16_17_20.pt,1,train
GigaPath_embeddings_LBC_train/1/27ccee14-c8c3-471c-a467-861f3013896c_pyramid_tiles_files_17_14_18.pt,1,train
GigaPath_embeddings_LBC_train/1/d750d161-f794-40ee-90a4-c79c85733209_pyramid_tiles_files_17_22_72.pt,1,train
GigaPath_embeddings_LBC_train/1/7a711946-6d6d-4089-84cc-fa4cac2dca59_pyramid_tiles_files_16_16_19.pt,1,train
GigaPath_embeddings_LBC_train/1/dd2bbc91-721e-4adb-99a2-23a9f68362ef_pyramid_tiles_files_16_22_29.pt,1,train
GigaPath_embeddings_LBC_train/1/9e3412ec-231c-40a8-8c17-e358744efb5a_pyramid_tiles_files_16_18_20.pt,1,train
GigaPath_embeddings_LBC_train/1/49b89d48-2f98-4969-93ac-ab3721e48228_pyramid_tiles_files_17_22_72.pt,1,train
GigaPath_embeddings_LBC_train/1/4d43ca02-898e-471a-89ff-38e030d7d3f8_pyramid_tiles_files_16_21_29.pt,1,train
GigaPath_embeddings_LBC_train/1/2675f262-0e7c-483d-971e-00500ac47587_pyramid_tiles_files_16_24_27.pt,1,train
GigaPath_embeddings_LBC_train/1/7cdca764-efc1-4f0d-9faa-10e29288c6f8_pyramid_tiles_files_16_16_20.pt,1,train
GigaPath_embeddings_LBC_train/1/585c9fc8-5144-4038-b03f-94d1b70ca166_pyramid_tiles_files_17_22_73.pt,1,train
GigaPath_embeddings_LBC_train/1/88c29805-3f26-47c7-a33a-cf45d5ee6dc3_pyramid_tiles_files_16_16_19.pt,1,train
GigaPath_embeddings_LBC_train/1/103910a7-ef17-49d6-b722-31806bc8c3a5_pyramid_tiles_files_16_21_28.pt,1,train
GigaPath_embeddings_LBC_train/1/4d43ca02-898e-471a-89ff-38e030d7d3f8_pyramid_tiles_files_16_18_30.pt,1,train
GigaPath_embeddings_LBC_train/1/a162a4e4-226c-41cb-b60b-475042441e74_pyramid_tiles_files_16_18_20.pt,1,train
GigaPath_embeddings_LBC_train/1/68b65586-1dd1-4c9e-9287-324e0907ce17_pyramid_tiles_files_16_21_28.pt,1,train
GigaPath_embeddings_LBC_train/1/f014b792-5610-425a-9902-a1bb52d60996_pyramid_tiles_files_17_22_73.pt,1,train
GigaPath_embeddings_LBC_train/1/5a9c4ce1-e317-4782-9740-fea86e490f04_pyramid_tiles_files_16_16_20.pt,1,train
GigaPath_embeddings_LBC_train/1/7d2da7f8-aa22-429e-9690-f6ff7fbfb9c6_pyramid_tiles_files_17_18_41.pt,1,train
GigaPath_embeddings_LBC_train/1/49b7db50-8c64-4aed-aeec-f61e6432f3fd_pyramid_tiles_files_17_17_40.pt,1,train
GigaPath_embeddings_LBC_train/1/2edb0236-8fca-4fab-a0e9-300304e2a20a_pyramid_tiles_files_17_18_40.pt,1,train
GigaPath_embeddings_LBC_train/1/a8b605b6-b00f-4588-80f7-a3f04b5daaa3_pyramid_tiles_files_16_24_29.pt,1,train
GigaPath_embeddings_LBC_train/1/7cdca764-efc1-4f0d-9faa-10e29288c6f8_pyramid_tiles_files_16_22_29.pt,1,train
GigaPath_embeddings_LBC_train/1/10003085-3ef2-4f6d-b4d2-0446990fe5f3_pyramid_tiles_files_16_24_29.pt,1,train
GigaPath_embeddings_LBC_train/1/a422fe88-c84c-4c11-998c-29ec63c8cc3b_pyramid_tiles_files_17_18_40.pt,1,train
GigaPath_embeddings_LBC_train/1/f845a584-75e9-4272-b88a-3ab2ae175011_pyramid_tiles_files_16_25_28.pt,1,train
GigaPath_embeddings_LBC_train/1/eed8a45e-5400-44f3-bec9-acad9bffabe6_pyramid_tiles_files_16_18_31.pt,1,train
GigaPath_embeddings_LBC_train/1/d2270a1f-26d5-424e-a6ac-6d9adb355bc7_pyramid_tiles_files_17_24_72.pt,1,train
GigaPath_embeddings_LBC_train/1/7f90fbd0-c09c-45ef-b603-f0059d32e4af_pyramid_tiles_files_16_25_27.pt,1,train
GigaPath_embeddings_LBC_train/1/7cdca764-efc1-4f0d-9faa-10e29288c6f8_pyramid_tiles_files_16_23_28.pt,1,train
GigaPath_embeddings_LBC_train/1/e535b22d-c4ba-4191-805a-4338d4452be1_pyramid_tiles_files_16_24_28.pt,1,train
GigaPath_embeddings_LBC_train/1/0170e458-6934-43fb-b512-f08220d42a8d_pyramid_tiles_files_17_14_18.pt,1,train
GigaPath_embeddings_LBC_train/1/deb52381-ec34-4586-a9ba-461702954557_pyramid_tiles_files_17_14_18.pt,1,train
GigaPath_embeddings_LBC_train/1/d98d1466-b08e-4cdc-81c2-66b38375028f_pyramid_tiles_files_16_24_27.pt,1,train
GigaPath_embeddings_LBC_train/1/a8b605b6-b00f-4588-80f7-a3f04b5daaa3_pyramid_tiles_files_16_25_29.pt,1,train
GigaPath_embeddings_LBC_train/1/e154f668-55ba-46ed-8bbc-91218f1b9841_pyramid_tiles_files_17_14_18.pt,1,train
GigaPath_embeddings_LBC_train/1/ee421114-146a-4aee-beaf-c14dae8a13a4_pyramid_tiles_files_16_16_20.pt,1,train
GigaPath_embeddings_LBC_train/1/3051d836-91a4-4aff-9bf2-7cf31904a2ea_pyramid_tiles_files_16_21_29.pt,1,train
GigaPath_embeddings_LBC_train/1/9ccdfd46-597a-4148-b9b0-7853d9ead11a_pyramid_tiles_files_17_15_19.pt,1,train
GigaPath_embeddings_LBC_train/1/82df266a-7b42-4683-abfd-df06c24c0095_pyramid_tiles_files_17_15_18.pt,1,train
GigaPath_embeddings_LBC_train/1/a8b605b6-b00f-4588-80f7-a3f04b5daaa3_pyramid_tiles_files_16_17_31.pt,1,train
GigaPath_embeddings_LBC_train/1/dd2f13fc-3d5f-40e0-8d49-cc94b041616c_pyramid_tiles_files_16_19_31.pt,1,train
GigaPath_embeddings_LBC_train/1/ed470fa7-2231-4856-bbdb-9c45ada10876_pyramid_tiles_files_16_21_29.pt,1,train
GigaPath_embeddings_LBC_train/1/a30139a7-46bc-430e-9a88-053af9aa1784_pyramid_tiles_files_17_14_18.pt,1,train
GigaPath_embeddings_LBC_train/1/cfad50f3-e318-44ef-9136-da9e38305cd5_pyramid_tiles_files_17_24_72.pt,1,train
GigaPath_embeddings_LBC_train/1/05a7c75a-3a19-42fe-bef4-46321b96503c_pyramid_tiles_files_16_22_29.pt,1,train
GigaPath_embeddings_LBC_train/1/e12c0ba4-b9b6-4f55-977d-42841e89f0e1_pyramid_tiles_files_17_18_41.pt,1,train
GigaPath_embeddings_LBC_train/1/e12c0ba4-b9b6-4f55-977d-42841e89f0e1_pyramid_tiles_files_17_14_18.pt,1,train
GigaPath_embeddings_LBC_train/1/f69d24a9-c04a-42d2-a9d5-c226f35f7dc6_pyramid_tiles_files_17_24_72.pt,1,train
GigaPath_embeddings_LBC_train/1/e84495a2-0920-47f9-95a9-f22b38b127ce_pyramid_tiles_files_16_18_20.pt,1,train
GigaPath_embeddings_LBC_train/1/09022f45-72f6-41d4-b741-d102f2ae2fdc_pyramid_tiles_files_16_22_28.pt,1,train
GigaPath_embeddings_LBC_train/1/35529ea9-ab7d-4e67-9be2-7faddf0afbed_pyramid_tiles_files_16_25_29.pt,1,train
GigaPath_embeddings_LBC_train/1/cf67a244-b7e8-46cf-81e4-fd444b2ccbc0_pyramid_tiles_files_17_18_40.pt,1,train
GigaPath_embeddings_LBC_train/1/add1b48f-081c-4cda-8e37-55d222e8d813_pyramid_tiles_files_17_14_18.pt,1,train
GigaPath_embeddings_LBC_train/1/e535b22d-c4ba-4191-805a-4338d4452be1_pyramid_tiles_files_16_17_31.pt,1,train
GigaPath_embeddings_LBC_train/1/2bb9b118-1d4c-468f-ba3d-1240e98da375_pyramid_tiles_files_17_22_73.pt,1,train
GigaPath_embeddings_LBC_train/1/88fa9c4b-c50b-46b6-8f70-3cb245539b47_pyramid_tiles_files_16_24_28.pt,1,train
GigaPath_embeddings_LBC_train/1/eed8a45e-5400-44f3-bec9-acad9bffabe6_pyramid_tiles_files_16_21_29.pt,1,train
GigaPath_embeddings_LBC_train/1/97aab5f3-09ef-4dc8-9566-bdabb5ca08b0_pyramid_tiles_files_17_24_72.pt,1,train
GigaPath_embeddings_LBC_train/1/5a9c4ce1-e317-4782-9740-fea86e490f04_pyramid_tiles_files_16_18_19.pt,1,train
GigaPath_embeddings_LBC_train/1/7adcd0ef-cbca-4984-aff5-724af95463a4_pyramid_tiles_files_16_17_31.pt,1,train
GigaPath_embeddings_LBC_train/1/bcb241e8-5c96-4eae-aef2-0494615c7332_pyramid_tiles_files_16_19_31.pt,1,train
GigaPath_embeddings_LBC_train/1/d78bfaab-dd1d-48d2-a839-ff33e9041001_pyramid_tiles_files_16_17_30.pt,1,train
GigaPath_embeddings_LBC_train/1/df4a0635-dc3f-4ccb-a2d9-0f89a4692a93_pyramid_tiles_files_16_18_30.pt,1,train
GigaPath_embeddings_LBC_train/1/35529ea9-ab7d-4e67-9be2-7faddf0afbed_pyramid_tiles_files_16_24_28.pt,1,train
GigaPath_embeddings_LBC_train/1/9f9025f6-3cb2-4e63-9f09-1c25957cd8e3_pyramid_tiles_files_17_22_72.pt,1,train
GigaPath_embeddings_LBC_train/1/136b3bf2-df89-437f-a3cd-280cb031e550_pyramid_tiles_files_17_24_72.pt,1,train
GigaPath_embeddings_LBC_train/1/848883dc-0a70-410a-b42c-42818e6bce8a_pyramid_tiles_files_16_17_19.pt,1,train
GigaPath_embeddings_LBC_train/1/1df6ad4f-b95e-468a-b96d-fc28fa16bf7d_pyramid_tiles_files_16_23_29.pt,1,train
GigaPath_embeddings_LBC_train/1/8622536e-861a-4e45-8c03-1337f35267fb_pyramid_tiles_files_16_16_20.pt,1,train
GigaPath_embeddings_LBC_train/1/0809f883-07ae-4ef2-8963-32424d1b2310_pyramid_tiles_files_16_25_27.pt,1,train
GigaPath_embeddings_LBC_train/1/3051d836-91a4-4aff-9bf2-7cf31904a2ea_pyramid_tiles_files_16_17_20.pt,1,train
GigaPath_embeddings_LBC_train/1/a1d1235e-32f4-49da-b297-9b4cfd582499_pyramid_tiles_files_17_15_19.pt,1,train
GigaPath_embeddings_LBC_train/1/a162a4e4-226c-41cb-b60b-475042441e74_pyramid_tiles_files_16_18_30.pt,1,train
GigaPath_embeddings_LBC_train/1/f8cdd598-f195-4e7f-9140-9230a7341e8d_pyramid_tiles_files_16_18_20.pt,1,train
GigaPath_embeddings_LBC_train/1/3f15feb9-c91a-40ce-a257-3d25dfab60d8_pyramid_tiles_files_16_18_30.pt,1,train
GigaPath_embeddings_LBC_train/1/d98d1466-b08e-4cdc-81c2-66b38375028f_pyramid_tiles_files_16_17_31.pt,1,train
GigaPath_embeddings_LBC_train/1/40490219-ecc2-40c6-bd90-10f007f8f579_pyramid_tiles_files_17_17_41.pt,1,train
GigaPath_embeddings_LBC_train/1/39551161-80cc-47c6-9219-cb30f7cb3283_pyramid_tiles_files_16_17_20.pt,1,train
GigaPath_embeddings_LBC_train/1/09022f45-72f6-41d4-b741-d102f2ae2fdc_pyramid_tiles_files_16_22_29.pt,1,train
GigaPath_embeddings_LBC_train/1/f845a584-75e9-4272-b88a-3ab2ae175011_pyramid_tiles_files_16_25_29.pt,1,train
GigaPath_embeddings_LBC_train/1/07e430fa-9641-4821-a635-6d4e3f8f1cc8_pyramid_tiles_files_16_23_29.pt,1,train
GigaPath_embeddings_LBC_train/1/5e11fd38-061e-465e-b3aa-6ce8e54632a3_pyramid_tiles_files_16_23_29.pt,1,train
GigaPath_embeddings_LBC_train/1/05a7c75a-3a19-42fe-bef4-46321b96503c_pyramid_tiles_files_16_17_20.pt,1,train
GigaPath_embeddings_LBC_train/1/e91eb178-776c-4b3a-b589-36a0e68408ce_pyramid_tiles_files_16_17_30.pt,1,train
GigaPath_embeddings_LBC_train/1/f014b792-5610-425a-9902-a1bb52d60996_pyramid_tiles_files_17_24_73.pt,1,train
GigaPath_embeddings_LBC_train/1/8ba06d0e-ba28-481e-a2a9-c95807391113_pyramid_tiles_files_16_17_19.pt,1,train
GigaPath_embeddings_LBC_train/1/49b7db50-8c64-4aed-aeec-f61e6432f3fd_pyramid_tiles_files_17_18_40.pt,1,train
GigaPath_embeddings_LBC_train/1/68b65586-1dd1-4c9e-9287-324e0907ce17_pyramid_tiles_files_16_16_19.pt,1,train
GigaPath_embeddings_LBC_train/1/1a244e75-7c81-4580-940b-730cdb7d6229_pyramid_tiles_files_17_14_18.pt,1,train
GigaPath_embeddings_LBC_train/1/585c9fc8-5144-4038-b03f-94d1b70ca166_pyramid_tiles_files_17_23_73.pt,1,train
GigaPath_embeddings_LBC_train/1/910ae3a4-0161-408b-bc72-41e06bd37102_pyramid_tiles_files_16_18_31.pt,1,train
GigaPath_embeddings_LBC_train/1/13a98c45-1483-4b7a-b509-ff2f1829df9b_pyramid_tiles_files_17_17_40.pt,1,train
GigaPath_embeddings_LBC_train/1/9489edbc-93c6-4165-97a7-5b51cef27c90_pyramid_tiles_files_17_15_19.pt,1,train
GigaPath_embeddings_LBC_train/1/68b65586-1dd1-4c9e-9287-324e0907ce17_pyramid_tiles_files_16_25_27.pt,1,train
GigaPath_embeddings_LBC_train/1/e4f9d4ac-0e18-426c-920a-56da5042a2b6_pyramid_tiles_files_16_18_30.pt,1,train
GigaPath_embeddings_LBC_train/1/41295260-4748-4a7d-9689-d22f4d1bf6c1_pyramid_tiles_files_16_21_29.pt,1,train
GigaPath_embeddings_LBC_train/1/3edcf025-1da1-4b54-aefd-54ca01f4f0eb_pyramid_tiles_files_17_15_19.pt,1,train
GigaPath_embeddings_LBC_train/1/e55b9872-ce3b-4a05-a062-8297e68e1f6e_pyramid_tiles_files_16_22_28.pt,1,train
GigaPath_embeddings_LBC_train/1/8622536e-861a-4e45-8c03-1337f35267fb_pyramid_tiles_files_16_17_20.pt,1,train
GigaPath_embeddings_LBC_train/1/33851c15-9a41-450a-bff1-d906c9acf6f3_pyramid_tiles_files_16_24_29.pt,1,train
GigaPath_embeddings_LBC_train/1/8ba06d0e-ba28-481e-a2a9-c95807391113_pyramid_tiles_files_16_18_30.pt,1,train
GigaPath_embeddings_LBC_train/1/7f084246-fcef-4879-82dd-17c18cc3481b_pyramid_tiles_files_16_17_30.pt,1,train
GigaPath_embeddings_LBC_train/1/848883dc-0a70-410a-b42c-42818e6bce8a_pyramid_tiles_files_16_16_19.pt,1,train
GigaPath_embeddings_LBC_train/1/252dbee6-7f3b-41fd-a63c-faf8e39aa257_pyramid_tiles_files_17_15_18.pt,1,train
GigaPath_embeddings_LBC_train/1/8622536e-861a-4e45-8c03-1337f35267fb_pyramid_tiles_files_16_18_31.pt,1,train
GigaPath_embeddings_LBC_train/1/d0b24e86-0df9-4e80-9802-77f3f8a44a4e_pyramid_tiles_files_16_18_31.pt,1,train
GigaPath_embeddings_LBC_train/1/13a98c45-1483-4b7a-b509-ff2f1829df9b_pyramid_tiles_files_17_23_73.pt,1,train
GigaPath_embeddings_LBC_train/1/07e430fa-9641-4821-a635-6d4e3f8f1cc8_pyramid_tiles_files_16_17_30.pt,1,train
GigaPath_embeddings_LBC_train/1/a30139a7-46bc-430e-9a88-053af9aa1784_pyramid_tiles_files_17_18_41.pt,1,train
GigaPath_embeddings_LBC_train/1/d0b24e86-0df9-4e80-9802-77f3f8a44a4e_pyramid_tiles_files_16_18_30.pt,1,train
GigaPath_embeddings_LBC_train/1/2349a7ef-89f1-44c5-a16c-93cd50a5160a_pyramid_tiles_files_17_18_41.pt,1,train
GigaPath_embeddings_LBC_train/1/2f9ace47-773d-432b-95c0-4c79d09ca789_pyramid_tiles_files_17_23_73.pt,1,train
GigaPath_embeddings_LBC_train/1/757bdca3-31ba-4a41-8837-436ae787b24e_pyramid_tiles_files_17_15_19.pt,1,train
GigaPath_embeddings_LBC_train/1/e154f668-55ba-46ed-8bbc-91218f1b9841_pyramid_tiles_files_17_24_72.pt,1,train
GigaPath_embeddings_LBC_train/1/e4490c8a-c816-48d4-acfb-690e781a304a_pyramid_tiles_files_16_21_28.pt,1,train
GigaPath_embeddings_LBC_train/1/05a7c75a-3a19-42fe-bef4-46321b96503c_pyramid_tiles_files_16_17_19.pt,1,train
GigaPath_embeddings_LBC_train/1/b3370ef8-cc53-43e1-a77d-36fb77932b0f_pyramid_tiles_files_16_17_31.pt,1,train
GigaPath_embeddings_LBC_train/1/7cdca764-efc1-4f0d-9faa-10e29288c6f8_pyramid_tiles_files_16_19_31.pt,1,train
GigaPath_embeddings_LBC_train/1/05f7516a-c717-491e-b5f2-b611c3789fa3_pyramid_tiles_files_16_22_29.pt,1,train
GigaPath_embeddings_LBC_train/1/c0449d4d-ff24-491e-941b-b82f9910d51e_pyramid_tiles_files_17_22_73.pt,1,train
GigaPath_embeddings_LBC_train/1/3908d14b-0319-46ce-9d7c-d9f484d4e6c5_pyramid_tiles_files_16_24_28.pt,1,train
GigaPath_embeddings_LBC_train/1/28b2c9da-27e9-4c9a-8989-7902bd4829ec_pyramid_tiles_files_17_23_72.pt,1,train
GigaPath_embeddings_LBC_train/1/1df6ad4f-b95e-468a-b96d-fc28fa16bf7d_pyramid_tiles_files_16_17_20.pt,1,train
GigaPath_embeddings_LBC_train/1/8622536e-861a-4e45-8c03-1337f35267fb_pyramid_tiles_files_16_18_30.pt,1,train
GigaPath_embeddings_LBC_train/1/3051d836-91a4-4aff-9bf2-7cf31904a2ea_pyramid_tiles_files_16_18_30.pt,1,train
GigaPath_embeddings_LBC_train/1/7f90fbd0-c09c-45ef-b603-f0059d32e4af_pyramid_tiles_files_16_24_27.pt,1,train
GigaPath_embeddings_LBC_train/1/9e3412ec-231c-40a8-8c17-e358744efb5a_pyramid_tiles_files_16_18_31.pt,1,train
GigaPath_embeddings_LBC_train/1/7adcd0ef-cbca-4984-aff5-724af95463a4_pyramid_tiles_files_16_25_29.pt,1,train
GigaPath_embeddings_LBC_train/1/ff7ed6b1-de79-4426-84ce-1eb0993ce5ad_pyramid_tiles_files_16_25_27.pt,1,train
GigaPath_embeddings_LBC_train/1/2e2cf6c2-259d-4579-9fd6-5e463f70329d_pyramid_tiles_files_17_24_73.pt,1,train
GigaPath_embeddings_LBC_train/1/a7129833-faa2-4c97-826d-e43b75b7cb05_pyramid_tiles_files_16_17_31.pt,1,train
GigaPath_embeddings_LBC_train/1/33851c15-9a41-450a-bff1-d906c9acf6f3_pyramid_tiles_files_16_24_28.pt,1,train
GigaPath_embeddings_LBC_train/1/b71e073f-25c7-43e2-9e4a-7809d0613d87_pyramid_tiles_files_16_23_29.pt,1,train
GigaPath_embeddings_LBC_train/1/b71e073f-25c7-43e2-9e4a-7809d0613d87_pyramid_tiles_files_16_18_30.pt,1,train
GigaPath_embeddings_LBC_train/1/ec591c22-e5c9-426f-928f-2a4910f26cfe_pyramid_tiles_files_16_25_27.pt,1,train
GigaPath_embeddings_LBC_train/1/cb17d14a-587d-45e7-9da8-7fc29c867d68_pyramid_tiles_files_17_14_19.pt,1,train
GigaPath_embeddings_LBC_train/1/2babd76f-dfde-4550-a087-a6f04ae0380c_pyramid_tiles_files_17_18_41.pt,1,train
GigaPath_embeddings_LBC_train/1/d8e98d99-2dd8-4f57-b442-3218a7acf30a_pyramid_tiles_files_16_22_28.pt,1,train
GigaPath_embeddings_LBC_train/1/91227689-c1bd-4afa-8cbe-1149576083db_pyramid_tiles_files_17_23_73.pt,1,train
GigaPath_embeddings_LBC_train/1/7cdd2e59-f92b-4294-a70d-7e53dec8f70d_pyramid_tiles_files_17_15_18.pt,1,train
GigaPath_embeddings_LBC_train/1/e535b22d-c4ba-4191-805a-4338d4452be1_pyramid_tiles_files_16_24_29.pt,1,train
GigaPath_embeddings_LBC_train/1/ff7ed6b1-de79-4426-84ce-1eb0993ce5ad_pyramid_tiles_files_16_19_31.pt,1,train
GigaPath_embeddings_LBC_train/1/efbff1b0-e29a-4b52-9676-b20fbd72d3b5_pyramid_tiles_files_16_23_28.pt,1,train
GigaPath_embeddings_LBC_train/1/1de50383-a38d-4e77-8672-3cae59401c9e_pyramid_tiles_files_17_17_40.pt,1,train
GigaPath_embeddings_LBC_train/1/2154bc6d-2b7b-4c63-ba32-d877a60f2cff_pyramid_tiles_files_16_21_29.pt,1,train
GigaPath_embeddings_LBC_train/1/9c22e271-a48a-45a0-8682-b151a03d336a_pyramid_tiles_files_17_23_73.pt,1,train
GigaPath_embeddings_LBC_train/1/6863a74b-12b6-41e5-8beb-60b571303b26_pyramid_tiles_files_17_15_18.pt,1,train
GigaPath_embeddings_LBC_train/1/05f7516a-c717-491e-b5f2-b611c3789fa3_pyramid_tiles_files_16_18_31.pt,1,train
GigaPath_embeddings_LBC_train/1/27f952da-cb0e-4b86-9464-3b31671933ce_pyramid_tiles_files_17_14_19.pt,1,train
GigaPath_embeddings_LBC_train/1/757bdca3-31ba-4a41-8837-436ae787b24e_pyramid_tiles_files_17_22_73.pt,1,train
GigaPath_embeddings_LBC_train/1/2ae84759-5488-420a-b67a-2794e594e102_pyramid_tiles_files_16_16_20.pt,1,train
GigaPath_embeddings_LBC_train/1/1561b271-ed0a-4bba-968f-ec730f2a5707_pyramid_tiles_files_16_21_29.pt,1,train
GigaPath_embeddings_LBC_train/1/420bbdfc-3126-41bb-989b-ef534ced41d6_pyramid_tiles_files_16_19_30.pt,1,train
GigaPath_embeddings_LBC_train/1/deb52381-ec34-4586-a9ba-461702954557_pyramid_tiles_files_17_24_72.pt,1,train
GigaPath_embeddings_LBC_train/1/b5f02412-10be-4039-99db-d0fde541487a_pyramid_tiles_files_17_23_72.pt,1,train
GigaPath_embeddings_LBC_train/1/b34b3227-38a8-47fe-8920-18c280edcff6_pyramid_tiles_files_16_17_31.pt,1,train
GigaPath_embeddings_LBC_train/1/bfda3d1a-59f1-447b-b964-0774d6564648_pyramid_tiles_files_16_17_20.pt,1,train
GigaPath_embeddings_LBC_train/1/4ca4cdf5-ff38-4a76-8a6d-b63e824f6685_pyramid_tiles_files_16_19_30.pt,1,train
GigaPath_embeddings_LBC_train/1/34ba83db-88de-4125-8d7e-fc129b494468_pyramid_tiles_files_16_24_28.pt,1,train
GigaPath_embeddings_LBC_train/1/e154f668-55ba-46ed-8bbc-91218f1b9841_pyramid_tiles_files_17_15_18.pt,1,train
GigaPath_embeddings_LBC_train/1/27ccee14-c8c3-471c-a467-861f3013896c_pyramid_tiles_files_17_23_73.pt,1,train
GigaPath_embeddings_LBC_train/1/2e2cf6c2-259d-4579-9fd6-5e463f70329d_pyramid_tiles_files_17_15_18.pt,1,train
GigaPath_embeddings_LBC_train/1/dd2bbc91-721e-4adb-99a2-23a9f68362ef_pyramid_tiles_files_16_17_20.pt,1,train
GigaPath_embeddings_LBC_train/1/c99b0491-5d02-4e58-90c0-67838b0b2500_pyramid_tiles_files_16_17_19.pt,1,train
GigaPath_embeddings_LBC_train/1/b71e073f-25c7-43e2-9e4a-7809d0613d87_pyramid_tiles_files_16_25_28.pt,1,train
GigaPath_embeddings_LBC_train/1/05f7516a-c717-491e-b5f2-b611c3789fa3_pyramid_tiles_files_16_17_19.pt,1,train
GigaPath_embeddings_LBC_train/1/dd2bbc91-721e-4adb-99a2-23a9f68362ef_pyramid_tiles_files_16_19_31.pt,1,train
GigaPath_embeddings_LBC_train/1/667596ff-485c-41f9-ac32-9f91f8cc66c0_pyramid_tiles_files_17_22_73.pt,1,train
GigaPath_embeddings_LBC_train/1/0809f883-07ae-4ef2-8963-32424d1b2310_pyramid_tiles_files_16_17_31.pt,1,train
GigaPath_embeddings_LBC_train/1/27ccee14-c8c3-471c-a467-861f3013896c_pyramid_tiles_files_17_18_40.pt,1,train
GigaPath_embeddings_LBC_train/1/9fac65c4-3967-4e89-8188-01be7914423b_pyramid_tiles_files_16_17_30.pt,1,train
GigaPath_embeddings_LBC_train/1/ed470fa7-2231-4856-bbdb-9c45ada10876_pyramid_tiles_files_16_23_29.pt,1,train
GigaPath_embeddings_LBC_train/1/11e4ec67-ab0a-4e7e-8e7d-4ad3fdd05682_pyramid_tiles_files_17_17_41.pt,1,train
GigaPath_embeddings_LBC_train/1/537e700c-bb74-41c6-a61e-cbff213e450d_pyramid_tiles_files_16_24_28.pt,1,train
GigaPath_embeddings_LBC_train/1/2babd76f-dfde-4550-a087-a6f04ae0380c_pyramid_tiles_files_17_18_40.pt,1,train
GigaPath_embeddings_LBC_train/1/f53d7c4b-bc70-4adc-88ff-a136722e0ef0_pyramid_tiles_files_16_23_28.pt,1,train
GigaPath_embeddings_LBC_train/1/2e2cf6c2-259d-4579-9fd6-5e463f70329d_pyramid_tiles_files_17_22_73.pt,1,train
GigaPath_embeddings_LBC_train/1/eed8a45e-5400-44f3-bec9-acad9bffabe6_pyramid_tiles_files_16_21_28.pt,1,train
GigaPath_embeddings_LBC_train/1/7f90fbd0-c09c-45ef-b603-f0059d32e4af_pyramid_tiles_files_16_24_28.pt,1,train
GigaPath_embeddings_LBC_train/1/d7165445-b5e9-4b9e-844c-84e4e10e76b8_pyramid_tiles_files_16_22_29.pt,1,train
GigaPath_embeddings_LBC_train/1/bcb241e8-5c96-4eae-aef2-0494615c7332_pyramid_tiles_files_16_21_29.pt,1,train
GigaPath_embeddings_LBC_train/1/d282c089-5b1a-48ca-80c6-5cd67f281d5c_pyramid_tiles_files_17_15_18.pt,1,train
GigaPath_embeddings_LBC_train/1/49b89d48-2f98-4969-93ac-ab3721e48228_pyramid_tiles_files_17_22_73.pt,1,train
GigaPath_embeddings_LBC_train/1/8ba06d0e-ba28-481e-a2a9-c95807391113_pyramid_tiles_files_16_21_28.pt,1,train
GigaPath_embeddings_LBC_train/1/4ca4cdf5-ff38-4a76-8a6d-b63e824f6685_pyramid_tiles_files_16_18_20.pt,1,train
GigaPath_embeddings_LBC_train/1/1de50383-a38d-4e77-8672-3cae59401c9e_pyramid_tiles_files_17_23_72.pt,1,train
GigaPath_embeddings_LBC_train/1/dd2bbc91-721e-4adb-99a2-23a9f68362ef_pyramid_tiles_files_16_25_29.pt,1,train
GigaPath_embeddings_LBC_train/1/ee421114-146a-4aee-beaf-c14dae8a13a4_pyramid_tiles_files_16_21_29.pt,1,train
GigaPath_embeddings_LBC_train/1/d8e98d99-2dd8-4f57-b442-3218a7acf30a_pyramid_tiles_files_16_24_27.pt,1,train
GigaPath_embeddings_LBC_train/1/f014b792-5610-425a-9902-a1bb52d60996_pyramid_tiles_files_17_17_40.pt,1,train
GigaPath_embeddings_LBC_train/1/1561b271-ed0a-4bba-968f-ec730f2a5707_pyramid_tiles_files_16_17_19.pt,1,train
GigaPath_embeddings_LBC_train/1/d78bfaab-dd1d-48d2-a839-ff33e9041001_pyramid_tiles_files_16_19_31.pt,1,train
GigaPath_embeddings_LBC_train/1/971a85a8-c488-4a63-a524-48dc9cc05cb6_pyramid_tiles_files_17_17_40.pt,1,train
GigaPath_embeddings_LBC_train/1/2675f262-0e7c-483d-971e-00500ac47587_pyramid_tiles_files_16_22_28.pt,1,train
GigaPath_embeddings_LBC_train/1/27ccee14-c8c3-471c-a467-861f3013896c_pyramid_tiles_files_17_24_73.pt,1,train
GigaPath_embeddings_LBC_train/1/f69d24a9-c04a-42d2-a9d5-c226f35f7dc6_pyramid_tiles_files_17_14_19.pt,1,train
GigaPath_embeddings_LBC_train/1/dd2f13fc-3d5f-40e0-8d49-cc94b041616c_pyramid_tiles_files_16_21_28.pt,1,train
GigaPath_embeddings_LBC_train/1/a88839a2-827d-4c30-85d3-1eebce71509a_pyramid_tiles_files_16_18_19.pt,1,train
GigaPath_embeddings_LBC_train/1/add1b48f-081c-4cda-8e37-55d222e8d813_pyramid_tiles_files_17_24_73.pt,1,train
GigaPath_embeddings_LBC_train/1/4e16344b-da3a-4d92-819c-19c4cecff67b_pyramid_tiles_files_17_14_19.pt,1,train
GigaPath_embeddings_LBC_train/1/f21c730f-c4c5-4db2-843c-5bc29f2cc708_pyramid_tiles_files_17_23_72.pt,1,train
GigaPath_embeddings_LBC_train/1/103910a7-ef17-49d6-b722-31806bc8c3a5_pyramid_tiles_files_16_18_19.pt,1,train
GigaPath_embeddings_LBC_train/1/585c9fc8-5144-4038-b03f-94d1b70ca166_pyramid_tiles_files_17_24_73.pt,1,train
GigaPath_embeddings_LBC_train/1/215b875c-5819-41d9-857a-da2311a99480_pyramid_tiles_files_17_14_19.pt,1,train
GigaPath_embeddings_LBC_train/1/97aab5f3-09ef-4dc8-9566-bdabb5ca08b0_pyramid_tiles_files_17_18_41.pt,1,train
GigaPath_embeddings_LBC_train/1/cfa1a36d-1290-4546-8c41-a23a9c66188d_pyramid_tiles_files_16_18_30.pt,1,train
GigaPath_embeddings_LBC_train/1/c99b0491-5d02-4e58-90c0-67838b0b2500_pyramid_tiles_files_16_17_31.pt,1,train
GigaPath_embeddings_LBC_train/1/ee421114-146a-4aee-beaf-c14dae8a13a4_pyramid_tiles_files_16_18_19.pt,1,train
GigaPath_embeddings_LBC_train/1/11e4ec67-ab0a-4e7e-8e7d-4ad3fdd05682_pyramid_tiles_files_17_14_18.pt,1,train
GigaPath_embeddings_LBC_train/1/b5f02412-10be-4039-99db-d0fde541487a_pyramid_tiles_files_17_17_40.pt,1,train
GigaPath_embeddings_LBC_train/1/f5a044fa-6bad-49f3-b270-aa635a369748_pyramid_tiles_files_16_17_30.pt,1,train
GigaPath_embeddings_LBC_train/1/e0ee1714-9f42-4c7e-9c29-6b808c24073f_pyramid_tiles_files_16_16_19.pt,1,train
GigaPath_embeddings_LBC_train/1/88fa9c4b-c50b-46b6-8f70-3cb245539b47_pyramid_tiles_files_16_16_20.pt,1,train
GigaPath_embeddings_LBC_train/1/2349a7ef-89f1-44c5-a16c-93cd50a5160a_pyramid_tiles_files_17_14_18.pt,1,train
GigaPath_embeddings_LBC_train/1/2bb9b118-1d4c-468f-ba3d-1240e98da375_pyramid_tiles_files_17_18_41.pt,1,train
GigaPath_embeddings_LBC_train/1/6f1af507-f025-4d67-9b07-ff9b2e562a67_pyramid_tiles_files_16_17_19.pt,1,train
GigaPath_embeddings_LBC_train/1/1f648a7a-3d12-4d96-a35d-8328e2c2c766_pyramid_tiles_files_17_23_73.pt,1,train
GigaPath_embeddings_LBC_train/1/d78bfaab-dd1d-48d2-a839-ff33e9041001_pyramid_tiles_files_16_17_19.pt,1,train
GigaPath_embeddings_LBC_train/1/7adcd0ef-cbca-4984-aff5-724af95463a4_pyramid_tiles_files_16_19_30.pt,1,train
GigaPath_embeddings_LBC_train/1/252dbee6-7f3b-41fd-a63c-faf8e39aa257_pyramid_tiles_files_17_22_72.pt,1,train
GigaPath_embeddings_LBC_train/1/b3370ef8-cc53-43e1-a77d-36fb77932b0f_pyramid_tiles_files_16_18_19.pt,1,train
GigaPath_embeddings_LBC_train/1/2ae84759-5488-420a-b67a-2794e594e102_pyramid_tiles_files_16_23_29.pt,1,train
GigaPath_embeddings_LBC_train/1/f845a584-75e9-4272-b88a-3ab2ae175011_pyramid_tiles_files_16_17_30.pt,1,train
GigaPath_embeddings_LBC_train/1/f9e2d87e-82ee-4e66-a710-97cf70cdb392_pyramid_tiles_files_16_16_19.pt,1,train
GigaPath_embeddings_LBC_train/1/7136f225-b00f-4314-8e03-bf7cc8c675f6_pyramid_tiles_files_16_19_30.pt,1,train
GigaPath_embeddings_LBC_train/1/07e430fa-9641-4821-a635-6d4e3f8f1cc8_pyramid_tiles_files_16_18_19.pt,1,train
GigaPath_embeddings_LBC_train/1/1a244e75-7c81-4580-940b-730cdb7d6229_pyramid_tiles_files_17_18_40.pt,1,train
GigaPath_embeddings_LBC_train/1/ff7ed6b1-de79-4426-84ce-1eb0993ce5ad_pyramid_tiles_files_16_17_19.pt,1,train
GigaPath_embeddings_LBC_train/1/0c815d19-6b10-43b9-b403-e8bcd96c88c9_pyramid_tiles_files_16_23_29.pt,1,train
GigaPath_embeddings_LBC_train/1/e12c0ba4-b9b6-4f55-977d-42841e89f0e1_pyramid_tiles_files_17_15_18.pt,1,train
GigaPath_embeddings_LBC_train/1/7adcd0ef-cbca-4984-aff5-724af95463a4_pyramid_tiles_files_16_23_28.pt,1,train
GigaPath_embeddings_LBC_train/1/97aab5f3-09ef-4dc8-9566-bdabb5ca08b0_pyramid_tiles_files_17_23_73.pt,1,train
GigaPath_embeddings_LBC_train/1/1a491f9b-142c-45d3-813a-98c82ebad222_pyramid_tiles_files_17_23_73.pt,1,train
GigaPath_embeddings_LBC_train/1/27f952da-cb0e-4b86-9464-3b31671933ce_pyramid_tiles_files_17_17_41.pt,1,train
GigaPath_embeddings_LBC_train/1/e91eb178-776c-4b3a-b589-36a0e68408ce_pyramid_tiles_files_16_25_27.pt,1,train
GigaPath_embeddings_LBC_train/1/e4f9d4ac-0e18-426c-920a-56da5042a2b6_pyramid_tiles_files_16_23_28.pt,1,train
GigaPath_embeddings_LBC_train/1/e4490c8a-c816-48d4-acfb-690e781a304a_pyramid_tiles_files_16_18_30.pt,1,train
GigaPath_embeddings_LBC_train/1/e1ee6327-4383-4db7-859d-c209fda7a7d0_pyramid_tiles_files_17_17_41.pt,1,train
GigaPath_embeddings_LBC_train/1/1561b271-ed0a-4bba-968f-ec730f2a5707_pyramid_tiles_files_16_24_27.pt,1,train
GigaPath_embeddings_LBC_train/1/ff7ed6b1-de79-4426-84ce-1eb0993ce5ad_pyramid_tiles_files_16_17_20.pt,1,train
GigaPath_embeddings_LBC_train/1/df5e8063-ae40-4800-9387-61920bf91339_pyramid_tiles_files_16_21_29.pt,1,train
GigaPath_embeddings_LBC_train/1/4d43ca02-898e-471a-89ff-38e030d7d3f8_pyramid_tiles_files_16_18_19.pt,1,train
GigaPath_embeddings_LBC_train/1/d7165445-b5e9-4b9e-844c-84e4e10e76b8_pyramid_tiles_files_16_19_30.pt,1,train
GigaPath_embeddings_LBC_train/1/5a9c4ce1-e317-4782-9740-fea86e490f04_pyramid_tiles_files_16_23_29.pt,1,train
GigaPath_embeddings_LBC_train/1/40490219-ecc2-40c6-bd90-10f007f8f579_pyramid_tiles_files_17_23_72.pt,1,train
GigaPath_embeddings_LBC_train/1/3908d14b-0319-46ce-9d7c-d9f484d4e6c5_pyramid_tiles_files_16_22_29.pt,1,train
GigaPath_embeddings_LBC_train/1/1900bdd5-ff4b-47e3-8384-0c7aa7b67c96_pyramid_tiles_files_16_17_19.pt,1,train
GigaPath_embeddings_LBC_train/1/39551161-80cc-47c6-9219-cb30f7cb3283_pyramid_tiles_files_16_25_27.pt,1,train
GigaPath_embeddings_LBC_train/1/f9e2d87e-82ee-4e66-a710-97cf70cdb392_pyramid_tiles_files_16_17_20.pt,1,train
GigaPath_embeddings_LBC_train/1/e0ee1714-9f42-4c7e-9c29-6b808c24073f_pyramid_tiles_files_16_18_31.pt,1,train
GigaPath_embeddings_LBC_train/1/4d43ca02-898e-471a-89ff-38e030d7d3f8_pyramid_tiles_files_16_18_20.pt,1,train
GigaPath_embeddings_LBC_train/1/a30139a7-46bc-430e-9a88-053af9aa1784_pyramid_tiles_files_17_18_40.pt,1,train
GigaPath_embeddings_LBC_train/1/88fa9c4b-c50b-46b6-8f70-3cb245539b47_pyramid_tiles_files_16_21_28.pt,1,train
GigaPath_embeddings_LBC_train/1/9832fea5-5b1a-41d2-9319-e953a420307d_pyramid_tiles_files_16_18_20.pt,1,train
GigaPath_embeddings_LBC_train/1/215b875c-5819-41d9-857a-da2311a99480_pyramid_tiles_files_17_15_18.pt,1,train
GigaPath_embeddings_LBC_train/1/f845a584-75e9-4272-b88a-3ab2ae175011_pyramid_tiles_files_16_23_29.pt,1,train
GigaPath_embeddings_LBC_train/1/667596ff-485c-41f9-ac32-9f91f8cc66c0_pyramid_tiles_files_17_23_73.pt,1,train
GigaPath_embeddings_LBC_train/1/7cdd2e59-f92b-4294-a70d-7e53dec8f70d_pyramid_tiles_files_17_14_19.pt,1,train
GigaPath_embeddings_LBC_train/1/9c22e271-a48a-45a0-8682-b151a03d336a_pyramid_tiles_files_17_18_40.pt,1,train
GigaPath_embeddings_LBC_train/1/cfad50f3-e318-44ef-9136-da9e38305cd5_pyramid_tiles_files_17_18_40.pt,1,train
GigaPath_embeddings_LBC_train/1/848883dc-0a70-410a-b42c-42818e6bce8a_pyramid_tiles_files_16_25_27.pt,1,train
GigaPath_embeddings_LBC_train/1/33851c15-9a41-450a-bff1-d906c9acf6f3_pyramid_tiles_files_16_18_30.pt,1,train
GigaPath_embeddings_LBC_train/1/e4f9d4ac-0e18-426c-920a-56da5042a2b6_pyramid_tiles_files_16_17_30.pt,1,train
GigaPath_embeddings_LBC_train/1/7136f225-b00f-4314-8e03-bf7cc8c675f6_pyramid_tiles_files_16_24_28.pt,1,train
GigaPath_embeddings_LBC_train/1/103910a7-ef17-49d6-b722-31806bc8c3a5_pyramid_tiles_files_16_18_31.pt,1,train
GigaPath_embeddings_LBC_train/1/103910a7-ef17-49d6-b722-31806bc8c3a5_pyramid_tiles_files_16_17_31.pt,1,train
GigaPath_embeddings_LBC_train/1/a162a4e4-226c-41cb-b60b-475042441e74_pyramid_tiles_files_16_19_30.pt,1,train
GigaPath_embeddings_LBC_train/1/27ccee14-c8c3-471c-a467-861f3013896c_pyramid_tiles_files_17_17_40.pt,1,train
GigaPath_embeddings_LBC_train/1/3edcf025-1da1-4b54-aefd-54ca01f4f0eb_pyramid_tiles_files_17_14_18.pt,1,train
GigaPath_embeddings_LBC_train/1/05f7516a-c717-491e-b5f2-b611c3789fa3_pyramid_tiles_files_16_25_29.pt,1,train
GigaPath_embeddings_LBC_train/1/f8cdd598-f195-4e7f-9140-9230a7341e8d_pyramid_tiles_files_16_24_29.pt,1,train
GigaPath_embeddings_LBC_train/1/0809f883-07ae-4ef2-8963-32424d1b2310_pyramid_tiles_files_16_23_28.pt,1,train
GigaPath_embeddings_LBC_train/1/9218d0a5-c718-45cc-9612-23b0ac040e3e_pyramid_tiles_files_17_15_19.pt,1,train
GigaPath_embeddings_LBC_train/1/7136f225-b00f-4314-8e03-bf7cc8c675f6_pyramid_tiles_files_16_23_29.pt,1,train
GigaPath_embeddings_LBC_train/1/e4490c8a-c816-48d4-acfb-690e781a304a_pyramid_tiles_files_16_17_20.pt,1,train
GigaPath_embeddings_LBC_train/1/8ba06d0e-ba28-481e-a2a9-c95807391113_pyramid_tiles_files_16_19_31.pt,1,train
GigaPath_embeddings_LBC_train/1/2675f262-0e7c-483d-971e-00500ac47587_pyramid_tiles_files_16_17_19.pt,1,train
GigaPath_embeddings_LBC_train/1/e38679b5-dfb1-4d9b-9cd1-51d23497d166_pyramid_tiles_files_16_17_30.pt,1,train
GigaPath_embeddings_LBC_train/1/af452c1d-404b-40d7-8523-afab97ce3fe7_pyramid_tiles_files_17_14_18.pt,1,train
GigaPath_embeddings_LBC_train/1/9489edbc-93c6-4165-97a7-5b51cef27c90_pyramid_tiles_files_17_17_40.pt,1,train
GigaPath_embeddings_LBC_train/1/d78bfaab-dd1d-48d2-a839-ff33e9041001_pyramid_tiles_files_16_23_28.pt,1,train
GigaPath_embeddings_LBC_train/1/9ffbf523-b2b2-4a89-812f-5235ef148d44_pyramid_tiles_files_17_18_41.pt,1,train
GigaPath_embeddings_LBC_train/1/2bb9b118-1d4c-468f-ba3d-1240e98da375_pyramid_tiles_files_17_14_18.pt,1,train
GigaPath_embeddings_LBC_train/1/dd2bbc91-721e-4adb-99a2-23a9f68362ef_pyramid_tiles_files_16_18_19.pt,1,train
GigaPath_embeddings_LBC_train/1/daea7c93-5f94-4fa6-b95d-ec43c7bf721d_pyramid_tiles_files_17_18_41.pt,1,train
GigaPath_embeddings_LBC_train/1/cc7c724e-96c6-42c8-9835-1e0643592f70_pyramid_tiles_files_17_23_72.pt,1,train
GigaPath_embeddings_LBC_train/1/e84495a2-0920-47f9-95a9-f22b38b127ce_pyramid_tiles_files_16_23_29.pt,1,train
GigaPath_embeddings_LBC_train/1/bcb241e8-5c96-4eae-aef2-0494615c7332_pyramid_tiles_files_16_24_28.pt,1,train
GigaPath_embeddings_LBC_train/1/f8cdd598-f195-4e7f-9140-9230a7341e8d_pyramid_tiles_files_16_16_19.pt,1,train
GigaPath_embeddings_LBC_train/1/a38ab9be-f8f2-4144-bb92-ceab9f408c98_pyramid_tiles_files_17_23_72.pt,1,train
GigaPath_embeddings_LBC_train/1/24c8b882-f5c3-44c8-850a-4d8efa534536_pyramid_tiles_files_16_23_29.pt,1,train
GigaPath_embeddings_LBC_train/1/13a98c45-1483-4b7a-b509-ff2f1829df9b_pyramid_tiles_files_17_14_19.pt,1,train
GigaPath_embeddings_LBC_train/1/d8e98d99-2dd8-4f57-b442-3218a7acf30a_pyramid_tiles_files_16_25_29.pt,1,train
GigaPath_embeddings_LBC_train/1/ead8e571-832f-48cf-ac10-dbf23a23e118_pyramid_tiles_files_16_24_27.pt,1,train
GigaPath_embeddings_LBC_train/1/7adcd0ef-cbca-4984-aff5-724af95463a4_pyramid_tiles_files_16_25_28.pt,1,train
GigaPath_embeddings_LBC_train/1/8ba06d0e-ba28-481e-a2a9-c95807391113_pyramid_tiles_files_16_22_28.pt,1,train
GigaPath_embeddings_LBC_train/1/7f90fbd0-c09c-45ef-b603-f0059d32e4af_pyramid_tiles_files_16_24_29.pt,1,train
GigaPath_embeddings_LBC_train/1/e84495a2-0920-47f9-95a9-f22b38b127ce_pyramid_tiles_files_16_18_19.pt,1,train
GigaPath_embeddings_LBC_train/1/deb52381-ec34-4586-a9ba-461702954557_pyramid_tiles_files_17_22_73.pt,1,train
GigaPath_embeddings_LBC_train/1/7a711946-6d6d-4089-84cc-fa4cac2dca59_pyramid_tiles_files_16_21_29.pt,1,train
GigaPath_embeddings_LBC_train/1/d98d1466-b08e-4cdc-81c2-66b38375028f_pyramid_tiles_files_16_23_28.pt,1,train
GigaPath_embeddings_LBC_train/1/10003085-3ef2-4f6d-b4d2-0446990fe5f3_pyramid_tiles_files_16_25_27.pt,1,train
GigaPath_embeddings_LBC_train/1/e1ee6327-4383-4db7-859d-c209fda7a7d0_pyramid_tiles_files_17_15_19.pt,1,train
GigaPath_embeddings_LBC_train/1/2349a7ef-89f1-44c5-a16c-93cd50a5160a_pyramid_tiles_files_17_14_19.pt,1,train
GigaPath_embeddings_LBC_train/1/1561b271-ed0a-4bba-968f-ec730f2a5707_pyramid_tiles_files_16_19_31.pt,1,train
GigaPath_embeddings_LBC_train/1/dd2f13fc-3d5f-40e0-8d49-cc94b041616c_pyramid_tiles_files_16_23_29.pt,1,train
GigaPath_embeddings_LBC_train/1/e4490c8a-c816-48d4-acfb-690e781a304a_pyramid_tiles_files_16_16_19.pt,1,train
GigaPath_embeddings_LBC_train/1/af452c1d-404b-40d7-8523-afab97ce3fe7_pyramid_tiles_files_17_15_18.pt,1,train
GigaPath_embeddings_LBC_train/1/e535b22d-c4ba-4191-805a-4338d4452be1_pyramid_tiles_files_16_16_20.pt,1,train
GigaPath_embeddings_LBC_train/1/b3370ef8-cc53-43e1-a77d-36fb77932b0f_pyramid_tiles_files_16_24_28.pt,1,train
GigaPath_embeddings_LBC_train/1/df4a0635-dc3f-4ccb-a2d9-0f89a4692a93_pyramid_tiles_files_16_21_28.pt,1,train
GigaPath_embeddings_LBC_train/1/a1d1235e-32f4-49da-b297-9b4cfd582499_pyramid_tiles_files_17_17_41.pt,1,train
GigaPath_embeddings_LBC_train/1/4f41714c-6744-4d4a-bc8a-2084292747af_pyramid_tiles_files_17_15_19.pt,1,train
GigaPath_embeddings_LBC_train/1/a88839a2-827d-4c30-85d3-1eebce71509a_pyramid_tiles_files_16_25_29.pt,1,train
GigaPath_embeddings_LBC_train/1/f69d24a9-c04a-42d2-a9d5-c226f35f7dc6_pyramid_tiles_files_17_23_73.pt,1,train
GigaPath_embeddings_LBC_train/1/4e16344b-da3a-4d92-819c-19c4cecff67b_pyramid_tiles_files_17_23_72.pt,1,train
GigaPath_embeddings_LBC_train/1/e84495a2-0920-47f9-95a9-f22b38b127ce_pyramid_tiles_files_16_24_27.pt,1,train
GigaPath_embeddings_LBC_train/1/420bbdfc-3126-41bb-989b-ef534ced41d6_pyramid_tiles_files_16_17_30.pt,1,train
GigaPath_embeddings_LBC_train/1/e84495a2-0920-47f9-95a9-f22b38b127ce_pyramid_tiles_files_16_22_29.pt,1,train
GigaPath_embeddings_LBC_train/1/3f15feb9-c91a-40ce-a257-3d25dfab60d8_pyramid_tiles_files_16_25_28.pt,1,train
GigaPath_embeddings_LBC_train/1/252dbee6-7f3b-41fd-a63c-faf8e39aa257_pyramid_tiles_files_17_23_73.pt,1,train
GigaPath_embeddings_LBC_train/1/537e700c-bb74-41c6-a61e-cbff213e450d_pyramid_tiles_files_16_22_29.pt,1,train
GigaPath_embeddings_LBC_train/1/9832fea5-5b1a-41d2-9319-e953a420307d_pyramid_tiles_files_16_25_27.pt,1,train
GigaPath_embeddings_LBC_train/1/b71e073f-25c7-43e2-9e4a-7809d0613d87_pyramid_tiles_files_16_19_30.pt,1,train
GigaPath_embeddings_LBC_train/1/f38d2bb8-7326-47e7-a2b4-17154c5f2c0c_pyramid_tiles_files_16_18_19.pt,1,train
GigaPath_embeddings_LBC_train/1/39551161-80cc-47c6-9219-cb30f7cb3283_pyramid_tiles_files_16_21_29.pt,1,train
GigaPath_embeddings_LBC_train/1/ead8e571-832f-48cf-ac10-dbf23a23e118_pyramid_tiles_files_16_21_28.pt,1,train
GigaPath_embeddings_LBC_train/1/1fb96a41-129c-4275-b731-c359822ff033_pyramid_tiles_files_17_14_19.pt,1,train
GigaPath_embeddings_LBC_train/1/2675f262-0e7c-483d-971e-00500ac47587_pyramid_tiles_files_16_22_29.pt,1,train
GigaPath_embeddings_LBC_train/1/ba1eb208-7671-4d89-b931-9438a6c52423_pyramid_tiles_files_17_15_18.pt,1,train
GigaPath_embeddings_LBC_train/1/c111e4b1-718a-4334-9d6e-d2394615b1d5_pyramid_tiles_files_17_23_72.pt,1,train
GigaPath_embeddings_LBC_train/1/d7165445-b5e9-4b9e-844c-84e4e10e76b8_pyramid_tiles_files_16_25_29.pt,1,train
GigaPath_embeddings_LBC_train/1/848883dc-0a70-410a-b42c-42818e6bce8a_pyramid_tiles_files_16_22_28.pt,1,train
GigaPath_embeddings_LBC_train/1/ee421114-146a-4aee-beaf-c14dae8a13a4_pyramid_tiles_files_16_22_28.pt,1,train
GigaPath_embeddings_LBC_train/1/5a9c4ce1-e317-4782-9740-fea86e490f04_pyramid_tiles_files_16_17_30.pt,1,train
GigaPath_embeddings_LBC_train/1/df4a0635-dc3f-4ccb-a2d9-0f89a4692a93_pyramid_tiles_files_16_21_29.pt,1,train
GigaPath_embeddings_LBC_train/1/cc7c724e-96c6-42c8-9835-1e0643592f70_pyramid_tiles_files_17_18_40.pt,1,train
GigaPath_embeddings_LBC_train/1/f8cdd598-f195-4e7f-9140-9230a7341e8d_pyramid_tiles_files_16_25_28.pt,1,train
GigaPath_embeddings_LBC_train/1/9f9025f6-3cb2-4e63-9f09-1c25957cd8e3_pyramid_tiles_files_17_15_19.pt,1,train
GigaPath_embeddings_LBC_train/1/a8b605b6-b00f-4588-80f7-a3f04b5daaa3_pyramid_tiles_files_16_18_30.pt,1,train
GigaPath_embeddings_LBC_train/1/2e2cf6c2-259d-4579-9fd6-5e463f70329d_pyramid_tiles_files_17_23_72.pt,1,train
GigaPath_embeddings_LBC_train/1/d0b24e86-0df9-4e80-9802-77f3f8a44a4e_pyramid_tiles_files_16_17_30.pt,1,train
GigaPath_embeddings_LBC_train/1/667596ff-485c-41f9-ac32-9f91f8cc66c0_pyramid_tiles_files_17_24_72.pt,1,train
GigaPath_embeddings_LBC_train/1/5ebe19b1-612c-45d3-9add-3e9a1c06d880_pyramid_tiles_files_17_24_72.pt,1,train
GigaPath_embeddings_LBC_train/1/2ae84759-5488-420a-b67a-2794e594e102_pyramid_tiles_files_16_19_30.pt,1,train
GigaPath_embeddings_LBC_train/1/d98d1466-b08e-4cdc-81c2-66b38375028f_pyramid_tiles_files_16_19_31.pt,1,train
GigaPath_embeddings_LBC_train/1/09022f45-72f6-41d4-b741-d102f2ae2fdc_pyramid_tiles_files_16_17_20.pt,1,train
GigaPath_embeddings_LBC_train/1/5a9c4ce1-e317-4782-9740-fea86e490f04_pyramid_tiles_files_16_19_31.pt,1,train
GigaPath_embeddings_LBC_train/1/f4198852-0424-4491-953a-d3301aaa0524_pyramid_tiles_files_17_14_18.pt,1,train
GigaPath_embeddings_LBC_train/1/1fb96a41-129c-4275-b731-c359822ff033_pyramid_tiles_files_17_18_40.pt,1,train
GigaPath_embeddings_LBC_train/1/f53d7c4b-bc70-4adc-88ff-a136722e0ef0_pyramid_tiles_files_16_17_19.pt,1,train
GigaPath_embeddings_LBC_train/1/99658cf5-d1dc-4436-ac7c-24f303817fb0_pyramid_tiles_files_16_16_20.pt,1,train
GigaPath_embeddings_LBC_train/1/d7165445-b5e9-4b9e-844c-84e4e10e76b8_pyramid_tiles_files_16_18_31.pt,1,train
GigaPath_embeddings_LBC_train/1/3c4ac5df-b116-4847-8737-79d4db791a7e_pyramid_tiles_files_17_14_18.pt,1,train
GigaPath_embeddings_LBC_train/1/39551161-80cc-47c6-9219-cb30f7cb3283_pyramid_tiles_files_16_19_30.pt,1,train
GigaPath_embeddings_LBC_train/1/a1d1235e-32f4-49da-b297-9b4cfd582499_pyramid_tiles_files_17_18_40.pt,1,train
GigaPath_embeddings_LBC_train/1/e55b9872-ce3b-4a05-a062-8297e68e1f6e_pyramid_tiles_files_16_21_28.pt,1,train
GigaPath_embeddings_LBC_train/1/0170e458-6934-43fb-b512-f08220d42a8d_pyramid_tiles_files_17_24_72.pt,1,train
GigaPath_embeddings_LBC_train/1/0c815d19-6b10-43b9-b403-e8bcd96c88c9_pyramid_tiles_files_16_25_27.pt,1,train
GigaPath_embeddings_LBC_train/1/2b77e2fa-983e-4050-ab0f-5179f73a394e_pyramid_tiles_files_16_18_31.pt,1,train
GigaPath_embeddings_LBC_train/1/99658cf5-d1dc-4436-ac7c-24f303817fb0_pyramid_tiles_files_16_17_30.pt,1,train
GigaPath_embeddings_LBC_train/1/ff572c84-b664-461e-9d63-1421cae3c7c0_pyramid_tiles_files_17_23_72.pt,1,train
GigaPath_embeddings_LBC_train/1/f53d7c4b-bc70-4adc-88ff-a136722e0ef0_pyramid_tiles_files_16_25_29.pt,1,train
GigaPath_embeddings_LBC_train/1/ee421114-146a-4aee-beaf-c14dae8a13a4_pyramid_tiles_files_16_16_19.pt,1,train
GigaPath_embeddings_LBC_train/1/24c8b882-f5c3-44c8-850a-4d8efa534536_pyramid_tiles_files_16_18_31.pt,1,train
GigaPath_embeddings_LBC_train/1/f737654c-9f44-4233-b852-5e28e74e8a38_pyramid_tiles_files_17_17_41.pt,1,train
GigaPath_embeddings_LBC_train/1/ba1eb208-7671-4d89-b931-9438a6c52423_pyramid_tiles_files_17_17_41.pt,1,train
GigaPath_embeddings_LBC_train/1/d98d1466-b08e-4cdc-81c2-66b38375028f_pyramid_tiles_files_16_16_20.pt,1,train
GigaPath_embeddings_LBC_train/1/82df266a-7b42-4683-abfd-df06c24c0095_pyramid_tiles_files_17_22_73.pt,1,train
GigaPath_embeddings_LBC_train/1/15d579c8-fab5-414e-8293-453d8f51c4c8_pyramid_tiles_files_17_23_72.pt,1,train
GigaPath_embeddings_LBC_train/1/09022f45-72f6-41d4-b741-d102f2ae2fdc_pyramid_tiles_files_16_16_19.pt,1,train
GigaPath_embeddings_LBC_train/1/4ca4cdf5-ff38-4a76-8a6d-b63e824f6685_pyramid_tiles_files_16_22_28.pt,1,train
GigaPath_embeddings_LBC_train/1/f5a044fa-6bad-49f3-b270-aa635a369748_pyramid_tiles_files_16_23_28.pt,1,train
GigaPath_embeddings_LBC_train/1/1df6ad4f-b95e-468a-b96d-fc28fa16bf7d_pyramid_tiles_files_16_16_20.pt,1,train
GigaPath_embeddings_LBC_train/1/f014b792-5610-425a-9902-a1bb52d60996_pyramid_tiles_files_17_22_72.pt,1,train
GigaPath_embeddings_LBC_train/1/13a98c45-1483-4b7a-b509-ff2f1829df9b_pyramid_tiles_files_17_24_72.pt,1,train
GigaPath_embeddings_LBC_train/1/3edcf025-1da1-4b54-aefd-54ca01f4f0eb_pyramid_tiles_files_17_17_41.pt,1,train
GigaPath_embeddings_LBC_train/1/1f9396eb-107b-4eb2-a434-c7cb66eaa071_pyramid_tiles_files_16_18_30.pt,1,train
GigaPath_embeddings_LBC_train/1/860e3689-9c98-41b1-a40c-82ecedb84773_pyramid_tiles_files_17_24_73.pt,1,train
GigaPath_embeddings_LBC_train/1/910ae3a4-0161-408b-bc72-41e06bd37102_pyramid_tiles_files_16_24_28.pt,1,train
GigaPath_embeddings_LBC_train/1/e12c0ba4-b9b6-4f55-977d-42841e89f0e1_pyramid_tiles_files_17_23_73.pt,1,train
GigaPath_embeddings_LBC_train/1/7cdca764-efc1-4f0d-9faa-10e29288c6f8_pyramid_tiles_files_16_25_28.pt,1,train
GigaPath_embeddings_LBC_train/1/daea7c93-5f94-4fa6-b95d-ec43c7bf721d_pyramid_tiles_files_17_14_19.pt,1,train
GigaPath_embeddings_LBC_train/1/a38ab9be-f8f2-4144-bb92-ceab9f408c98_pyramid_tiles_files_17_17_40.pt,1,train
GigaPath_embeddings_LBC_train/1/bcb241e8-5c96-4eae-aef2-0494615c7332_pyramid_tiles_files_16_17_30.pt,1,train
GigaPath_embeddings_LBC_train/1/420bbdfc-3126-41bb-989b-ef534ced41d6_pyramid_tiles_files_16_18_31.pt,1,train
GigaPath_embeddings_LBC_train/1/0809f883-07ae-4ef2-8963-32424d1b2310_pyramid_tiles_files_16_24_28.pt,1,train
GigaPath_embeddings_LBC_train/1/f4198852-0424-4491-953a-d3301aaa0524_pyramid_tiles_files_17_22_72.pt,1,train
GigaPath_embeddings_LBC_train/1/d8e98d99-2dd8-4f57-b442-3218a7acf30a_pyramid_tiles_files_16_21_29.pt,1,train
GigaPath_embeddings_LBC_train/1/9e3412ec-231c-40a8-8c17-e358744efb5a_pyramid_tiles_files_16_18_30.pt,1,train
GigaPath_embeddings_LBC_train/1/438ea06e-54ae-4f07-98fc-b849cd1edc72_pyramid_tiles_files_17_14_19.pt,1,train
GigaPath_embeddings_LBC_train/1/bfda3d1a-59f1-447b-b964-0774d6564648_pyramid_tiles_files_16_19_30.pt,1,train
GigaPath_embeddings_LBC_train/1/e4f9d4ac-0e18-426c-920a-56da5042a2b6_pyramid_tiles_files_16_21_29.pt,1,train
GigaPath_embeddings_LBC_train/1/1a491f9b-142c-45d3-813a-98c82ebad222_pyramid_tiles_files_17_17_40.pt,1,train
GigaPath_embeddings_LBC_train/1/4f41714c-6744-4d4a-bc8a-2084292747af_pyramid_tiles_files_17_22_72.pt,1,train
GigaPath_embeddings_LBC_train/1/df4a0635-dc3f-4ccb-a2d9-0f89a4692a93_pyramid_tiles_files_16_23_29.pt,1,train
GigaPath_embeddings_LBC_train/1/f53d7c4b-bc70-4adc-88ff-a136722e0ef0_pyramid_tiles_files_16_21_28.pt,1,train
GigaPath_embeddings_LBC_train/1/e1ee6327-4383-4db7-859d-c209fda7a7d0_pyramid_tiles_files_17_17_40.pt,1,train
GigaPath_embeddings_LBC_train/1/d282c089-5b1a-48ca-80c6-5cd67f281d5c_pyramid_tiles_files_17_24_73.pt,1,train
GigaPath_embeddings_LBC_train/1/9fac65c4-3967-4e89-8188-01be7914423b_pyramid_tiles_files_16_25_29.pt,1,train
GigaPath_embeddings_LBC_train/1/c0449d4d-ff24-491e-941b-b82f9910d51e_pyramid_tiles_files_17_15_18.pt,1,train
GigaPath_embeddings_LBC_train/1/c4dfb15f-1b2a-470a-b9ef-613a13d7d505_pyramid_tiles_files_17_24_73.pt,1,train
GigaPath_embeddings_LBC_train/1/ead8e571-832f-48cf-ac10-dbf23a23e118_pyramid_tiles_files_16_17_31.pt,1,train
GigaPath_embeddings_LBC_train/1/a6a6a107-4162-4090-90ff-d4521738c55e_pyramid_tiles_files_16_21_28.pt,1,train
GigaPath_embeddings_LBC_train/1/4e16344b-da3a-4d92-819c-19c4cecff67b_pyramid_tiles_files_17_18_41.pt,1,train
GigaPath_embeddings_LBC_train/1/b3370ef8-cc53-43e1-a77d-36fb77932b0f_pyramid_tiles_files_16_21_28.pt,1,train
GigaPath_embeddings_LBC_train/1/3908d14b-0319-46ce-9d7c-d9f484d4e6c5_pyramid_tiles_files_16_23_29.pt,1,train
GigaPath_embeddings_LBC_train/1/2ae84759-5488-420a-b67a-2794e594e102_pyramid_tiles_files_16_25_28.pt,1,train
GigaPath_embeddings_LBC_train/1/25ef0e93-9216-4b33-af45-158bf3cef8ee_pyramid_tiles_files_17_24_73.pt,1,train
GigaPath_embeddings_LBC_train/1/bfda3d1a-59f1-447b-b964-0774d6564648_pyramid_tiles_files_16_21_29.pt,1,train
GigaPath_embeddings_LBC_train/1/ead8e571-832f-48cf-ac10-dbf23a23e118_pyramid_tiles_files_16_25_28.pt,1,train
GigaPath_embeddings_LBC_train/1/d8e98d99-2dd8-4f57-b442-3218a7acf30a_pyramid_tiles_files_16_18_31.pt,1,train
GigaPath_embeddings_LBC_train/1/e4490c8a-c816-48d4-acfb-690e781a304a_pyramid_tiles_files_16_18_20.pt,1,train
GigaPath_embeddings_LBC_train/1/1df6ad4f-b95e-468a-b96d-fc28fa16bf7d_pyramid_tiles_files_16_24_28.pt,1,train
GigaPath_embeddings_LBC_train/1/88a9d8e1-7333-4408-801b-6b56b5efe148_pyramid_tiles_files_17_14_18.pt,1,train
GigaPath_embeddings_LBC_train/1/13a98c45-1483-4b7a-b509-ff2f1829df9b_pyramid_tiles_files_17_23_72.pt,1,train
GigaPath_embeddings_LBC_train/1/a1d1235e-32f4-49da-b297-9b4cfd582499_pyramid_tiles_files_17_24_73.pt,1,train
GigaPath_embeddings_LBC_train/1/eeace26f-0d61-42b0-8a7e-38cc2f0bd7e5_pyramid_tiles_files_16_23_28.pt,1,train
GigaPath_embeddings_LBC_train/1/e4297377-db96-43c0-981f-bb482a083296_pyramid_tiles_files_17_23_72.pt,1,train
GigaPath_embeddings_LBC_train/1/88c29805-3f26-47c7-a33a-cf45d5ee6dc3_pyramid_tiles_files_16_23_29.pt,1,train
GigaPath_embeddings_LBC_train/1/848883dc-0a70-410a-b42c-42818e6bce8a_pyramid_tiles_files_16_19_30.pt,1,train
GigaPath_embeddings_LBC_train/1/10003085-3ef2-4f6d-b4d2-0446990fe5f3_pyramid_tiles_files_16_25_28.pt,1,train
GigaPath_embeddings_LBC_train/1/fc9cbd08-d93b-4d8d-8b07-fa43079c9d4f_pyramid_tiles_files_17_17_41.pt,1,train
GigaPath_embeddings_LBC_train/1/f8cdd598-f195-4e7f-9140-9230a7341e8d_pyramid_tiles_files_16_21_28.pt,1,train
GigaPath_embeddings_LBC_train/1/3051d836-91a4-4aff-9bf2-7cf31904a2ea_pyramid_tiles_files_16_18_19.pt,1,train
GigaPath_embeddings_LBC_train/1/24c8b882-f5c3-44c8-850a-4d8efa534536_pyramid_tiles_files_16_22_28.pt,1,train
GigaPath_embeddings_LBC_train/1/88c29805-3f26-47c7-a33a-cf45d5ee6dc3_pyramid_tiles_files_16_21_28.pt,1,train
GigaPath_embeddings_LBC_train/1/7cdca764-efc1-4f0d-9faa-10e29288c6f8_pyramid_tiles_files_16_24_28.pt,1,train
GigaPath_embeddings_LBC_train/1/2ae84759-5488-420a-b67a-2794e594e102_pyramid_tiles_files_16_18_30.pt,1,train
GigaPath_embeddings_LBC_train/1/a162a4e4-226c-41cb-b60b-475042441e74_pyramid_tiles_files_16_22_28.pt,1,train
GigaPath_embeddings_LBC_train/1/9ffbf523-b2b2-4a89-812f-5235ef148d44_pyramid_tiles_files_17_17_40.pt,1,train
GigaPath_embeddings_LBC_train/1/5a9c4ce1-e317-4782-9740-fea86e490f04_pyramid_tiles_files_16_18_31.pt,1,train
GigaPath_embeddings_LBC_train/1/cf67a244-b7e8-46cf-81e4-fd444b2ccbc0_pyramid_tiles_files_17_14_18.pt,1,train
GigaPath_embeddings_LBC_train/1/efbff1b0-e29a-4b52-9676-b20fbd72d3b5_pyramid_tiles_files_16_24_28.pt,1,train
GigaPath_embeddings_LBC_train/1/e0ee1714-9f42-4c7e-9c29-6b808c24073f_pyramid_tiles_files_16_18_30.pt,1,train
GigaPath_embeddings_LBC_train/1/cc7c724e-96c6-42c8-9835-1e0643592f70_pyramid_tiles_files_17_17_40.pt,1,train
GigaPath_embeddings_LBC_train/1/1a491f9b-142c-45d3-813a-98c82ebad222_pyramid_tiles_files_17_22_73.pt,1,train
GigaPath_embeddings_LBC_train/1/53cd3df9-c1cf-4391-9f95-43ebac8dd8f0_pyramid_tiles_files_17_24_73.pt,1,train
GigaPath_embeddings_LBC_train/1/252dbee6-7f3b-41fd-a63c-faf8e39aa257_pyramid_tiles_files_17_17_41.pt,1,train
GigaPath_embeddings_LBC_train/1/1a244e75-7c81-4580-940b-730cdb7d6229_pyramid_tiles_files_17_23_73.pt,1,train
GigaPath_embeddings_LBC_train/1/deb52381-ec34-4586-a9ba-461702954557_pyramid_tiles_files_17_23_73.pt,1,train
GigaPath_embeddings_LBC_train/1/efbff1b0-e29a-4b52-9676-b20fbd72d3b5_pyramid_tiles_files_16_18_30.pt,1,train
GigaPath_embeddings_LBC_train/1/eed8a45e-5400-44f3-bec9-acad9bffabe6_pyramid_tiles_files_16_24_27.pt,1,train
GigaPath_embeddings_LBC_train/1/1900bdd5-ff4b-47e3-8384-0c7aa7b67c96_pyramid_tiles_files_16_18_30.pt,1,train
GigaPath_embeddings_LBC_train/1/2ae84759-5488-420a-b67a-2794e594e102_pyramid_tiles_files_16_17_31.pt,1,train
GigaPath_embeddings_LBC_train/1/fb34db15-00ea-425c-89e7-8f6bf844e9e8_pyramid_tiles_files_16_22_29.pt,1,train
GigaPath_embeddings_LBC_train/1/5d4f21ca-f7ae-4fca-8e36-fd6db89d841e_pyramid_tiles_files_17_17_41.pt,1,train
GigaPath_embeddings_LBC_train/1/a162a4e4-226c-41cb-b60b-475042441e74_pyramid_tiles_files_16_18_19.pt,1,train
GigaPath_embeddings_LBC_train/1/91227689-c1bd-4afa-8cbe-1149576083db_pyramid_tiles_files_17_14_19.pt,1,train
GigaPath_embeddings_LBC_train/1/971a85a8-c488-4a63-a524-48dc9cc05cb6_pyramid_tiles_files_17_15_18.pt,1,train
GigaPath_embeddings_LBC_train/1/e1ee6327-4383-4db7-859d-c209fda7a7d0_pyramid_tiles_files_17_22_73.pt,1,train
GigaPath_embeddings_LBC_train/1/4ca4cdf5-ff38-4a76-8a6d-b63e824f6685_pyramid_tiles_files_16_24_28.pt,1,train
GigaPath_embeddings_LBC_train/1/fb34db15-00ea-425c-89e7-8f6bf844e9e8_pyramid_tiles_files_16_17_19.pt,1,train
GigaPath_embeddings_LBC_train/1/f53d7c4b-bc70-4adc-88ff-a136722e0ef0_pyramid_tiles_files_16_25_27.pt,1,train
GigaPath_embeddings_LBC_train/1/3a922671-4cfc-4650-8cc9-51db2c72c8d4_pyramid_tiles_files_16_24_27.pt,1,train
GigaPath_embeddings_LBC_train/1/e535b22d-c4ba-4191-805a-4338d4452be1_pyramid_tiles_files_16_16_19.pt,1,train
GigaPath_embeddings_LBC_train/1/9489edbc-93c6-4165-97a7-5b51cef27c90_pyramid_tiles_files_17_18_40.pt,1,train
GigaPath_embeddings_LBC_train/1/4d43ca02-898e-471a-89ff-38e030d7d3f8_pyramid_tiles_files_16_25_28.pt,1,train
GigaPath_embeddings_LBC_train/1/df4a0635-dc3f-4ccb-a2d9-0f89a4692a93_pyramid_tiles_files_16_17_20.pt,1,train
GigaPath_embeddings_LBC_train/1/f53d7c4b-bc70-4adc-88ff-a136722e0ef0_pyramid_tiles_files_16_24_29.pt,1,train
GigaPath_embeddings_LBC_train/1/7d2da7f8-aa22-429e-9690-f6ff7fbfb9c6_pyramid_tiles_files_17_17_41.pt,1,train
GigaPath_embeddings_LBC_train/1/a6cbace4-4145-454d-bea2-a9043abe08d8_pyramid_tiles_files_17_17_40.pt,1,train
GigaPath_embeddings_LBC_train/1/fb34db15-00ea-425c-89e7-8f6bf844e9e8_pyramid_tiles_files_16_17_30.pt,1,train
GigaPath_embeddings_LBC_train/1/2ae84759-5488-420a-b67a-2794e594e102_pyramid_tiles_files_16_17_19.pt,1,train
GigaPath_embeddings_LBC_train/1/9fac65c4-3967-4e89-8188-01be7914423b_pyramid_tiles_files_16_18_31.pt,1,train
GigaPath_embeddings_LBC_train/1/9fac65c4-3967-4e89-8188-01be7914423b_pyramid_tiles_files_16_25_27.pt,1,train
GigaPath_embeddings_LBC_train/1/df5e8063-ae40-4800-9387-61920bf91339_pyramid_tiles_files_16_17_20.pt,1,train
GigaPath_embeddings_LBC_train/1/a8b605b6-b00f-4588-80f7-a3f04b5daaa3_pyramid_tiles_files_16_24_28.pt,1,train
GigaPath_embeddings_LBC_train/1/a422fe88-c84c-4c11-998c-29ec63c8cc3b_pyramid_tiles_files_17_23_72.pt,1,train
GigaPath_embeddings_LBC_train/1/dd2bbc91-721e-4adb-99a2-23a9f68362ef_pyramid_tiles_files_16_25_27.pt,1,train
GigaPath_embeddings_LBC_train/1/53cd3df9-c1cf-4391-9f95-43ebac8dd8f0_pyramid_tiles_files_17_23_72.pt,1,train
GigaPath_embeddings_LBC_train/1/35529ea9-ab7d-4e67-9be2-7faddf0afbed_pyramid_tiles_files_16_21_28.pt,1,train
GigaPath_embeddings_LBC_train/1/2349a7ef-89f1-44c5-a16c-93cd50a5160a_pyramid_tiles_files_17_23_72.pt,1,train
GigaPath_embeddings_LBC_train/1/91227689-c1bd-4afa-8cbe-1149576083db_pyramid_tiles_files_17_17_40.pt,1,train
GigaPath_embeddings_LBC_train/1/8622536e-861a-4e45-8c03-1337f35267fb_pyramid_tiles_files_16_25_29.pt,1,train
GigaPath_embeddings_LBC_train/1/0c815d19-6b10-43b9-b403-e8bcd96c88c9_pyramid_tiles_files_16_18_20.pt,1,train
GigaPath_embeddings_LBC_train/1/2b77e2fa-983e-4050-ab0f-5179f73a394e_pyramid_tiles_files_16_23_28.pt,1,train
GigaPath_embeddings_LBC_train/1/f5a044fa-6bad-49f3-b270-aa635a369748_pyramid_tiles_files_16_18_30.pt,1,train
GigaPath_embeddings_LBC_train/1/c99b0491-5d02-4e58-90c0-67838b0b2500_pyramid_tiles_files_16_25_28.pt,1,train
GigaPath_embeddings_LBC_train/1/42d0b3fd-f8a3-46b8-9661-e9a432105fcd_pyramid_tiles_files_17_15_18.pt,1,train
GigaPath_embeddings_LBC_train/1/cfa1a36d-1290-4546-8c41-a23a9c66188d_pyramid_tiles_files_16_25_27.pt,1,train
GigaPath_embeddings_LBC_train/1/10003085-3ef2-4f6d-b4d2-0446990fe5f3_pyramid_tiles_files_16_19_31.pt,1,train
GigaPath_embeddings_LBC_train/1/a6a6a107-4162-4090-90ff-d4521738c55e_pyramid_tiles_files_16_24_27.pt,1,train
GigaPath_embeddings_LBC_train/1/2b77e2fa-983e-4050-ab0f-5179f73a394e_pyramid_tiles_files_16_24_27.pt,1,train
GigaPath_embeddings_LBC_train/1/a7129833-faa2-4c97-826d-e43b75b7cb05_pyramid_tiles_files_16_16_20.pt,1,train
GigaPath_embeddings_LBC_train/1/3908d14b-0319-46ce-9d7c-d9f484d4e6c5_pyramid_tiles_files_16_17_20.pt,1,train
GigaPath_embeddings_LBC_train/1/49b89d48-2f98-4969-93ac-ab3721e48228_pyramid_tiles_files_17_17_41.pt,1,train
GigaPath_embeddings_LBC_train/1/28b2c9da-27e9-4c9a-8989-7902bd4829ec_pyramid_tiles_files_17_24_73.pt,1,train
GigaPath_embeddings_LBC_train/1/d0b24e86-0df9-4e80-9802-77f3f8a44a4e_pyramid_tiles_files_16_18_20.pt,1,train
GigaPath_embeddings_LBC_train/1/2154bc6d-2b7b-4c63-ba32-d877a60f2cff_pyramid_tiles_files_16_19_30.pt,1,train
GigaPath_embeddings_LBC_train/1/b3370ef8-cc53-43e1-a77d-36fb77932b0f_pyramid_tiles_files_16_18_30.pt,1,train
GigaPath_embeddings_LBC_train/1/860e3689-9c98-41b1-a40c-82ecedb84773_pyramid_tiles_files_17_14_18.pt,1,train
GigaPath_embeddings_LBC_train/1/d14ee81b-590d-49f1-b9c1-f25c022331b9_pyramid_tiles_files_16_17_20.pt,1,train
GigaPath_embeddings_LBC_train/1/91227689-c1bd-4afa-8cbe-1149576083db_pyramid_tiles_files_17_15_18.pt,1,train
GigaPath_embeddings_LBC_train/1/1900bdd5-ff4b-47e3-8384-0c7aa7b67c96_pyramid_tiles_files_16_24_27.pt,1,train
GigaPath_embeddings_LBC_train/1/ee421114-146a-4aee-beaf-c14dae8a13a4_pyramid_tiles_files_16_17_19.pt,1,train
GigaPath_embeddings_LBC_train/1/fb34db15-00ea-425c-89e7-8f6bf844e9e8_pyramid_tiles_files_16_21_28.pt,1,train
GigaPath_embeddings_LBC_train/1/215b875c-5819-41d9-857a-da2311a99480_pyramid_tiles_files_17_17_41.pt,1,train
GigaPath_embeddings_LBC_train/1/7dcf5c3f-c90d-4884-97a6-2a341140819f_pyramid_tiles_files_17_15_18.pt,1,train
GigaPath_embeddings_LBC_train/1/b34b3227-38a8-47fe-8920-18c280edcff6_pyramid_tiles_files_16_17_30.pt,1,train
GigaPath_embeddings_LBC_train/1/05a7c75a-3a19-42fe-bef4-46321b96503c_pyramid_tiles_files_16_25_28.pt,1,train
GigaPath_embeddings_LBC_train/1/eed8a45e-5400-44f3-bec9-acad9bffabe6_pyramid_tiles_files_16_17_31.pt,1,train
GigaPath_embeddings_LBC_train/1/1a491f9b-142c-45d3-813a-98c82ebad222_pyramid_tiles_files_17_18_41.pt,1,train
GigaPath_embeddings_LBC_train/1/ed470fa7-2231-4856-bbdb-9c45ada10876_pyramid_tiles_files_16_19_31.pt,1,train
GigaPath_embeddings_LBC_train/1/33851c15-9a41-450a-bff1-d906c9acf6f3_pyramid_tiles_files_16_18_20.pt,1,train
GigaPath_embeddings_LBC_train/1/8ba06d0e-ba28-481e-a2a9-c95807391113_pyramid_tiles_files_16_24_27.pt,1,train
GigaPath_embeddings_LBC_train/1/9832fea5-5b1a-41d2-9319-e953a420307d_pyramid_tiles_files_16_23_29.pt,1,train
GigaPath_embeddings_LBC_train/1/e0ee1714-9f42-4c7e-9c29-6b808c24073f_pyramid_tiles_files_16_24_28.pt,1,train
GigaPath_embeddings_LBC_train/1/ead8e571-832f-48cf-ac10-dbf23a23e118_pyramid_tiles_files_16_18_30.pt,1,train
GigaPath_embeddings_LBC_train/1/4c84cdfb-d548-4bf1-9598-98c0a3d934e1_pyramid_tiles_files_17_24_73.pt,1,train
GigaPath_embeddings_LBC_train/1/537e700c-bb74-41c6-a61e-cbff213e450d_pyramid_tiles_files_16_19_30.pt,1,train
GigaPath_embeddings_LBC_train/1/4c84cdfb-d548-4bf1-9598-98c0a3d934e1_pyramid_tiles_files_17_18_41.pt,1,train
GigaPath_embeddings_LBC_train/1/ed470fa7-2231-4856-bbdb-9c45ada10876_pyramid_tiles_files_16_25_27.pt,1,train
GigaPath_embeddings_LBC_train/1/24c8b882-f5c3-44c8-850a-4d8efa534536_pyramid_tiles_files_16_17_31.pt,1,train
GigaPath_embeddings_LBC_train/1/d8e98d99-2dd8-4f57-b442-3218a7acf30a_pyramid_tiles_files_16_18_20.pt,1,train
GigaPath_embeddings_LBC_train/1/88c29805-3f26-47c7-a33a-cf45d5ee6dc3_pyramid_tiles_files_16_16_20.pt,1,train
GigaPath_embeddings_LBC_train/1/1561b271-ed0a-4bba-968f-ec730f2a5707_pyramid_tiles_files_16_18_19.pt,1,train
GigaPath_embeddings_LBC_train/1/a7129833-faa2-4c97-826d-e43b75b7cb05_pyramid_tiles_files_16_23_28.pt,1,train
GigaPath_embeddings_LBC_train/1/53cd3df9-c1cf-4391-9f95-43ebac8dd8f0_pyramid_tiles_files_17_18_40.pt,1,train
GigaPath_embeddings_LBC_train/1/2bb9b118-1d4c-468f-ba3d-1240e98da375_pyramid_tiles_files_17_18_40.pt,1,train
GigaPath_embeddings_LBC_train/1/878e391e-4957-471f-bea3-e02bf882cfd1_pyramid_tiles_files_17_14_18.pt,1,train
GigaPath_embeddings_LBC_train/1/a7129833-faa2-4c97-826d-e43b75b7cb05_pyramid_tiles_files_16_24_27.pt,1,train
GigaPath_embeddings_LBC_train/1/d8e98d99-2dd8-4f57-b442-3218a7acf30a_pyramid_tiles_files_16_24_29.pt,1,train
GigaPath_embeddings_LBC_train/1/a7129833-faa2-4c97-826d-e43b75b7cb05_pyramid_tiles_files_16_23_29.pt,1,train
GigaPath_embeddings_LBC_train/1/27f952da-cb0e-4b86-9464-3b31671933ce_pyramid_tiles_files_17_18_40.pt,1,train
GigaPath_embeddings_LBC_train/1/49b7db50-8c64-4aed-aeec-f61e6432f3fd_pyramid_tiles_files_17_22_72.pt,1,train
GigaPath_embeddings_LBC_train/1/2b77e2fa-983e-4050-ab0f-5179f73a394e_pyramid_tiles_files_16_24_28.pt,1,train
GigaPath_embeddings_LBC_train/1/41295260-4748-4a7d-9689-d22f4d1bf6c1_pyramid_tiles_files_16_22_28.pt,1,train
GigaPath_embeddings_LBC_train/1/82df266a-7b42-4683-abfd-df06c24c0095_pyramid_tiles_files_17_24_73.pt,1,train
GigaPath_embeddings_LBC_train/1/770f5bc2-09e8-4f6f-80f2-7c32080268a6_pyramid_tiles_files_16_18_19.pt,1,train
GigaPath_embeddings_LBC_train/1/efbff1b0-e29a-4b52-9676-b20fbd72d3b5_pyramid_tiles_files_16_18_31.pt,1,train
GigaPath_embeddings_LBC_train/1/daea7c93-5f94-4fa6-b95d-ec43c7bf721d_pyramid_tiles_files_17_17_41.pt,1,train
GigaPath_embeddings_LBC_train/1/7a711946-6d6d-4089-84cc-fa4cac2dca59_pyramid_tiles_files_16_22_28.pt,1,train
GigaPath_embeddings_LBC_train/1/9c22e271-a48a-45a0-8682-b151a03d336a_pyramid_tiles_files_17_17_40.pt,1,train
GigaPath_embeddings_LBC_train/1/a4047681-fe6c-4db0-8e38-c66ca50d77f7_pyramid_tiles_files_17_17_40.pt,1,train
GigaPath_embeddings_LBC_train/1/68b65586-1dd1-4c9e-9287-324e0907ce17_pyramid_tiles_files_16_22_29.pt,1,train
GigaPath_embeddings_LBC_train/1/252dbee6-7f3b-41fd-a63c-faf8e39aa257_pyramid_tiles_files_17_24_72.pt,1,train
GigaPath_embeddings_LBC_train/1/7b35cee2-c730-4045-a69b-18802e2b4c8e_pyramid_tiles_files_17_22_73.pt,1,train
GigaPath_embeddings_LBC_train/1/d5e5cbb6-7fcb-47e0-871f-7d31770b7acc_pyramid_tiles_files_16_25_27.pt,1,train
GigaPath_embeddings_LBC_train/1/e4297377-db96-43c0-981f-bb482a083296_pyramid_tiles_files_17_15_18.pt,1,train
GigaPath_embeddings_LBC_train/1/10003085-3ef2-4f6d-b4d2-0446990fe5f3_pyramid_tiles_files_16_17_30.pt,1,train
GigaPath_embeddings_LBC_train/1/bfda3d1a-59f1-447b-b964-0774d6564648_pyramid_tiles_files_16_23_28.pt,1,train
GigaPath_embeddings_LBC_train/1/d98d1466-b08e-4cdc-81c2-66b38375028f_pyramid_tiles_files_16_18_30.pt,1,train
GigaPath_embeddings_LBC_train/1/49b89d48-2f98-4969-93ac-ab3721e48228_pyramid_tiles_files_17_14_18.pt,1,train
GigaPath_embeddings_LBC_train/1/420bbdfc-3126-41bb-989b-ef534ced41d6_pyramid_tiles_files_16_17_20.pt,1,train
GigaPath_embeddings_LBC_train/1/7f084246-fcef-4879-82dd-17c18cc3481b_pyramid_tiles_files_16_24_27.pt,1,train
GigaPath_embeddings_LBC_train/1/7adcd0ef-cbca-4984-aff5-724af95463a4_pyramid_tiles_files_16_25_27.pt,1,train
GigaPath_embeddings_LBC_train/1/24c8b882-f5c3-44c8-850a-4d8efa534536_pyramid_tiles_files_16_24_28.pt,1,train
GigaPath_embeddings_LBC_train/1/537e700c-bb74-41c6-a61e-cbff213e450d_pyramid_tiles_files_16_19_31.pt,1,train
GigaPath_embeddings_LBC_train/1/df4a0635-dc3f-4ccb-a2d9-0f89a4692a93_pyramid_tiles_files_16_23_28.pt,1,train
GigaPath_embeddings_LBC_train/1/e55b9872-ce3b-4a05-a062-8297e68e1f6e_pyramid_tiles_files_16_24_28.pt,1,train
GigaPath_embeddings_LBC_train/1/2e2cf6c2-259d-4579-9fd6-5e463f70329d_pyramid_tiles_files_17_24_72.pt,1,train
GigaPath_embeddings_LBC_train/1/1900bdd5-ff4b-47e3-8384-0c7aa7b67c96_pyramid_tiles_files_16_17_31.pt,1,train
GigaPath_embeddings_LBC_train/1/05f7516a-c717-491e-b5f2-b611c3789fa3_pyramid_tiles_files_16_17_30.pt,1,train
GigaPath_embeddings_LBC_train/1/7a711946-6d6d-4089-84cc-fa4cac2dca59_pyramid_tiles_files_16_23_29.pt,1,train
GigaPath_embeddings_LBC_train/1/df5e8063-ae40-4800-9387-61920bf91339_pyramid_tiles_files_16_24_29.pt,1,train
GigaPath_embeddings_LBC_train/1/ff7ed6b1-de79-4426-84ce-1eb0993ce5ad_pyramid_tiles_files_16_18_20.pt,1,train
GigaPath_embeddings_LBC_train/1/9c22e271-a48a-45a0-8682-b151a03d336a_pyramid_tiles_files_17_14_18.pt,1,train
GigaPath_embeddings_LBC_train/1/7cdd2e59-f92b-4294-a70d-7e53dec8f70d_pyramid_tiles_files_17_18_40.pt,1,train
GigaPath_embeddings_LBC_train/1/1de50383-a38d-4e77-8672-3cae59401c9e_pyramid_tiles_files_17_17_41.pt,1,train
GigaPath_embeddings_LBC_train/1/e55b9872-ce3b-4a05-a062-8297e68e1f6e_pyramid_tiles_files_16_19_31.pt,1,train
GigaPath_embeddings_LBC_train/1/252dbee6-7f3b-41fd-a63c-faf8e39aa257_pyramid_tiles_files_17_17_40.pt,1,train
GigaPath_embeddings_LBC_train/1/dd2f13fc-3d5f-40e0-8d49-cc94b041616c_pyramid_tiles_files_16_24_28.pt,1,train
GigaPath_embeddings_LBC_train/1/34ba83db-88de-4125-8d7e-fc129b494468_pyramid_tiles_files_16_18_19.pt,1,train
GigaPath_embeddings_LBC_train/1/ff7ed6b1-de79-4426-84ce-1eb0993ce5ad_pyramid_tiles_files_16_16_19.pt,1,train
GigaPath_embeddings_LBC_train/1/770f5bc2-09e8-4f6f-80f2-7c32080268a6_pyramid_tiles_files_16_18_31.pt,1,train
GigaPath_embeddings_LBC_train/1/1f9396eb-107b-4eb2-a434-c7cb66eaa071_pyramid_tiles_files_16_16_20.pt,1,train
GigaPath_embeddings_LBC_train/1/3edcf025-1da1-4b54-aefd-54ca01f4f0eb_pyramid_tiles_files_17_18_40.pt,1,train
GigaPath_embeddings_LBC_train/1/1f9396eb-107b-4eb2-a434-c7cb66eaa071_pyramid_tiles_files_16_25_27.pt,1,train
GigaPath_embeddings_LBC_train/1/dd2f13fc-3d5f-40e0-8d49-cc94b041616c_pyramid_tiles_files_16_22_28.pt,1,train
GigaPath_embeddings_LBC_train/1/e38679b5-dfb1-4d9b-9cd1-51d23497d166_pyramid_tiles_files_16_22_28.pt,1,train
GigaPath_embeddings_LBC_train/1/eed8a45e-5400-44f3-bec9-acad9bffabe6_pyramid_tiles_files_16_25_27.pt,1,train
GigaPath_embeddings_LBC_train/1/5d4f21ca-f7ae-4fca-8e36-fd6db89d841e_pyramid_tiles_files_17_24_72.pt,1,train
GigaPath_embeddings_LBC_train/1/1df6ad4f-b95e-468a-b96d-fc28fa16bf7d_pyramid_tiles_files_16_24_27.pt,1,train
GigaPath_embeddings_LBC_train/1/10003085-3ef2-4f6d-b4d2-0446990fe5f3_pyramid_tiles_files_16_16_19.pt,1,train
GigaPath_embeddings_LBC_train/1/a1d1235e-32f4-49da-b297-9b4cfd582499_pyramid_tiles_files_17_23_73.pt,1,train
GigaPath_embeddings_LBC_train/1/7f084246-fcef-4879-82dd-17c18cc3481b_pyramid_tiles_files_16_16_19.pt,1,train
GigaPath_embeddings_LBC_train/1/9fac65c4-3967-4e89-8188-01be7914423b_pyramid_tiles_files_16_17_20.pt,1,train
GigaPath_embeddings_LBC_train/1/ee421114-146a-4aee-beaf-c14dae8a13a4_pyramid_tiles_files_16_18_20.pt,1,train
GigaPath_embeddings_LBC_train/1/ed470fa7-2231-4856-bbdb-9c45ada10876_pyramid_tiles_files_16_22_29.pt,1,train
GigaPath_embeddings_LBC_train/1/d282c089-5b1a-48ca-80c6-5cd67f281d5c_pyramid_tiles_files_17_24_72.pt,1,train
GigaPath_embeddings_LBC_train/1/4e16344b-da3a-4d92-819c-19c4cecff67b_pyramid_tiles_files_17_23_73.pt,1,train
GigaPath_embeddings_LBC_train/1/a38ab9be-f8f2-4144-bb92-ceab9f408c98_pyramid_tiles_files_17_15_18.pt,1,train
GigaPath_embeddings_LBC_train/1/878e391e-4957-471f-bea3-e02bf882cfd1_pyramid_tiles_files_17_23_72.pt,1,train
GigaPath_embeddings_LBC_train/1/7dcf5c3f-c90d-4884-97a6-2a341140819f_pyramid_tiles_files_17_23_72.pt,1,train
GigaPath_embeddings_LBC_train/1/d8e98d99-2dd8-4f57-b442-3218a7acf30a_pyramid_tiles_files_16_24_28.pt,1,train
GigaPath_embeddings_LBC_train/1/2b77e2fa-983e-4050-ab0f-5179f73a394e_pyramid_tiles_files_16_21_28.pt,1,train
GigaPath_embeddings_LBC_train/1/7cdca764-efc1-4f0d-9faa-10e29288c6f8_pyramid_tiles_files_16_25_27.pt,1,train
GigaPath_embeddings_LBC_train/1/6863a74b-12b6-41e5-8beb-60b571303b26_pyramid_tiles_files_17_22_73.pt,1,train
GigaPath_embeddings_LBC_train/1/c6396b76-347c-4c7e-83b6-f23bc75f38fb_pyramid_tiles_files_17_15_18.pt,1,train
GigaPath_embeddings_LBC_train/1/cf67a244-b7e8-46cf-81e4-fd444b2ccbc0_pyramid_tiles_files_17_24_73.pt,1,train
GigaPath_embeddings_LBC_train/1/7d2da7f8-aa22-429e-9690-f6ff7fbfb9c6_pyramid_tiles_files_17_23_73.pt,1,train
GigaPath_embeddings_LBC_train/1/39551161-80cc-47c6-9219-cb30f7cb3283_pyramid_tiles_files_16_19_31.pt,1,train
GigaPath_embeddings_LBC_train/1/438ea06e-54ae-4f07-98fc-b849cd1edc72_pyramid_tiles_files_17_17_41.pt,1,train
GigaPath_embeddings_LBC_train/1/585c9fc8-5144-4038-b03f-94d1b70ca166_pyramid_tiles_files_17_17_40.pt,1,train
GigaPath_embeddings_LBC_train/1/13a98c45-1483-4b7a-b509-ff2f1829df9b_pyramid_tiles_files_17_24_73.pt,1,train
GigaPath_embeddings_LBC_train/1/10003085-3ef2-4f6d-b4d2-0446990fe5f3_pyramid_tiles_files_16_16_20.pt,1,train
GigaPath_embeddings_LBC_train/1/dd2f13fc-3d5f-40e0-8d49-cc94b041616c_pyramid_tiles_files_16_25_27.pt,1,train
GigaPath_embeddings_LBC_train/1/3c4ac5df-b116-4847-8737-79d4db791a7e_pyramid_tiles_files_17_17_40.pt,1,train
GigaPath_embeddings_LBC_train/1/8622536e-861a-4e45-8c03-1337f35267fb_pyramid_tiles_files_16_24_28.pt,1,train
GigaPath_embeddings_LBC_train/1/e55b9872-ce3b-4a05-a062-8297e68e1f6e_pyramid_tiles_files_16_18_30.pt,1,train
GigaPath_embeddings_LBC_train/1/7f084246-fcef-4879-82dd-17c18cc3481b_pyramid_tiles_files_16_23_29.pt,1,train
GigaPath_embeddings_LBC_train/1/7cdca764-efc1-4f0d-9faa-10e29288c6f8_pyramid_tiles_files_16_24_27.pt,1,train
GigaPath_embeddings_LBC_train/1/b71e073f-25c7-43e2-9e4a-7809d0613d87_pyramid_tiles_files_16_23_28.pt,1,train
GigaPath_embeddings_LBC_train/1/2edb0236-8fca-4fab-a0e9-300304e2a20a_pyramid_tiles_files_17_22_72.pt,1,train
GigaPath_embeddings_LBC_train/1/fe82db87-b9ac-4171-b3b8-df2cf530394a_pyramid_tiles_files_17_17_41.pt,1,train
GigaPath_embeddings_LBC_train/1/ed470fa7-2231-4856-bbdb-9c45ada10876_pyramid_tiles_files_16_22_28.pt,1,train
GigaPath_embeddings_LBC_train/1/e4f9d4ac-0e18-426c-920a-56da5042a2b6_pyramid_tiles_files_16_19_31.pt,1,train
GigaPath_embeddings_LBC_train/1/ff572c84-b664-461e-9d63-1421cae3c7c0_pyramid_tiles_files_17_22_72.pt,1,train
GigaPath_embeddings_LBC_train/1/2bb9b118-1d4c-468f-ba3d-1240e98da375_pyramid_tiles_files_17_23_72.pt,1,train
GigaPath_embeddings_LBC_train/1/1b577487-07bc-477e-8f84-d6700010a240_pyramid_tiles_files_17_22_72.pt,1,train
GigaPath_embeddings_LBC_train/1/420bbdfc-3126-41bb-989b-ef534ced41d6_pyramid_tiles_files_16_24_28.pt,1,train
GigaPath_embeddings_LBC_train/1/a7129833-faa2-4c97-826d-e43b75b7cb05_pyramid_tiles_files_16_18_30.pt,1,train
GigaPath_embeddings_LBC_train/1/ba1eb208-7671-4d89-b931-9438a6c52423_pyramid_tiles_files_17_23_72.pt,1,train
GigaPath_embeddings_LBC_train/1/27f952da-cb0e-4b86-9464-3b31671933ce_pyramid_tiles_files_17_23_73.pt,1,train
GigaPath_embeddings_LBC_train/1/4f41714c-6744-4d4a-bc8a-2084292747af_pyramid_tiles_files_17_14_19.pt,1,train
GigaPath_embeddings_LBC_train/1/e55b9872-ce3b-4a05-a062-8297e68e1f6e_pyramid_tiles_files_16_23_29.pt,1,train
GigaPath_embeddings_LBC_train/1/dd2f13fc-3d5f-40e0-8d49-cc94b041616c_pyramid_tiles_files_16_23_28.pt,1,train
GigaPath_embeddings_LBC_train/1/252dbee6-7f3b-41fd-a63c-faf8e39aa257_pyramid_tiles_files_17_15_19.pt,1,train
GigaPath_embeddings_LBC_train/1/4ca4cdf5-ff38-4a76-8a6d-b63e824f6685_pyramid_tiles_files_16_21_28.pt,1,train
GigaPath_embeddings_LBC_train/1/82df266a-7b42-4683-abfd-df06c24c0095_pyramid_tiles_files_17_15_19.pt,1,train
GigaPath_embeddings_LBC_train/1/f53d7c4b-bc70-4adc-88ff-a136722e0ef0_pyramid_tiles_files_16_18_19.pt,1,train
GigaPath_embeddings_LBC_train/1/d7165445-b5e9-4b9e-844c-84e4e10e76b8_pyramid_tiles_files_16_25_27.pt,1,train
GigaPath_embeddings_LBC_train/1/1fb96a41-129c-4275-b731-c359822ff033_pyramid_tiles_files_17_14_18.pt,1,train
GigaPath_embeddings_LBC_train/1/05f7516a-c717-491e-b5f2-b611c3789fa3_pyramid_tiles_files_16_24_27.pt,1,train
GigaPath_embeddings_LBC_train/1/dd2f13fc-3d5f-40e0-8d49-cc94b041616c_pyramid_tiles_files_16_22_29.pt,1,train
GigaPath_embeddings_LBC_train/1/2babd76f-dfde-4550-a087-a6f04ae0380c_pyramid_tiles_files_17_22_73.pt,1,train
GigaPath_embeddings_LBC_train/1/0c815d19-6b10-43b9-b403-e8bcd96c88c9_pyramid_tiles_files_16_22_29.pt,1,train
GigaPath_embeddings_LBC_train/1/0809f883-07ae-4ef2-8963-32424d1b2310_pyramid_tiles_files_16_18_19.pt,1,train
GigaPath_embeddings_LBC_train/1/add1b48f-081c-4cda-8e37-55d222e8d813_pyramid_tiles_files_17_24_72.pt,1,train
GigaPath_embeddings_LBC_train/1/40200b8c-392e-4a30-a27d-935cb7e5c95c_pyramid_tiles_files_17_23_72.pt,1,train
GigaPath_embeddings_LBC_train/1/34ba83db-88de-4125-8d7e-fc129b494468_pyramid_tiles_files_16_16_20.pt,1,train
GigaPath_embeddings_LBC_train/1/c96df772-ba66-4d32-8de8-134fa7427d0c_pyramid_tiles_files_17_15_18.pt,1,train
GigaPath_embeddings_LBC_train/1/8622536e-861a-4e45-8c03-1337f35267fb_pyramid_tiles_files_16_16_19.pt,1,train
GigaPath_embeddings_LBC_train/1/5a9c4ce1-e317-4782-9740-fea86e490f04_pyramid_tiles_files_16_21_28.pt,1,train
GigaPath_embeddings_LBC_train/1/dd2f13fc-3d5f-40e0-8d49-cc94b041616c_pyramid_tiles_files_16_25_28.pt,1,train
GigaPath_embeddings_LBC_train/1/5d4f21ca-f7ae-4fca-8e36-fd6db89d841e_pyramid_tiles_files_17_23_72.pt,1,train
GigaPath_embeddings_LBC_train/1/35529ea9-ab7d-4e67-9be2-7faddf0afbed_pyramid_tiles_files_16_17_30.pt,1,train
GigaPath_embeddings_LBC_train/1/8622536e-861a-4e45-8c03-1337f35267fb_pyramid_tiles_files_16_17_30.pt,1,train
GigaPath_embeddings_LBC_train/1/53cd3df9-c1cf-4391-9f95-43ebac8dd8f0_pyramid_tiles_files_17_22_73.pt,1,train
GigaPath_embeddings_LBC_train/1/4e16344b-da3a-4d92-819c-19c4cecff67b_pyramid_tiles_files_17_14_18.pt,1,train
GigaPath_embeddings_LBC_train/1/d0b24e86-0df9-4e80-9802-77f3f8a44a4e_pyramid_tiles_files_16_25_28.pt,1,train
GigaPath_embeddings_LBC_train/1/3051d836-91a4-4aff-9bf2-7cf31904a2ea_pyramid_tiles_files_16_23_29.pt,1,train
GigaPath_embeddings_LBC_train/1/e55b9872-ce3b-4a05-a062-8297e68e1f6e_pyramid_tiles_files_16_18_19.pt,1,train
GigaPath_embeddings_LBC_train/1/215b875c-5819-41d9-857a-da2311a99480_pyramid_tiles_files_17_15_19.pt,1,train
GigaPath_embeddings_LBC_train/1/f845a584-75e9-4272-b88a-3ab2ae175011_pyramid_tiles_files_16_18_30.pt,1,train
GigaPath_embeddings_LBC_train/1/2349a7ef-89f1-44c5-a16c-93cd50a5160a_pyramid_tiles_files_17_22_73.pt,1,train
GigaPath_embeddings_LBC_train/1/2349a7ef-89f1-44c5-a16c-93cd50a5160a_pyramid_tiles_files_17_22_72.pt,1,train
GigaPath_embeddings_LBC_train/1/13a98c45-1483-4b7a-b509-ff2f1829df9b_pyramid_tiles_files_17_18_41.pt,1,train
GigaPath_embeddings_LBC_train/1/53cd3df9-c1cf-4391-9f95-43ebac8dd8f0_pyramid_tiles_files_17_17_40.pt,1,train
GigaPath_embeddings_LBC_train/1/ec591c22-e5c9-426f-928f-2a4910f26cfe_pyramid_tiles_files_16_17_20.pt,1,train
GigaPath_embeddings_LBC_train/1/860e3689-9c98-41b1-a40c-82ecedb84773_pyramid_tiles_files_17_17_40.pt,1,train
GigaPath_embeddings_LBC_train/1/1a244e75-7c81-4580-940b-730cdb7d6229_pyramid_tiles_files_17_22_73.pt,1,train
GigaPath_embeddings_LBC_train/1/39551161-80cc-47c6-9219-cb30f7cb3283_pyramid_tiles_files_16_22_29.pt,1,train
GigaPath_embeddings_LBC_train/1/1fb96a41-129c-4275-b731-c359822ff033_pyramid_tiles_files_17_17_40.pt,1,train
GigaPath_embeddings_LBC_train/1/8ba06d0e-ba28-481e-a2a9-c95807391113_pyramid_tiles_files_16_24_29.pt,1,train
GigaPath_embeddings_LBC_train/1/88a9d8e1-7333-4408-801b-6b56b5efe148_pyramid_tiles_files_17_22_73.pt,1,train
GigaPath_embeddings_LBC_train/1/438ea06e-54ae-4f07-98fc-b849cd1edc72_pyramid_tiles_files_17_14_18.pt,1,train
GigaPath_embeddings_LBC_train/1/2154bc6d-2b7b-4c63-ba32-d877a60f2cff_pyramid_tiles_files_16_24_29.pt,1,train
GigaPath_embeddings_LBC_train/1/cfa1a36d-1290-4546-8c41-a23a9c66188d_pyramid_tiles_files_16_23_28.pt,1,train
GigaPath_embeddings_LBC_train/1/25ef0e93-9216-4b33-af45-158bf3cef8ee_pyramid_tiles_files_17_22_72.pt,1,train
GigaPath_embeddings_LBC_train/1/b34b3227-38a8-47fe-8920-18c280edcff6_pyramid_tiles_files_16_24_27.pt,1,train
GigaPath_embeddings_LBC_train/1/d8e98d99-2dd8-4f57-b442-3218a7acf30a_pyramid_tiles_files_16_21_28.pt,1,train
GigaPath_embeddings_LBC_train/1/e4f9d4ac-0e18-426c-920a-56da5042a2b6_pyramid_tiles_files_16_22_29.pt,1,train
GigaPath_embeddings_LBC_train/1/3f15feb9-c91a-40ce-a257-3d25dfab60d8_pyramid_tiles_files_16_21_28.pt,1,train
GigaPath_embeddings_LBC_train/1/3908d14b-0319-46ce-9d7c-d9f484d4e6c5_pyramid_tiles_files_16_21_29.pt,1,train
GigaPath_embeddings_LBC_train/1/e154f668-55ba-46ed-8bbc-91218f1b9841_pyramid_tiles_files_17_23_72.pt,1,train
GigaPath_embeddings_LBC_train/1/2b77e2fa-983e-4050-ab0f-5179f73a394e_pyramid_tiles_files_16_22_28.pt,1,train
GigaPath_embeddings_LBC_train/1/3a922671-4cfc-4650-8cc9-51db2c72c8d4_pyramid_tiles_files_16_24_28.pt,1,train
GigaPath_embeddings_LBC_train/1/438ea06e-54ae-4f07-98fc-b849cd1edc72_pyramid_tiles_files_17_15_19.pt,1,train
GigaPath_embeddings_LBC_train/1/82e90f71-8f5b-49f4-b5e0-fed220549a6d_pyramid_tiles_files_17_22_72.pt,1,train
GigaPath_embeddings_LBC_train/1/420bbdfc-3126-41bb-989b-ef534ced41d6_pyramid_tiles_files_16_25_27.pt,1,train
GigaPath_embeddings_LBC_train/1/a422fe88-c84c-4c11-998c-29ec63c8cc3b_pyramid_tiles_files_17_24_72.pt,1,train
GigaPath_embeddings_LBC_train/1/e4490c8a-c816-48d4-acfb-690e781a304a_pyramid_tiles_files_16_24_28.pt,1,train
GigaPath_embeddings_LBC_train/1/33851c15-9a41-450a-bff1-d906c9acf6f3_pyramid_tiles_files_16_16_19.pt,1,train
GigaPath_embeddings_LBC_train/1/1f648a7a-3d12-4d96-a35d-8328e2c2c766_pyramid_tiles_files_17_14_19.pt,1,train
GigaPath_embeddings_LBC_train/1/848883dc-0a70-410a-b42c-42818e6bce8a_pyramid_tiles_files_16_18_20.pt,1,train
GigaPath_embeddings_LBC_train/1/848883dc-0a70-410a-b42c-42818e6bce8a_pyramid_tiles_files_16_24_27.pt,1,train
GigaPath_embeddings_LBC_train/1/a162a4e4-226c-41cb-b60b-475042441e74_pyramid_tiles_files_16_22_29.pt,1,train
GigaPath_embeddings_LBC_train/1/35529ea9-ab7d-4e67-9be2-7faddf0afbed_pyramid_tiles_files_16_18_30.pt,1,train
GigaPath_embeddings_LBC_train/1/d2270a1f-26d5-424e-a6ac-6d9adb355bc7_pyramid_tiles_files_17_15_18.pt,1,train
GigaPath_embeddings_LBC_train/1/9e3412ec-231c-40a8-8c17-e358744efb5a_pyramid_tiles_files_16_17_30.pt,1,train
GigaPath_embeddings_LBC_train/1/770f5bc2-09e8-4f6f-80f2-7c32080268a6_pyramid_tiles_files_16_24_29.pt,1,train
GigaPath_embeddings_LBC_train/1/39551161-80cc-47c6-9219-cb30f7cb3283_pyramid_tiles_files_16_17_19.pt,1,train
GigaPath_embeddings_LBC_train/1/e535b22d-c4ba-4191-805a-4338d4452be1_pyramid_tiles_files_16_17_30.pt,1,train
GigaPath_embeddings_LBC_train/1/2675f262-0e7c-483d-971e-00500ac47587_pyramid_tiles_files_16_19_30.pt,1,train
GigaPath_embeddings_LBC_train/1/9832fea5-5b1a-41d2-9319-e953a420307d_pyramid_tiles_files_16_17_30.pt,1,train
GigaPath_embeddings_LBC_train/1/7f90fbd0-c09c-45ef-b603-f0059d32e4af_pyramid_tiles_files_16_18_31.pt,1,train
GigaPath_embeddings_LBC_train/1/68b65586-1dd1-4c9e-9287-324e0907ce17_pyramid_tiles_files_16_25_29.pt,1,train
GigaPath_embeddings_LBC_train/1/10003085-3ef2-4f6d-b4d2-0446990fe5f3_pyramid_tiles_files_16_17_31.pt,1,train
GigaPath_embeddings_LBC_train/1/39551161-80cc-47c6-9219-cb30f7cb3283_pyramid_tiles_files_16_24_28.pt,1,train
GigaPath_embeddings_LBC_train/1/1f9396eb-107b-4eb2-a434-c7cb66eaa071_pyramid_tiles_files_16_22_29.pt,1,train
GigaPath_embeddings_LBC_train/1/252dbee6-7f3b-41fd-a63c-faf8e39aa257_pyramid_tiles_files_17_18_40.pt,1,train
GigaPath_embeddings_LBC_train/1/68b65586-1dd1-4c9e-9287-324e0907ce17_pyramid_tiles_files_16_18_30.pt,1,train
GigaPath_embeddings_LBC_train/1/a7129833-faa2-4c97-826d-e43b75b7cb05_pyramid_tiles_files_16_25_28.pt,1,train
GigaPath_embeddings_LBC_train/1/ff572c84-b664-461e-9d63-1421cae3c7c0_pyramid_tiles_files_17_22_73.pt,1,train
GigaPath_embeddings_LBC_train/1/971a85a8-c488-4a63-a524-48dc9cc05cb6_pyramid_tiles_files_17_17_41.pt,1,train
GigaPath_embeddings_LBC_train/1/24c8b882-f5c3-44c8-850a-4d8efa534536_pyramid_tiles_files_16_17_30.pt,1,train
GigaPath_embeddings_LBC_train/1/dd2f13fc-3d5f-40e0-8d49-cc94b041616c_pyramid_tiles_files_16_21_29.pt,1,train
GigaPath_embeddings_LBC_train/1/a1d1235e-32f4-49da-b297-9b4cfd582499_pyramid_tiles_files_17_22_73.pt,1,train
GigaPath_embeddings_LBC_train/1/eeace26f-0d61-42b0-8a7e-38cc2f0bd7e5_pyramid_tiles_files_16_18_31.pt,1,train
GigaPath_embeddings_LBC_train/1/25ef0e93-9216-4b33-af45-158bf3cef8ee_pyramid_tiles_files_17_15_19.pt,1,train
GigaPath_embeddings_LBC_train/1/dd2f13fc-3d5f-40e0-8d49-cc94b041616c_pyramid_tiles_files_16_17_19.pt,1,train
GigaPath_embeddings_LBC_train/1/00c2a168-0bc9-4031-954f-d620d13a798e_pyramid_tiles_files_17_22_72.pt,1,train
GigaPath_embeddings_LBC_train/1/eed8a45e-5400-44f3-bec9-acad9bffabe6_pyramid_tiles_files_16_19_30.pt,1,train
GigaPath_embeddings_LBC_train/1/10003085-3ef2-4f6d-b4d2-0446990fe5f3_pyramid_tiles_files_16_19_30.pt,1,train
GigaPath_embeddings_LBC_train/1/1561b271-ed0a-4bba-968f-ec730f2a5707_pyramid_tiles_files_16_23_29.pt,1,train
GigaPath_embeddings_LBC_train/1/1561b271-ed0a-4bba-968f-ec730f2a5707_pyramid_tiles_files_16_24_28.pt,1,train
GigaPath_embeddings_LBC_train/1/0c815d19-6b10-43b9-b403-e8bcd96c88c9_pyramid_tiles_files_16_24_29.pt,1,train
GigaPath_embeddings_LBC_train/1/dd2bbc91-721e-4adb-99a2-23a9f68362ef_pyramid_tiles_files_16_25_28.pt,1,train
GigaPath_embeddings_LBC_train/1/00c2a168-0bc9-4031-954f-d620d13a798e_pyramid_tiles_files_17_23_73.pt,1,train
GigaPath_embeddings_LBC_train/1/215b875c-5819-41d9-857a-da2311a99480_pyramid_tiles_files_17_22_73.pt,1,train
GigaPath_embeddings_LBC_train/1/eed8a45e-5400-44f3-bec9-acad9bffabe6_pyramid_tiles_files_16_24_28.pt,1,train
GigaPath_embeddings_LBC_train/1/2f9ace47-773d-432b-95c0-4c79d09ca789_pyramid_tiles_files_17_23_72.pt,1,train
GigaPath_embeddings_LBC_train/1/efbff1b0-e29a-4b52-9676-b20fbd72d3b5_pyramid_tiles_files_16_25_28.pt,1,train
GigaPath_embeddings_LBC_train/1/910ae3a4-0161-408b-bc72-41e06bd37102_pyramid_tiles_files_16_25_29.pt,1,train
GigaPath_embeddings_LBC_train/1/b5f02412-10be-4039-99db-d0fde541487a_pyramid_tiles_files_17_14_18.pt,1,train
GigaPath_embeddings_LBC_train/1/a8b605b6-b00f-4588-80f7-a3f04b5daaa3_pyramid_tiles_files_16_22_28.pt,1,train
GigaPath_embeddings_LBC_train/1/2b77e2fa-983e-4050-ab0f-5179f73a394e_pyramid_tiles_files_16_25_27.pt,1,train
GigaPath_embeddings_LBC_train/1/1a244e75-7c81-4580-940b-730cdb7d6229_pyramid_tiles_files_17_22_72.pt,1,train
GigaPath_embeddings_LBC_train/1/7adcd0ef-cbca-4984-aff5-724af95463a4_pyramid_tiles_files_16_24_29.pt,1,train
GigaPath_embeddings_LBC_train/1/49b89d48-2f98-4969-93ac-ab3721e48228_pyramid_tiles_files_17_14_19.pt,1,train
GigaPath_embeddings_LBC_train/1/2dfb8fa9-c394-4fa6-bc69-22550436978d_pyramid_tiles_files_17_17_41.pt,1,train
GigaPath_embeddings_LBC_train/1/53cd3df9-c1cf-4391-9f95-43ebac8dd8f0_pyramid_tiles_files_17_23_73.pt,1,train
GigaPath_embeddings_LBC_train/1/ec591c22-e5c9-426f-928f-2a4910f26cfe_pyramid_tiles_files_16_21_29.pt,1,train
GigaPath_embeddings_LBC_train/1/40200b8c-392e-4a30-a27d-935cb7e5c95c_pyramid_tiles_files_17_15_19.pt,1,train
GigaPath_embeddings_LBC_train/1/b34b3227-38a8-47fe-8920-18c280edcff6_pyramid_tiles_files_16_21_29.pt,1,train
GigaPath_embeddings_LBC_train/1/d5e5cbb6-7fcb-47e0-871f-7d31770b7acc_pyramid_tiles_files_16_17_19.pt,1,train
GigaPath_embeddings_LBC_train/1/3a922671-4cfc-4650-8cc9-51db2c72c8d4_pyramid_tiles_files_16_17_19.pt,1,train
GigaPath_embeddings_LBC_train/1/4f41714c-6744-4d4a-bc8a-2084292747af_pyramid_tiles_files_17_18_40.pt,1,train
GigaPath_embeddings_LBC_train/1/99658cf5-d1dc-4436-ac7c-24f303817fb0_pyramid_tiles_files_16_18_20.pt,1,train
GigaPath_embeddings_LBC_train/1/c4dfb15f-1b2a-470a-b9ef-613a13d7d505_pyramid_tiles_files_17_23_73.pt,1,train
GigaPath_embeddings_LBC_train/1/49b7db50-8c64-4aed-aeec-f61e6432f3fd_pyramid_tiles_files_17_22_73.pt,1,train
GigaPath_embeddings_LBC_train/1/39551161-80cc-47c6-9219-cb30f7cb3283_pyramid_tiles_files_16_17_31.pt,1,train
GigaPath_embeddings_LBC_train/1/e4f9d4ac-0e18-426c-920a-56da5042a2b6_pyramid_tiles_files_16_24_27.pt,1,train
GigaPath_embeddings_LBC_train/1/f53d7c4b-bc70-4adc-88ff-a136722e0ef0_pyramid_tiles_files_16_25_28.pt,1,train
GigaPath_embeddings_LBC_train/1/bcb241e8-5c96-4eae-aef2-0494615c7332_pyramid_tiles_files_16_22_28.pt,1,train
GigaPath_embeddings_LBC_train/1/deb52381-ec34-4586-a9ba-461702954557_pyramid_tiles_files_17_23_72.pt,1,train
GigaPath_embeddings_LBC_train/1/bfda3d1a-59f1-447b-b964-0774d6564648_pyramid_tiles_files_16_22_29.pt,1,train
GigaPath_embeddings_LBC_train/1/7adcd0ef-cbca-4984-aff5-724af95463a4_pyramid_tiles_files_16_18_19.pt,1,train
GigaPath_embeddings_LBC_train/1/f737654c-9f44-4233-b852-5e28e74e8a38_pyramid_tiles_files_17_14_19.pt,1,train
GigaPath_embeddings_LBC_train/1/bcb241e8-5c96-4eae-aef2-0494615c7332_pyramid_tiles_files_16_17_31.pt,1,train
GigaPath_embeddings_LBC_train/1/34ba83db-88de-4125-8d7e-fc129b494468_pyramid_tiles_files_16_16_19.pt,1,train
GigaPath_embeddings_LBC_train/1/537e700c-bb74-41c6-a61e-cbff213e450d_pyramid_tiles_files_16_18_30.pt,1,train
GigaPath_embeddings_LBC_train/1/28b2c9da-27e9-4c9a-8989-7902bd4829ec_pyramid_tiles_files_17_14_18.pt,1,train
GigaPath_embeddings_LBC_train/1/82e90f71-8f5b-49f4-b5e0-fed220549a6d_pyramid_tiles_files_17_14_19.pt,1,train
GigaPath_embeddings_LBC_train/1/b34b3227-38a8-47fe-8920-18c280edcff6_pyramid_tiles_files_16_22_29.pt,1,train
GigaPath_embeddings_LBC_train/1/e91eb178-776c-4b3a-b589-36a0e68408ce_pyramid_tiles_files_16_21_29.pt,1,train
GigaPath_embeddings_LBC_train/1/5ebe19b1-612c-45d3-9add-3e9a1c06d880_pyramid_tiles_files_17_22_72.pt,1,train
GigaPath_embeddings_LBC_train/1/97aab5f3-09ef-4dc8-9566-bdabb5ca08b0_pyramid_tiles_files_17_15_18.pt,1,train
GigaPath_embeddings_LBC_train/1/8622536e-861a-4e45-8c03-1337f35267fb_pyramid_tiles_files_16_25_28.pt,1,train
GigaPath_embeddings_LBC_train/1/5e11fd38-061e-465e-b3aa-6ce8e54632a3_pyramid_tiles_files_16_18_20.pt,1,train
GigaPath_embeddings_LBC_train/1/05f7516a-c717-491e-b5f2-b611c3789fa3_pyramid_tiles_files_16_25_28.pt,1,train
GigaPath_embeddings_LBC_train/1/3051d836-91a4-4aff-9bf2-7cf31904a2ea_pyramid_tiles_files_16_19_31.pt,1,train
GigaPath_embeddings_LBC_train/1/537e700c-bb74-41c6-a61e-cbff213e450d_pyramid_tiles_files_16_25_27.pt,1,train
GigaPath_embeddings_LBC_train/1/2ae84759-5488-420a-b67a-2794e594e102_pyramid_tiles_files_16_24_28.pt,1,train
GigaPath_embeddings_LBC_train/1/f4198852-0424-4491-953a-d3301aaa0524_pyramid_tiles_files_17_17_41.pt,1,train
GigaPath_embeddings_LBC_train/1/2b77e2fa-983e-4050-ab0f-5179f73a394e_pyramid_tiles_files_16_19_30.pt,1,train
GigaPath_embeddings_LBC_train/1/d14ee81b-590d-49f1-b9c1-f25c022331b9_pyramid_tiles_files_16_17_19.pt,1,train
GigaPath_embeddings_LBC_train/1/a38ab9be-f8f2-4144-bb92-ceab9f408c98_pyramid_tiles_files_17_17_41.pt,1,train
GigaPath_embeddings_LBC_train/1/7136f225-b00f-4314-8e03-bf7cc8c675f6_pyramid_tiles_files_16_18_31.pt,1,train
GigaPath_embeddings_LBC_train/1/1f648a7a-3d12-4d96-a35d-8328e2c2c766_pyramid_tiles_files_17_17_41.pt,1,train
GigaPath_embeddings_LBC_train/1/41295260-4748-4a7d-9689-d22f4d1bf6c1_pyramid_tiles_files_16_17_20.pt,1,train
GigaPath_embeddings_LBC_train/1/cc7c724e-96c6-42c8-9835-1e0643592f70_pyramid_tiles_files_17_23_73.pt,1,train
GigaPath_embeddings_LBC_train/1/438ea06e-54ae-4f07-98fc-b849cd1edc72_pyramid_tiles_files_17_18_40.pt,1,train
GigaPath_embeddings_LBC_train/1/82e90f71-8f5b-49f4-b5e0-fed220549a6d_pyramid_tiles_files_17_14_18.pt,1,train
GigaPath_embeddings_LBC_train/1/8ba06d0e-ba28-481e-a2a9-c95807391113_pyramid_tiles_files_16_17_30.pt,1,train
GigaPath_embeddings_LBC_train/1/9fac65c4-3967-4e89-8188-01be7914423b_pyramid_tiles_files_16_24_27.pt,1,train
GigaPath_embeddings_LBC_train/1/33851c15-9a41-450a-bff1-d906c9acf6f3_pyramid_tiles_files_16_17_20.pt,1,train
GigaPath_embeddings_LBC_train/1/e0ee1714-9f42-4c7e-9c29-6b808c24073f_pyramid_tiles_files_16_19_31.pt,1,train
GigaPath_embeddings_LBC_train/1/d7165445-b5e9-4b9e-844c-84e4e10e76b8_pyramid_tiles_files_16_18_20.pt,1,train
GigaPath_embeddings_LBC_train/1/e4490c8a-c816-48d4-acfb-690e781a304a_pyramid_tiles_files_16_24_29.pt,1,train
GigaPath_embeddings_LBC_train/1/df4a0635-dc3f-4ccb-a2d9-0f89a4692a93_pyramid_tiles_files_16_18_31.pt,1,train
GigaPath_embeddings_LBC_train/1/88fa9c4b-c50b-46b6-8f70-3cb245539b47_pyramid_tiles_files_16_24_29.pt,1,train
GigaPath_embeddings_LBC_train/1/cf67a244-b7e8-46cf-81e4-fd444b2ccbc0_pyramid_tiles_files_17_22_72.pt,1,train
GigaPath_embeddings_LBC_train/1/ff572c84-b664-461e-9d63-1421cae3c7c0_pyramid_tiles_files_17_18_41.pt,1,train
GigaPath_embeddings_LBC_train/1/2154bc6d-2b7b-4c63-ba32-d877a60f2cff_pyramid_tiles_files_16_18_30.pt,1,train
GigaPath_embeddings_LBC_train/1/25ef0e93-9216-4b33-af45-158bf3cef8ee_pyramid_tiles_files_17_15_18.pt,1,train
GigaPath_embeddings_LBC_train/1/b71e073f-25c7-43e2-9e4a-7809d0613d87_pyramid_tiles_files_16_18_31.pt,1,train
GigaPath_embeddings_LBC_train/1/df4a0635-dc3f-4ccb-a2d9-0f89a4692a93_pyramid_tiles_files_16_17_19.pt,1,train
GigaPath_embeddings_LBC_train/1/c6396b76-347c-4c7e-83b6-f23bc75f38fb_pyramid_tiles_files_17_23_73.pt,1,train
GigaPath_embeddings_LBC_train/1/ead8e571-832f-48cf-ac10-dbf23a23e118_pyramid_tiles_files_16_18_19.pt,1,train
GigaPath_embeddings_LBC_train/1/e4490c8a-c816-48d4-acfb-690e781a304a_pyramid_tiles_files_16_21_29.pt,1,train
GigaPath_embeddings_LBC_train/1/ec7e06ff-bd57-4558-9c73-41bfe0e295ba_pyramid_tiles_files_17_14_18.pt,1,train
GigaPath_embeddings_LBC_train/1/b3370ef8-cc53-43e1-a77d-36fb77932b0f_pyramid_tiles_files_16_23_28.pt,1,train
GigaPath_embeddings_LBC_train/1/af452c1d-404b-40d7-8523-afab97ce3fe7_pyramid_tiles_files_17_24_72.pt,1,train
GigaPath_embeddings_LBC_train/1/97aab5f3-09ef-4dc8-9566-bdabb5ca08b0_pyramid_tiles_files_17_24_73.pt,1,train
GigaPath_embeddings_LBC_train/1/6f1af507-f025-4d67-9b07-ff9b2e562a67_pyramid_tiles_files_16_24_29.pt,1,train
GigaPath_embeddings_LBC_train/1/a162a4e4-226c-41cb-b60b-475042441e74_pyramid_tiles_files_16_16_19.pt,1,train
GigaPath_embeddings_LBC_train/1/e12c0ba4-b9b6-4f55-977d-42841e89f0e1_pyramid_tiles_files_17_22_72.pt,1,train
GigaPath_embeddings_LBC_train/1/f53d7c4b-bc70-4adc-88ff-a136722e0ef0_pyramid_tiles_files_16_16_20.pt,1,train
GigaPath_embeddings_LBC_train/1/8ba06d0e-ba28-481e-a2a9-c95807391113_pyramid_tiles_files_16_23_28.pt,1,train
GigaPath_embeddings_LBC_train/1/e535b22d-c4ba-4191-805a-4338d4452be1_pyramid_tiles_files_16_23_29.pt,1,train
GigaPath_embeddings_LBC_train/1/f737654c-9f44-4233-b852-5e28e74e8a38_pyramid_tiles_files_17_18_41.pt,1,train
GigaPath_embeddings_LBC_train/1/40200b8c-392e-4a30-a27d-935cb7e5c95c_pyramid_tiles_files_17_22_72.pt,1,train
GigaPath_embeddings_LBC_train/1/1900bdd5-ff4b-47e3-8384-0c7aa7b67c96_pyramid_tiles_files_16_24_28.pt,1,train
GigaPath_embeddings_LBC_train/1/2b77e2fa-983e-4050-ab0f-5179f73a394e_pyramid_tiles_files_16_25_28.pt,1,train
GigaPath_embeddings_LBC_train/1/a6a6a107-4162-4090-90ff-d4521738c55e_pyramid_tiles_files_16_18_31.pt,1,train
GigaPath_embeddings_LBC_train/1/e84495a2-0920-47f9-95a9-f22b38b127ce_pyramid_tiles_files_16_16_19.pt,1,train
GigaPath_embeddings_LBC_train/1/2dfb8fa9-c394-4fa6-bc69-22550436978d_pyramid_tiles_files_17_15_18.pt,1,train
GigaPath_embeddings_LBC_train/1/ed470fa7-2231-4856-bbdb-9c45ada10876_pyramid_tiles_files_16_18_20.pt,1,train
GigaPath_embeddings_LBC_train/1/05a7c75a-3a19-42fe-bef4-46321b96503c_pyramid_tiles_files_16_18_31.pt,1,train
GigaPath_embeddings_LBC_train/1/8622536e-861a-4e45-8c03-1337f35267fb_pyramid_tiles_files_16_24_29.pt,1,train
GigaPath_embeddings_LBC_train/1/d5e5cbb6-7fcb-47e0-871f-7d31770b7acc_pyramid_tiles_files_16_18_30.pt,1,train
GigaPath_embeddings_LBC_train/1/4f41714c-6744-4d4a-bc8a-2084292747af_pyramid_tiles_files_17_22_73.pt,1,train
GigaPath_embeddings_LBC_train/1/33851c15-9a41-450a-bff1-d906c9acf6f3_pyramid_tiles_files_16_25_27.pt,1,train
GigaPath_embeddings_LBC_train/1/f21c730f-c4c5-4db2-843c-5bc29f2cc708_pyramid_tiles_files_17_14_18.pt,1,train
GigaPath_embeddings_LBC_train/1/136b3bf2-df89-437f-a3cd-280cb031e550_pyramid_tiles_files_17_22_72.pt,1,train
GigaPath_embeddings_LBC_train/1/1f648a7a-3d12-4d96-a35d-8328e2c2c766_pyramid_tiles_files_17_24_72.pt,1,train
GigaPath_embeddings_LBC_train/1/fe82db87-b9ac-4171-b3b8-df2cf530394a_pyramid_tiles_files_17_17_40.pt,1,train
GigaPath_embeddings_LBC_train/1/41295260-4748-4a7d-9689-d22f4d1bf6c1_pyramid_tiles_files_16_22_29.pt,1,train
GigaPath_embeddings_LBC_train/1/a4047681-fe6c-4db0-8e38-c66ca50d77f7_pyramid_tiles_files_17_18_41.pt,1,train
GigaPath_embeddings_LBC_train/1/f845a584-75e9-4272-b88a-3ab2ae175011_pyramid_tiles_files_16_18_19.pt,1,train
GigaPath_embeddings_LBC_train/1/e12c0ba4-b9b6-4f55-977d-42841e89f0e1_pyramid_tiles_files_17_24_73.pt,1,train
GigaPath_embeddings_LBC_train/1/49b7db50-8c64-4aed-aeec-f61e6432f3fd_pyramid_tiles_files_17_24_72.pt,1,train
GigaPath_embeddings_LBC_train/1/af452c1d-404b-40d7-8523-afab97ce3fe7_pyramid_tiles_files_17_18_40.pt,1,train
GigaPath_embeddings_LBC_train/1/cb17d14a-587d-45e7-9da8-7fc29c867d68_pyramid_tiles_files_17_24_72.pt,1,train
GigaPath_embeddings_LBC_train/1/a88839a2-827d-4c30-85d3-1eebce71509a_pyramid_tiles_files_16_25_27.pt,1,train
GigaPath_embeddings_LBC_train/1/6863a74b-12b6-41e5-8beb-60b571303b26_pyramid_tiles_files_17_18_41.pt,1,train
GigaPath_embeddings_LBC_train/1/3051d836-91a4-4aff-9bf2-7cf31904a2ea_pyramid_tiles_files_16_21_28.pt,1,train
GigaPath_embeddings_LBC_train/1/f5a044fa-6bad-49f3-b270-aa635a369748_pyramid_tiles_files_16_16_20.pt,1,train
GigaPath_embeddings_LBC_train/1/ba1eb208-7671-4d89-b931-9438a6c52423_pyramid_tiles_files_17_18_41.pt,1,train
GigaPath_embeddings_LBC_train/1/ec7e06ff-bd57-4558-9c73-41bfe0e295ba_pyramid_tiles_files_17_17_41.pt,1,train
GigaPath_embeddings_LBC_train/1/7136f225-b00f-4314-8e03-bf7cc8c675f6_pyramid_tiles_files_16_18_19.pt,1,train
GigaPath_embeddings_LBC_train/1/07e430fa-9641-4821-a635-6d4e3f8f1cc8_pyramid_tiles_files_16_18_31.pt,1,train
GigaPath_embeddings_LBC_train/1/1a244e75-7c81-4580-940b-730cdb7d6229_pyramid_tiles_files_17_23_72.pt,1,train
GigaPath_embeddings_LBC_test/0/85f754fe-8760-404b-bedb-6d8ac74ced85_pyramid_tiles_files_16_14_12.pt,0,test
GigaPath_embeddings_LBC_test/0/cbbb7a3f-b6d5-44d3-9eef-69757a914f2f_pyramid_tiles_files_16_13_23.pt,0,test
GigaPath_embeddings_LBC_test/0/cbbb7a3f-b6d5-44d3-9eef-69757a914f2f_pyramid_tiles_files_16_18_7.pt,0,test
GigaPath_embeddings_LBC_test/0/3d2ea7da-d7a6-4b5a-8c3b-7ff4e99e614f_pyramid_tiles_files_16_14_15.pt,0,test
GigaPath_embeddings_LBC_test/0/2b545ce7-ebd8-4b3b-98fa-2f442d48bc5e_pyramid_tiles_files_16_2_25.pt,0,test
GigaPath_embeddings_LBC_test/0/85f754fe-8760-404b-bedb-6d8ac74ced85_pyramid_tiles_files_16_19_24.pt,0,test
GigaPath_embeddings_LBC_test/0/3d2ea7da-d7a6-4b5a-8c3b-7ff4e99e614f_pyramid_tiles_files_16_5_34.pt,0,test
GigaPath_embeddings_LBC_test/0/4b71df3c-6e36-4b86-86cd-403d470980d8_pyramid_tiles_files_16_30_13.pt,0,test
GigaPath_embeddings_LBC_test/0/cbbb7a3f-b6d5-44d3-9eef-69757a914f2f_pyramid_tiles_files_16_26_11.pt,0,test
GigaPath_embeddings_LBC_test/0/3d2ea7da-d7a6-4b5a-8c3b-7ff4e99e614f_pyramid_tiles_files_16_9_32.pt,0,test
GigaPath_embeddings_LBC_test/0/cbbb7a3f-b6d5-44d3-9eef-69757a914f2f_pyramid_tiles_files_16_2_14.pt,0,test
GigaPath_embeddings_LBC_test/0/3d2ea7da-d7a6-4b5a-8c3b-7ff4e99e614f_pyramid_tiles_files_16_11_21.pt,0,test
GigaPath_embeddings_LBC_test/0/85f754fe-8760-404b-bedb-6d8ac74ced85_pyramid_tiles_files_16_13_30.pt,0,test
GigaPath_embeddings_LBC_test/0/2b545ce7-ebd8-4b3b-98fa-2f442d48bc5e_pyramid_tiles_files_16_24_37.pt,0,test
GigaPath_embeddings_LBC_test/0/3d2ea7da-d7a6-4b5a-8c3b-7ff4e99e614f_pyramid_tiles_files_16_2_31.pt,0,test
GigaPath_embeddings_LBC_test/0/cbbb7a3f-b6d5-44d3-9eef-69757a914f2f_pyramid_tiles_files_16_37_15.pt,0,test
GigaPath_embeddings_LBC_test/0/85f754fe-8760-404b-bedb-6d8ac74ced85_pyramid_tiles_files_16_20_24.pt,0,test
GigaPath_embeddings_LBC_test/0/3d2ea7da-d7a6-4b5a-8c3b-7ff4e99e614f_pyramid_tiles_files_16_27_22.pt,0,test
GigaPath_embeddings_LBC_test/0/cbbb7a3f-b6d5-44d3-9eef-69757a914f2f_pyramid_tiles_files_16_12_12.pt,0,test
GigaPath_embeddings_LBC_test/0/3d2ea7da-d7a6-4b5a-8c3b-7ff4e99e614f_pyramid_tiles_files_16_9_6.pt,0,test
GigaPath_embeddings_LBC_test/0/85f754fe-8760-404b-bedb-6d8ac74ced85_pyramid_tiles_files_16_5_15.pt,0,test
GigaPath_embeddings_LBC_test/0/3d2ea7da-d7a6-4b5a-8c3b-7ff4e99e614f_pyramid_tiles_files_16_17_32.pt,0,test
GigaPath_embeddings_LBC_test/0/cbbb7a3f-b6d5-44d3-9eef-69757a914f2f_pyramid_tiles_files_16_21_36.pt,0,test
GigaPath_embeddings_LBC_test/0/2b545ce7-ebd8-4b3b-98fa-2f442d48bc5e_pyramid_tiles_files_16_15_24.pt,0,test
GigaPath_embeddings_LBC_test/0/85f754fe-8760-404b-bedb-6d8ac74ced85_pyramid_tiles_files_16_12_8.pt,0,test
GigaPath_embeddings_LBC_test/0/4b71df3c-6e36-4b86-86cd-403d470980d8_pyramid_tiles_files_16_10_33.pt,0,test
GigaPath_embeddings_LBC_test/0/2b545ce7-ebd8-4b3b-98fa-2f442d48bc5e_pyramid_tiles_files_16_22_32.pt,0,test
GigaPath_embeddings_LBC_test/0/2b545ce7-ebd8-4b3b-98fa-2f442d48bc5e_pyramid_tiles_files_16_12_42.pt,0,test
GigaPath_embeddings_LBC_test/0/85f754fe-8760-404b-bedb-6d8ac74ced85_pyramid_tiles_files_16_16_26.pt,0,test
GigaPath_embeddings_LBC_test/0/2b545ce7-ebd8-4b3b-98fa-2f442d48bc5e_pyramid_tiles_files_16_8_44.pt,0,test
GigaPath_embeddings_LBC_test/0/3d2ea7da-d7a6-4b5a-8c3b-7ff4e99e614f_pyramid_tiles_files_16_3_16.pt,0,test
GigaPath_embeddings_LBC_test/0/85f754fe-8760-404b-bedb-6d8ac74ced85_pyramid_tiles_files_16_18_37.pt,0,test
GigaPath_embeddings_LBC_test/0/3d2ea7da-d7a6-4b5a-8c3b-7ff4e99e614f_pyramid_tiles_files_16_28_30.pt,0,test
GigaPath_embeddings_LBC_test/0/cbbb7a3f-b6d5-44d3-9eef-69757a914f2f_pyramid_tiles_files_16_28_21.pt,0,test
GigaPath_embeddings_LBC_test/0/3d2ea7da-d7a6-4b5a-8c3b-7ff4e99e614f_pyramid_tiles_files_16_10_38.pt,0,test
GigaPath_embeddings_LBC_test/0/4b71df3c-6e36-4b86-86cd-403d470980d8_pyramid_tiles_files_16_3_8.pt,0,test
GigaPath_embeddings_LBC_test/0/2b545ce7-ebd8-4b3b-98fa-2f442d48bc5e_pyramid_tiles_files_16_12_23.pt,0,test
GigaPath_embeddings_LBC_test/0/3d2ea7da-d7a6-4b5a-8c3b-7ff4e99e614f_pyramid_tiles_files_16_5_9.pt,0,test
GigaPath_embeddings_LBC_test/0/2b545ce7-ebd8-4b3b-98fa-2f442d48bc5e_pyramid_tiles_files_16_9_21.pt,0,test
GigaPath_embeddings_LBC_test/0/85f754fe-8760-404b-bedb-6d8ac74ced85_pyramid_tiles_files_16_18_17.pt,0,test
GigaPath_embeddings_LBC_test/0/cbbb7a3f-b6d5-44d3-9eef-69757a914f2f_pyramid_tiles_files_16_16_37.pt,0,test
GigaPath_embeddings_LBC_test/0/cbbb7a3f-b6d5-44d3-9eef-69757a914f2f_pyramid_tiles_files_16_20_40.pt,0,test
GigaPath_embeddings_LBC_test/0/3d2ea7da-d7a6-4b5a-8c3b-7ff4e99e614f_pyramid_tiles_files_16_14_17.pt,0,test
GigaPath_embeddings_LBC_test/0/85f754fe-8760-404b-bedb-6d8ac74ced85_pyramid_tiles_files_16_21_18.pt,0,test
GigaPath_embeddings_LBC_test/0/3d2ea7da-d7a6-4b5a-8c3b-7ff4e99e614f_pyramid_tiles_files_16_33_30.pt,0,test
GigaPath_embeddings_LBC_test/0/85f754fe-8760-404b-bedb-6d8ac74ced85_pyramid_tiles_files_16_15_30.pt,0,test
GigaPath_embeddings_LBC_test/0/3d2ea7da-d7a6-4b5a-8c3b-7ff4e99e614f_pyramid_tiles_files_16_17_10.pt,0,test
GigaPath_embeddings_LBC_test/0/3d2ea7da-d7a6-4b5a-8c3b-7ff4e99e614f_pyramid_tiles_files_16_0_25.pt,0,test
GigaPath_embeddings_LBC_test/0/2b545ce7-ebd8-4b3b-98fa-2f442d48bc5e_pyramid_tiles_files_16_28_41.pt,0,test
GigaPath_embeddings_LBC_test/0/2b545ce7-ebd8-4b3b-98fa-2f442d48bc5e_pyramid_tiles_files_16_18_16.pt,0,test
GigaPath_embeddings_LBC_test/0/4b71df3c-6e36-4b86-86cd-403d470980d8_pyramid_tiles_files_16_34_21.pt,0,test
GigaPath_embeddings_LBC_test/0/85f754fe-8760-404b-bedb-6d8ac74ced85_pyramid_tiles_files_16_27_13.pt,0,test
GigaPath_embeddings_LBC_test/0/2b545ce7-ebd8-4b3b-98fa-2f442d48bc5e_pyramid_tiles_files_16_20_26.pt,0,test
GigaPath_embeddings_LBC_test/0/2b545ce7-ebd8-4b3b-98fa-2f442d48bc5e_pyramid_tiles_files_16_22_22.pt,0,test
GigaPath_embeddings_LBC_test/0/cbbb7a3f-b6d5-44d3-9eef-69757a914f2f_pyramid_tiles_files_16_29_34.pt,0,test
GigaPath_embeddings_LBC_test/0/2b545ce7-ebd8-4b3b-98fa-2f442d48bc5e_pyramid_tiles_files_16_28_12.pt,0,test
GigaPath_embeddings_LBC_test/0/3d2ea7da-d7a6-4b5a-8c3b-7ff4e99e614f_pyramid_tiles_files_16_13_34.pt,0,test
GigaPath_embeddings_LBC_test/0/4b71df3c-6e36-4b86-86cd-403d470980d8_pyramid_tiles_files_16_11_24.pt,0,test
GigaPath_embeddings_LBC_test/0/4b71df3c-6e36-4b86-86cd-403d470980d8_pyramid_tiles_files_16_3_7.pt,0,test
GigaPath_embeddings_LBC_test/0/cbbb7a3f-b6d5-44d3-9eef-69757a914f2f_pyramid_tiles_files_16_21_7.pt,0,test
GigaPath_embeddings_LBC_test/0/cbbb7a3f-b6d5-44d3-9eef-69757a914f2f_pyramid_tiles_files_16_5_33.pt,0,test
GigaPath_embeddings_LBC_test/0/cbbb7a3f-b6d5-44d3-9eef-69757a914f2f_pyramid_tiles_files_16_10_34.pt,0,test
GigaPath_embeddings_LBC_test/0/85f754fe-8760-404b-bedb-6d8ac74ced85_pyramid_tiles_files_16_27_33.pt,0,test
GigaPath_embeddings_LBC_test/0/85f754fe-8760-404b-bedb-6d8ac74ced85_pyramid_tiles_files_16_33_8.pt,0,test
GigaPath_embeddings_LBC_test/0/cbbb7a3f-b6d5-44d3-9eef-69757a914f2f_pyramid_tiles_files_16_15_25.pt,0,test
GigaPath_embeddings_LBC_test/0/4b71df3c-6e36-4b86-86cd-403d470980d8_pyramid_tiles_files_16_24_20.pt,0,test
GigaPath_embeddings_LBC_test/0/2b545ce7-ebd8-4b3b-98fa-2f442d48bc5e_pyramid_tiles_files_16_4_20.pt,0,test
GigaPath_embeddings_LBC_test/0/4b71df3c-6e36-4b86-86cd-403d470980d8_pyramid_tiles_files_16_35_13.pt,0,test
GigaPath_embeddings_LBC_test/0/2b545ce7-ebd8-4b3b-98fa-2f442d48bc5e_pyramid_tiles_files_16_22_41.pt,0,test
GigaPath_embeddings_LBC_test/0/cbbb7a3f-b6d5-44d3-9eef-69757a914f2f_pyramid_tiles_files_16_34_37.pt,0,test
GigaPath_embeddings_LBC_test/0/3d2ea7da-d7a6-4b5a-8c3b-7ff4e99e614f_pyramid_tiles_files_16_28_26.pt,0,test
GigaPath_embeddings_LBC_test/0/85f754fe-8760-404b-bedb-6d8ac74ced85_pyramid_tiles_files_16_21_1.pt,0,test
GigaPath_embeddings_LBC_test/0/85f754fe-8760-404b-bedb-6d8ac74ced85_pyramid_tiles_files_16_17_11.pt,0,test
GigaPath_embeddings_LBC_test/0/2b545ce7-ebd8-4b3b-98fa-2f442d48bc5e_pyramid_tiles_files_16_12_10.pt,0,test
GigaPath_embeddings_LBC_test/0/85f754fe-8760-404b-bedb-6d8ac74ced85_pyramid_tiles_files_16_24_2.pt,0,test
GigaPath_embeddings_LBC_test/0/2b545ce7-ebd8-4b3b-98fa-2f442d48bc5e_pyramid_tiles_files_16_29_19.pt,0,test
GigaPath_embeddings_LBC_test/0/4b71df3c-6e36-4b86-86cd-403d470980d8_pyramid_tiles_files_16_16_11.pt,0,test
GigaPath_embeddings_LBC_test/0/4b71df3c-6e36-4b86-86cd-403d470980d8_pyramid_tiles_files_16_22_35.pt,0,test
GigaPath_embeddings_LBC_test/0/85f754fe-8760-404b-bedb-6d8ac74ced85_pyramid_tiles_files_16_9_20.pt,0,test
GigaPath_embeddings_LBC_test/0/85f754fe-8760-404b-bedb-6d8ac74ced85_pyramid_tiles_files_16_24_34.pt,0,test
GigaPath_embeddings_LBC_test/0/cbbb7a3f-b6d5-44d3-9eef-69757a914f2f_pyramid_tiles_files_16_18_20.pt,0,test
GigaPath_embeddings_LBC_test/0/2b545ce7-ebd8-4b3b-98fa-2f442d48bc5e_pyramid_tiles_files_16_23_15.pt,0,test
GigaPath_embeddings_LBC_test/0/4b71df3c-6e36-4b86-86cd-403d470980d8_pyramid_tiles_files_16_21_35.pt,0,test
GigaPath_embeddings_LBC_test/0/4b71df3c-6e36-4b86-86cd-403d470980d8_pyramid_tiles_files_16_22_28.pt,0,test
GigaPath_embeddings_LBC_test/0/3d2ea7da-d7a6-4b5a-8c3b-7ff4e99e614f_pyramid_tiles_files_16_32_35.pt,0,test
GigaPath_embeddings_LBC_test/0/cbbb7a3f-b6d5-44d3-9eef-69757a914f2f_pyramid_tiles_files_16_21_5.pt,0,test
GigaPath_embeddings_LBC_test/0/2b545ce7-ebd8-4b3b-98fa-2f442d48bc5e_pyramid_tiles_files_16_5_13.pt,0,test
GigaPath_embeddings_LBC_test/0/2b545ce7-ebd8-4b3b-98fa-2f442d48bc5e_pyramid_tiles_files_16_19_20.pt,0,test
GigaPath_embeddings_LBC_test/0/3d2ea7da-d7a6-4b5a-8c3b-7ff4e99e614f_pyramid_tiles_files_16_23_14.pt,0,test
GigaPath_embeddings_LBC_test/0/4b71df3c-6e36-4b86-86cd-403d470980d8_pyramid_tiles_files_16_22_26.pt,0,test
GigaPath_embeddings_LBC_test/0/2b545ce7-ebd8-4b3b-98fa-2f442d48bc5e_pyramid_tiles_files_16_25_17.pt,0,test
GigaPath_embeddings_LBC_test/0/85f754fe-8760-404b-bedb-6d8ac74ced85_pyramid_tiles_files_16_30_27.pt,0,test
GigaPath_embeddings_LBC_test/0/cbbb7a3f-b6d5-44d3-9eef-69757a914f2f_pyramid_tiles_files_16_12_5.pt,0,test
GigaPath_embeddings_LBC_test/0/2b545ce7-ebd8-4b3b-98fa-2f442d48bc5e_pyramid_tiles_files_16_21_36.pt,0,test
GigaPath_embeddings_LBC_test/0/85f754fe-8760-404b-bedb-6d8ac74ced85_pyramid_tiles_files_16_19_27.pt,0,test
GigaPath_embeddings_LBC_test/0/cbbb7a3f-b6d5-44d3-9eef-69757a914f2f_pyramid_tiles_files_16_17_16.pt,0,test
GigaPath_embeddings_LBC_test/0/cbbb7a3f-b6d5-44d3-9eef-69757a914f2f_pyramid_tiles_files_16_32_6.pt,0,test
GigaPath_embeddings_LBC_test/0/4b71df3c-6e36-4b86-86cd-403d470980d8_pyramid_tiles_files_16_12_5.pt,0,test
GigaPath_embeddings_LBC_test/0/85f754fe-8760-404b-bedb-6d8ac74ced85_pyramid_tiles_files_16_12_2.pt,0,test
GigaPath_embeddings_LBC_test/0/2b545ce7-ebd8-4b3b-98fa-2f442d48bc5e_pyramid_tiles_files_16_21_28.pt,0,test
GigaPath_embeddings_LBC_test/0/3d2ea7da-d7a6-4b5a-8c3b-7ff4e99e614f_pyramid_tiles_files_16_26_8.pt,0,test
GigaPath_embeddings_LBC_test/0/2b545ce7-ebd8-4b3b-98fa-2f442d48bc5e_pyramid_tiles_files_16_11_19.pt,0,test
GigaPath_embeddings_LBC_test/0/2b545ce7-ebd8-4b3b-98fa-2f442d48bc5e_pyramid_tiles_files_16_13_7.pt,0,test
GigaPath_embeddings_LBC_test/0/cbbb7a3f-b6d5-44d3-9eef-69757a914f2f_pyramid_tiles_files_16_26_28.pt,0,test
GigaPath_embeddings_LBC_test/0/2b545ce7-ebd8-4b3b-98fa-2f442d48bc5e_pyramid_tiles_files_16_34_27.pt,0,test
GigaPath_embeddings_LBC_test/0/4b71df3c-6e36-4b86-86cd-403d470980d8_pyramid_tiles_files_16_21_11.pt,0,test
GigaPath_embeddings_LBC_test/0/4b71df3c-6e36-4b86-86cd-403d470980d8_pyramid_tiles_files_16_29_15.pt,0,test
GigaPath_embeddings_LBC_test/0/4b71df3c-6e36-4b86-86cd-403d470980d8_pyramid_tiles_files_16_20_22.pt,0,test
GigaPath_embeddings_LBC_test/0/3d2ea7da-d7a6-4b5a-8c3b-7ff4e99e614f_pyramid_tiles_files_16_26_37.pt,0,test
GigaPath_embeddings_LBC_test/0/4b71df3c-6e36-4b86-86cd-403d470980d8_pyramid_tiles_files_16_6_8.pt,0,test
GigaPath_embeddings_LBC_test/0/4b71df3c-6e36-4b86-86cd-403d470980d8_pyramid_tiles_files_16_33_29.pt,0,test
GigaPath_embeddings_LBC_test/0/3d2ea7da-d7a6-4b5a-8c3b-7ff4e99e614f_pyramid_tiles_files_16_33_29.pt,0,test
GigaPath_embeddings_LBC_test/0/cbbb7a3f-b6d5-44d3-9eef-69757a914f2f_pyramid_tiles_files_16_36_21.pt,0,test
GigaPath_embeddings_LBC_test/0/cbbb7a3f-b6d5-44d3-9eef-69757a914f2f_pyramid_tiles_files_16_30_31.pt,0,test
GigaPath_embeddings_LBC_test/0/cbbb7a3f-b6d5-44d3-9eef-69757a914f2f_pyramid_tiles_files_16_6_18.pt,0,test
GigaPath_embeddings_LBC_test/0/2b545ce7-ebd8-4b3b-98fa-2f442d48bc5e_pyramid_tiles_files_16_26_21.pt,0,test
GigaPath_embeddings_LBC_test/0/3d2ea7da-d7a6-4b5a-8c3b-7ff4e99e614f_pyramid_tiles_files_16_20_32.pt,0,test
GigaPath_embeddings_LBC_test/0/2b545ce7-ebd8-4b3b-98fa-2f442d48bc5e_pyramid_tiles_files_16_25_31.pt,0,test
GigaPath_embeddings_LBC_test/0/3d2ea7da-d7a6-4b5a-8c3b-7ff4e99e614f_pyramid_tiles_files_16_8_13.pt,0,test
GigaPath_embeddings_LBC_test/0/cbbb7a3f-b6d5-44d3-9eef-69757a914f2f_pyramid_tiles_files_16_10_28.pt,0,test
GigaPath_embeddings_LBC_test/0/2b545ce7-ebd8-4b3b-98fa-2f442d48bc5e_pyramid_tiles_files_16_18_34.pt,0,test
GigaPath_embeddings_LBC_test/0/2b545ce7-ebd8-4b3b-98fa-2f442d48bc5e_pyramid_tiles_files_16_23_14.pt,0,test
GigaPath_embeddings_LBC_test/0/4b71df3c-6e36-4b86-86cd-403d470980d8_pyramid_tiles_files_16_10_17.pt,0,test
GigaPath_embeddings_LBC_test/0/85f754fe-8760-404b-bedb-6d8ac74ced85_pyramid_tiles_files_16_31_9.pt,0,test
GigaPath_embeddings_LBC_test/0/cbbb7a3f-b6d5-44d3-9eef-69757a914f2f_pyramid_tiles_files_16_30_39.pt,0,test
GigaPath_embeddings_LBC_test/0/2b545ce7-ebd8-4b3b-98fa-2f442d48bc5e_pyramid_tiles_files_16_7_24.pt,0,test
GigaPath_embeddings_LBC_test/0/4b71df3c-6e36-4b86-86cd-403d470980d8_pyramid_tiles_files_16_10_26.pt,0,test
GigaPath_embeddings_LBC_test/0/2b545ce7-ebd8-4b3b-98fa-2f442d48bc5e_pyramid_tiles_files_16_25_21.pt,0,test
GigaPath_embeddings_LBC_test/0/85f754fe-8760-404b-bedb-6d8ac74ced85_pyramid_tiles_files_16_20_22.pt,0,test
GigaPath_embeddings_LBC_test/0/3d2ea7da-d7a6-4b5a-8c3b-7ff4e99e614f_pyramid_tiles_files_16_11_32.pt,0,test
GigaPath_embeddings_LBC_test/0/4b71df3c-6e36-4b86-86cd-403d470980d8_pyramid_tiles_files_16_5_6.pt,0,test
GigaPath_embeddings_LBC_test/0/cbbb7a3f-b6d5-44d3-9eef-69757a914f2f_pyramid_tiles_files_16_31_35.pt,0,test
GigaPath_embeddings_LBC_test/0/85f754fe-8760-404b-bedb-6d8ac74ced85_pyramid_tiles_files_16_26_28.pt,0,test
GigaPath_embeddings_LBC_test/0/3d2ea7da-d7a6-4b5a-8c3b-7ff4e99e614f_pyramid_tiles_files_16_32_29.pt,0,test
GigaPath_embeddings_LBC_test/0/85f754fe-8760-404b-bedb-6d8ac74ced85_pyramid_tiles_files_16_19_29.pt,0,test
GigaPath_embeddings_LBC_test/0/85f754fe-8760-404b-bedb-6d8ac74ced85_pyramid_tiles_files_16_30_4.pt,0,test
GigaPath_embeddings_LBC_test/0/cbbb7a3f-b6d5-44d3-9eef-69757a914f2f_pyramid_tiles_files_16_31_13.pt,0,test
GigaPath_embeddings_LBC_test/0/4b71df3c-6e36-4b86-86cd-403d470980d8_pyramid_tiles_files_16_27_20.pt,0,test
GigaPath_embeddings_LBC_test/0/4b71df3c-6e36-4b86-86cd-403d470980d8_pyramid_tiles_files_16_3_24.pt,0,test
GigaPath_embeddings_LBC_test/0/2b545ce7-ebd8-4b3b-98fa-2f442d48bc5e_pyramid_tiles_files_16_17_25.pt,0,test
GigaPath_embeddings_LBC_test/0/3d2ea7da-d7a6-4b5a-8c3b-7ff4e99e614f_pyramid_tiles_files_16_7_35.pt,0,test
GigaPath_embeddings_LBC_test/0/4b71df3c-6e36-4b86-86cd-403d470980d8_pyramid_tiles_files_16_26_11.pt,0,test
GigaPath_embeddings_LBC_test/0/3d2ea7da-d7a6-4b5a-8c3b-7ff4e99e614f_pyramid_tiles_files_16_24_16.pt,0,test
GigaPath_embeddings_LBC_test/0/2b545ce7-ebd8-4b3b-98fa-2f442d48bc5e_pyramid_tiles_files_16_23_35.pt,0,test
GigaPath_embeddings_LBC_test/0/2b545ce7-ebd8-4b3b-98fa-2f442d48bc5e_pyramid_tiles_files_16_2_23.pt,0,test
GigaPath_embeddings_LBC_test/0/85f754fe-8760-404b-bedb-6d8ac74ced85_pyramid_tiles_files_16_8_29.pt,0,test
GigaPath_embeddings_LBC_test/0/85f754fe-8760-404b-bedb-6d8ac74ced85_pyramid_tiles_files_16_33_29.pt,0,test
GigaPath_embeddings_LBC_test/0/2b545ce7-ebd8-4b3b-98fa-2f442d48bc5e_pyramid_tiles_files_16_8_12.pt,0,test
GigaPath_embeddings_LBC_test/0/cbbb7a3f-b6d5-44d3-9eef-69757a914f2f_pyramid_tiles_files_16_13_21.pt,0,test
GigaPath_embeddings_LBC_test/0/3d2ea7da-d7a6-4b5a-8c3b-7ff4e99e614f_pyramid_tiles_files_16_3_25.pt,0,test
GigaPath_embeddings_LBC_test/0/3d2ea7da-d7a6-4b5a-8c3b-7ff4e99e614f_pyramid_tiles_files_16_1_22.pt,0,test
GigaPath_embeddings_LBC_test/0/2b545ce7-ebd8-4b3b-98fa-2f442d48bc5e_pyramid_tiles_files_16_34_20.pt,0,test
GigaPath_embeddings_LBC_test/0/cbbb7a3f-b6d5-44d3-9eef-69757a914f2f_pyramid_tiles_files_16_19_6.pt,0,test
GigaPath_embeddings_LBC_test/0/85f754fe-8760-404b-bedb-6d8ac74ced85_pyramid_tiles_files_16_35_12.pt,0,test
GigaPath_embeddings_LBC_test/0/85f754fe-8760-404b-bedb-6d8ac74ced85_pyramid_tiles_files_16_30_9.pt,0,test
GigaPath_embeddings_LBC_test/0/2b545ce7-ebd8-4b3b-98fa-2f442d48bc5e_pyramid_tiles_files_16_6_13.pt,0,test
GigaPath_embeddings_LBC_test/0/2b545ce7-ebd8-4b3b-98fa-2f442d48bc5e_pyramid_tiles_files_16_22_44.pt,0,test
GigaPath_embeddings_LBC_test/0/4b71df3c-6e36-4b86-86cd-403d470980d8_pyramid_tiles_files_16_31_20.pt,0,test
GigaPath_embeddings_LBC_test/0/4b71df3c-6e36-4b86-86cd-403d470980d8_pyramid_tiles_files_16_23_18.pt,0,test
GigaPath_embeddings_LBC_test/0/85f754fe-8760-404b-bedb-6d8ac74ced85_pyramid_tiles_files_16_18_29.pt,0,test
GigaPath_embeddings_LBC_test/0/85f754fe-8760-404b-bedb-6d8ac74ced85_pyramid_tiles_files_16_7_27.pt,0,test
GigaPath_embeddings_LBC_test/0/3d2ea7da-d7a6-4b5a-8c3b-7ff4e99e614f_pyramid_tiles_files_16_5_22.pt,0,test
GigaPath_embeddings_LBC_test/0/2b545ce7-ebd8-4b3b-98fa-2f442d48bc5e_pyramid_tiles_files_16_8_14.pt,0,test
GigaPath_embeddings_LBC_test/0/4b71df3c-6e36-4b86-86cd-403d470980d8_pyramid_tiles_files_16_26_14.pt,0,test
GigaPath_embeddings_LBC_test/0/4b71df3c-6e36-4b86-86cd-403d470980d8_pyramid_tiles_files_16_18_24.pt,0,test
GigaPath_embeddings_LBC_test/0/2b545ce7-ebd8-4b3b-98fa-2f442d48bc5e_pyramid_tiles_files_16_22_37.pt,0,test
GigaPath_embeddings_LBC_test/0/3d2ea7da-d7a6-4b5a-8c3b-7ff4e99e614f_pyramid_tiles_files_16_21_13.pt,0,test
GigaPath_embeddings_LBC_test/0/3d2ea7da-d7a6-4b5a-8c3b-7ff4e99e614f_pyramid_tiles_files_16_31_7.pt,0,test
GigaPath_embeddings_LBC_test/0/85f754fe-8760-404b-bedb-6d8ac74ced85_pyramid_tiles_files_16_9_34.pt,0,test
GigaPath_embeddings_LBC_test/0/cbbb7a3f-b6d5-44d3-9eef-69757a914f2f_pyramid_tiles_files_16_21_2.pt,0,test
GigaPath_embeddings_LBC_test/0/cbbb7a3f-b6d5-44d3-9eef-69757a914f2f_pyramid_tiles_files_16_31_10.pt,0,test
GigaPath_embeddings_LBC_test/0/85f754fe-8760-404b-bedb-6d8ac74ced85_pyramid_tiles_files_16_2_13.pt,0,test
GigaPath_embeddings_LBC_test/0/cbbb7a3f-b6d5-44d3-9eef-69757a914f2f_pyramid_tiles_files_16_12_40.pt,0,test
GigaPath_embeddings_LBC_test/0/cbbb7a3f-b6d5-44d3-9eef-69757a914f2f_pyramid_tiles_files_16_5_14.pt,0,test
GigaPath_embeddings_LBC_test/0/3d2ea7da-d7a6-4b5a-8c3b-7ff4e99e614f_pyramid_tiles_files_16_28_37.pt,0,test
GigaPath_embeddings_LBC_test/0/4b71df3c-6e36-4b86-86cd-403d470980d8_pyramid_tiles_files_16_19_28.pt,0,test
GigaPath_embeddings_LBC_test/0/4b71df3c-6e36-4b86-86cd-403d470980d8_pyramid_tiles_files_16_22_11.pt,0,test
GigaPath_embeddings_LBC_test/0/cbbb7a3f-b6d5-44d3-9eef-69757a914f2f_pyramid_tiles_files_16_7_18.pt,0,test
GigaPath_embeddings_LBC_test/0/cbbb7a3f-b6d5-44d3-9eef-69757a914f2f_pyramid_tiles_files_16_24_12.pt,0,test
GigaPath_embeddings_LBC_test/0/cbbb7a3f-b6d5-44d3-9eef-69757a914f2f_pyramid_tiles_files_16_31_30.pt,0,test
GigaPath_embeddings_LBC_test/0/4b71df3c-6e36-4b86-86cd-403d470980d8_pyramid_tiles_files_16_22_16.pt,0,test
GigaPath_embeddings_LBC_test/0/3d2ea7da-d7a6-4b5a-8c3b-7ff4e99e614f_pyramid_tiles_files_16_16_17.pt,0,test
GigaPath_embeddings_LBC_test/0/85f754fe-8760-404b-bedb-6d8ac74ced85_pyramid_tiles_files_16_0_18.pt,0,test
GigaPath_embeddings_LBC_test/0/3d2ea7da-d7a6-4b5a-8c3b-7ff4e99e614f_pyramid_tiles_files_16_4_26.pt,0,test
GigaPath_embeddings_LBC_test/0/4b71df3c-6e36-4b86-86cd-403d470980d8_pyramid_tiles_files_16_17_11.pt,0,test
GigaPath_embeddings_LBC_test/0/2b545ce7-ebd8-4b3b-98fa-2f442d48bc5e_pyramid_tiles_files_16_11_23.pt,0,test
GigaPath_embeddings_LBC_test/0/4b71df3c-6e36-4b86-86cd-403d470980d8_pyramid_tiles_files_16_18_21.pt,0,test
GigaPath_embeddings_LBC_test/0/3d2ea7da-d7a6-4b5a-8c3b-7ff4e99e614f_pyramid_tiles_files_16_13_31.pt,0,test
GigaPath_embeddings_LBC_test/0/85f754fe-8760-404b-bedb-6d8ac74ced85_pyramid_tiles_files_16_27_23.pt,0,test
GigaPath_embeddings_LBC_test/0/3d2ea7da-d7a6-4b5a-8c3b-7ff4e99e614f_pyramid_tiles_files_16_39_19.pt,0,test
GigaPath_embeddings_LBC_test/0/2b545ce7-ebd8-4b3b-98fa-2f442d48bc5e_pyramid_tiles_files_16_29_37.pt,0,test
GigaPath_embeddings_LBC_test/0/4b71df3c-6e36-4b86-86cd-403d470980d8_pyramid_tiles_files_16_19_17.pt,0,test
GigaPath_embeddings_LBC_test/0/85f754fe-8760-404b-bedb-6d8ac74ced85_pyramid_tiles_files_16_26_32.pt,0,test
GigaPath_embeddings_LBC_test/0/4b71df3c-6e36-4b86-86cd-403d470980d8_pyramid_tiles_files_16_24_7.pt,0,test
GigaPath_embeddings_LBC_test/0/2b545ce7-ebd8-4b3b-98fa-2f442d48bc5e_pyramid_tiles_files_16_23_28.pt,0,test
GigaPath_embeddings_LBC_test/0/3d2ea7da-d7a6-4b5a-8c3b-7ff4e99e614f_pyramid_tiles_files_16_25_31.pt,0,test
GigaPath_embeddings_LBC_test/0/cbbb7a3f-b6d5-44d3-9eef-69757a914f2f_pyramid_tiles_files_16_6_36.pt,0,test
GigaPath_embeddings_LBC_test/0/85f754fe-8760-404b-bedb-6d8ac74ced85_pyramid_tiles_files_16_6_14.pt,0,test
GigaPath_embeddings_LBC_test/0/3d2ea7da-d7a6-4b5a-8c3b-7ff4e99e614f_pyramid_tiles_files_16_18_17.pt,0,test
GigaPath_embeddings_LBC_test/0/3d2ea7da-d7a6-4b5a-8c3b-7ff4e99e614f_pyramid_tiles_files_16_13_25.pt,0,test
GigaPath_embeddings_LBC_test/0/2b545ce7-ebd8-4b3b-98fa-2f442d48bc5e_pyramid_tiles_files_16_24_29.pt,0,test
GigaPath_embeddings_LBC_test/0/85f754fe-8760-404b-bedb-6d8ac74ced85_pyramid_tiles_files_16_17_21.pt,0,test
GigaPath_embeddings_LBC_test/0/4b71df3c-6e36-4b86-86cd-403d470980d8_pyramid_tiles_files_16_36_15.pt,0,test
GigaPath_embeddings_LBC_test/0/2b545ce7-ebd8-4b3b-98fa-2f442d48bc5e_pyramid_tiles_files_16_6_17.pt,0,test
GigaPath_embeddings_LBC_test/0/cbbb7a3f-b6d5-44d3-9eef-69757a914f2f_pyramid_tiles_files_16_24_16.pt,0,test
GigaPath_embeddings_LBC_test/0/cbbb7a3f-b6d5-44d3-9eef-69757a914f2f_pyramid_tiles_files_16_25_22.pt,0,test
GigaPath_embeddings_LBC_test/0/2b545ce7-ebd8-4b3b-98fa-2f442d48bc5e_pyramid_tiles_files_16_21_10.pt,0,test
GigaPath_embeddings_LBC_test/0/3d2ea7da-d7a6-4b5a-8c3b-7ff4e99e614f_pyramid_tiles_files_16_9_15.pt,0,test
GigaPath_embeddings_LBC_test/0/2b545ce7-ebd8-4b3b-98fa-2f442d48bc5e_pyramid_tiles_files_16_34_23.pt,0,test
GigaPath_embeddings_LBC_test/0/4b71df3c-6e36-4b86-86cd-403d470980d8_pyramid_tiles_files_16_20_24.pt,0,test
GigaPath_embeddings_LBC_test/0/cbbb7a3f-b6d5-44d3-9eef-69757a914f2f_pyramid_tiles_files_16_5_8.pt,0,test
GigaPath_embeddings_LBC_test/0/cbbb7a3f-b6d5-44d3-9eef-69757a914f2f_pyramid_tiles_files_16_22_31.pt,0,test
GigaPath_embeddings_LBC_test/0/4b71df3c-6e36-4b86-86cd-403d470980d8_pyramid_tiles_files_16_17_31.pt,0,test
GigaPath_embeddings_LBC_test/0/85f754fe-8760-404b-bedb-6d8ac74ced85_pyramid_tiles_files_16_7_32.pt,0,test
GigaPath_embeddings_LBC_test/0/4b71df3c-6e36-4b86-86cd-403d470980d8_pyramid_tiles_files_16_34_16.pt,0,test
GigaPath_embeddings_LBC_test/0/85f754fe-8760-404b-bedb-6d8ac74ced85_pyramid_tiles_files_16_21_33.pt,0,test
GigaPath_embeddings_LBC_test/0/3d2ea7da-d7a6-4b5a-8c3b-7ff4e99e614f_pyramid_tiles_files_16_26_34.pt,0,test
GigaPath_embeddings_LBC_test/0/cbbb7a3f-b6d5-44d3-9eef-69757a914f2f_pyramid_tiles_files_16_10_5.pt,0,test
GigaPath_embeddings_LBC_test/0/2b545ce7-ebd8-4b3b-98fa-2f442d48bc5e_pyramid_tiles_files_16_2_24.pt,0,test
GigaPath_embeddings_LBC_test/0/2b545ce7-ebd8-4b3b-98fa-2f442d48bc5e_pyramid_tiles_files_16_13_18.pt,0,test
GigaPath_embeddings_LBC_test/0/3d2ea7da-d7a6-4b5a-8c3b-7ff4e99e614f_pyramid_tiles_files_16_11_16.pt,0,test
GigaPath_embeddings_LBC_test/0/85f754fe-8760-404b-bedb-6d8ac74ced85_pyramid_tiles_files_16_35_13.pt,0,test
GigaPath_embeddings_LBC_test/0/2b545ce7-ebd8-4b3b-98fa-2f442d48bc5e_pyramid_tiles_files_16_11_28.pt,0,test
GigaPath_embeddings_LBC_test/0/cbbb7a3f-b6d5-44d3-9eef-69757a914f2f_pyramid_tiles_files_16_2_21.pt,0,test
GigaPath_embeddings_LBC_test/0/85f754fe-8760-404b-bedb-6d8ac74ced85_pyramid_tiles_files_16_18_13.pt,0,test
GigaPath_embeddings_LBC_test/0/3d2ea7da-d7a6-4b5a-8c3b-7ff4e99e614f_pyramid_tiles_files_16_7_9.pt,0,test
GigaPath_embeddings_LBC_test/0/4b71df3c-6e36-4b86-86cd-403d470980d8_pyramid_tiles_files_16_27_5.pt,0,test
GigaPath_embeddings_LBC_test/0/2b545ce7-ebd8-4b3b-98fa-2f442d48bc5e_pyramid_tiles_files_16_11_16.pt,0,test
GigaPath_embeddings_LBC_test/0/85f754fe-8760-404b-bedb-6d8ac74ced85_pyramid_tiles_files_16_36_27.pt,0,test
GigaPath_embeddings_LBC_test/0/4b71df3c-6e36-4b86-86cd-403d470980d8_pyramid_tiles_files_16_9_29.pt,0,test
GigaPath_embeddings_LBC_test/0/85f754fe-8760-404b-bedb-6d8ac74ced85_pyramid_tiles_files_16_23_16.pt,0,test
GigaPath_embeddings_LBC_test/0/4b71df3c-6e36-4b86-86cd-403d470980d8_pyramid_tiles_files_16_18_23.pt,0,test
GigaPath_embeddings_LBC_test/0/2b545ce7-ebd8-4b3b-98fa-2f442d48bc5e_pyramid_tiles_files_16_27_23.pt,0,test
GigaPath_embeddings_LBC_test/0/4b71df3c-6e36-4b86-86cd-403d470980d8_pyramid_tiles_files_16_12_30.pt,0,test
GigaPath_embeddings_LBC_test/0/85f754fe-8760-404b-bedb-6d8ac74ced85_pyramid_tiles_files_16_17_24.pt,0,test
GigaPath_embeddings_LBC_test/0/3d2ea7da-d7a6-4b5a-8c3b-7ff4e99e614f_pyramid_tiles_files_16_19_40.pt,0,test
GigaPath_embeddings_LBC_test/0/3d2ea7da-d7a6-4b5a-8c3b-7ff4e99e614f_pyramid_tiles_files_16_6_21.pt,0,test
GigaPath_embeddings_LBC_test/0/3d2ea7da-d7a6-4b5a-8c3b-7ff4e99e614f_pyramid_tiles_files_16_30_26.pt,0,test
GigaPath_embeddings_LBC_test/0/3d2ea7da-d7a6-4b5a-8c3b-7ff4e99e614f_pyramid_tiles_files_16_20_19.pt,0,test
GigaPath_embeddings_LBC_test/0/2b545ce7-ebd8-4b3b-98fa-2f442d48bc5e_pyramid_tiles_files_16_24_42.pt,0,test
GigaPath_embeddings_LBC_test/0/2b545ce7-ebd8-4b3b-98fa-2f442d48bc5e_pyramid_tiles_files_16_16_39.pt,0,test
GigaPath_embeddings_LBC_test/0/3d2ea7da-d7a6-4b5a-8c3b-7ff4e99e614f_pyramid_tiles_files_16_32_18.pt,0,test
GigaPath_embeddings_LBC_test/0/3d2ea7da-d7a6-4b5a-8c3b-7ff4e99e614f_pyramid_tiles_files_16_22_4.pt,0,test
GigaPath_embeddings_LBC_test/0/3d2ea7da-d7a6-4b5a-8c3b-7ff4e99e614f_pyramid_tiles_files_16_16_36.pt,0,test
GigaPath_embeddings_LBC_test/0/4b71df3c-6e36-4b86-86cd-403d470980d8_pyramid_tiles_files_16_35_11.pt,0,test
GigaPath_embeddings_LBC_test/0/cbbb7a3f-b6d5-44d3-9eef-69757a914f2f_pyramid_tiles_files_16_24_30.pt,0,test
GigaPath_embeddings_LBC_test/0/2b545ce7-ebd8-4b3b-98fa-2f442d48bc5e_pyramid_tiles_files_16_0_24.pt,0,test
GigaPath_embeddings_LBC_test/0/cbbb7a3f-b6d5-44d3-9eef-69757a914f2f_pyramid_tiles_files_16_15_33.pt,0,test
GigaPath_embeddings_LBC_test/0/85f754fe-8760-404b-bedb-6d8ac74ced85_pyramid_tiles_files_16_12_15.pt,0,test
GigaPath_embeddings_LBC_test/0/4b71df3c-6e36-4b86-86cd-403d470980d8_pyramid_tiles_files_16_2_16.pt,0,test
GigaPath_embeddings_LBC_test/0/3d2ea7da-d7a6-4b5a-8c3b-7ff4e99e614f_pyramid_tiles_files_16_6_8.pt,0,test
GigaPath_embeddings_LBC_test/0/cbbb7a3f-b6d5-44d3-9eef-69757a914f2f_pyramid_tiles_files_16_18_30.pt,0,test
GigaPath_embeddings_LBC_test/0/cbbb7a3f-b6d5-44d3-9eef-69757a914f2f_pyramid_tiles_files_16_11_32.pt,0,test
GigaPath_embeddings_LBC_test/0/2b545ce7-ebd8-4b3b-98fa-2f442d48bc5e_pyramid_tiles_files_16_7_43.pt,0,test
GigaPath_embeddings_LBC_test/0/85f754fe-8760-404b-bedb-6d8ac74ced85_pyramid_tiles_files_16_19_14.pt,0,test
GigaPath_embeddings_LBC_test/0/3d2ea7da-d7a6-4b5a-8c3b-7ff4e99e614f_pyramid_tiles_files_16_26_23.pt,0,test
GigaPath_embeddings_LBC_test/0/85f754fe-8760-404b-bedb-6d8ac74ced85_pyramid_tiles_files_16_33_31.pt,0,test
GigaPath_embeddings_LBC_test/0/2b545ce7-ebd8-4b3b-98fa-2f442d48bc5e_pyramid_tiles_files_16_2_18.pt,0,test
GigaPath_embeddings_LBC_test/0/cbbb7a3f-b6d5-44d3-9eef-69757a914f2f_pyramid_tiles_files_16_17_21.pt,0,test
GigaPath_embeddings_LBC_test/0/4b71df3c-6e36-4b86-86cd-403d470980d8_pyramid_tiles_files_16_35_9.pt,0,test
GigaPath_embeddings_LBC_test/0/2b545ce7-ebd8-4b3b-98fa-2f442d48bc5e_pyramid_tiles_files_16_9_27.pt,0,test
GigaPath_embeddings_LBC_test/0/3d2ea7da-d7a6-4b5a-8c3b-7ff4e99e614f_pyramid_tiles_files_16_13_22.pt,0,test
GigaPath_embeddings_LBC_test/0/3d2ea7da-d7a6-4b5a-8c3b-7ff4e99e614f_pyramid_tiles_files_16_8_38.pt,0,test
GigaPath_embeddings_LBC_test/0/2b545ce7-ebd8-4b3b-98fa-2f442d48bc5e_pyramid_tiles_files_16_27_19.pt,0,test
GigaPath_embeddings_LBC_test/0/4b71df3c-6e36-4b86-86cd-403d470980d8_pyramid_tiles_files_16_38_26.pt,0,test
GigaPath_embeddings_LBC_test/0/85f754fe-8760-404b-bedb-6d8ac74ced85_pyramid_tiles_files_16_33_26.pt,0,test
GigaPath_embeddings_LBC_test/0/2b545ce7-ebd8-4b3b-98fa-2f442d48bc5e_pyramid_tiles_files_16_28_38.pt,0,test
GigaPath_embeddings_LBC_test/0/85f754fe-8760-404b-bedb-6d8ac74ced85_pyramid_tiles_files_16_20_21.pt,0,test
GigaPath_embeddings_LBC_test/0/cbbb7a3f-b6d5-44d3-9eef-69757a914f2f_pyramid_tiles_files_16_15_37.pt,0,test
GigaPath_embeddings_LBC_test/0/4b71df3c-6e36-4b86-86cd-403d470980d8_pyramid_tiles_files_16_18_22.pt,0,test
GigaPath_embeddings_LBC_test/0/2b545ce7-ebd8-4b3b-98fa-2f442d48bc5e_pyramid_tiles_files_16_34_26.pt,0,test
GigaPath_embeddings_LBC_test/0/4b71df3c-6e36-4b86-86cd-403d470980d8_pyramid_tiles_files_16_21_7.pt,0,test
GigaPath_embeddings_LBC_test/0/4b71df3c-6e36-4b86-86cd-403d470980d8_pyramid_tiles_files_16_23_21.pt,0,test
GigaPath_embeddings_LBC_test/0/85f754fe-8760-404b-bedb-6d8ac74ced85_pyramid_tiles_files_16_0_22.pt,0,test
GigaPath_embeddings_LBC_test/0/2b545ce7-ebd8-4b3b-98fa-2f442d48bc5e_pyramid_tiles_files_16_4_34.pt,0,test
GigaPath_embeddings_LBC_test/0/3d2ea7da-d7a6-4b5a-8c3b-7ff4e99e614f_pyramid_tiles_files_16_32_17.pt,0,test
GigaPath_embeddings_LBC_test/0/85f754fe-8760-404b-bedb-6d8ac74ced85_pyramid_tiles_files_16_33_41.pt,0,test
GigaPath_embeddings_LBC_test/0/3d2ea7da-d7a6-4b5a-8c3b-7ff4e99e614f_pyramid_tiles_files_16_18_11.pt,0,test
GigaPath_embeddings_LBC_test/0/85f754fe-8760-404b-bedb-6d8ac74ced85_pyramid_tiles_files_16_8_32.pt,0,test
GigaPath_embeddings_LBC_test/0/cbbb7a3f-b6d5-44d3-9eef-69757a914f2f_pyramid_tiles_files_16_6_23.pt,0,test
GigaPath_embeddings_LBC_test/0/4b71df3c-6e36-4b86-86cd-403d470980d8_pyramid_tiles_files_16_16_3.pt,0,test
GigaPath_embeddings_LBC_test/0/2b545ce7-ebd8-4b3b-98fa-2f442d48bc5e_pyramid_tiles_files_16_10_10.pt,0,test
GigaPath_embeddings_LBC_test/0/cbbb7a3f-b6d5-44d3-9eef-69757a914f2f_pyramid_tiles_files_16_10_20.pt,0,test
GigaPath_embeddings_LBC_test/0/cbbb7a3f-b6d5-44d3-9eef-69757a914f2f_pyramid_tiles_files_16_34_17.pt,0,test
GigaPath_embeddings_LBC_test/0/3d2ea7da-d7a6-4b5a-8c3b-7ff4e99e614f_pyramid_tiles_files_16_10_14.pt,0,test
GigaPath_embeddings_LBC_test/0/85f754fe-8760-404b-bedb-6d8ac74ced85_pyramid_tiles_files_16_17_25.pt,0,test
GigaPath_embeddings_LBC_test/0/4b71df3c-6e36-4b86-86cd-403d470980d8_pyramid_tiles_files_16_25_16.pt,0,test
GigaPath_embeddings_LBC_test/0/cbbb7a3f-b6d5-44d3-9eef-69757a914f2f_pyramid_tiles_files_16_23_20.pt,0,test
GigaPath_embeddings_LBC_test/0/3d2ea7da-d7a6-4b5a-8c3b-7ff4e99e614f_pyramid_tiles_files_16_1_15.pt,0,test
GigaPath_embeddings_LBC_test/0/2b545ce7-ebd8-4b3b-98fa-2f442d48bc5e_pyramid_tiles_files_16_8_39.pt,0,test
GigaPath_embeddings_LBC_test/0/cbbb7a3f-b6d5-44d3-9eef-69757a914f2f_pyramid_tiles_files_16_9_11.pt,0,test
GigaPath_embeddings_LBC_test/0/4b71df3c-6e36-4b86-86cd-403d470980d8_pyramid_tiles_files_16_18_11.pt,0,test
GigaPath_embeddings_LBC_test/0/2b545ce7-ebd8-4b3b-98fa-2f442d48bc5e_pyramid_tiles_files_16_6_35.pt,0,test
GigaPath_embeddings_LBC_test/0/2b545ce7-ebd8-4b3b-98fa-2f442d48bc5e_pyramid_tiles_files_16_24_14.pt,0,test
GigaPath_embeddings_LBC_test/0/4b71df3c-6e36-4b86-86cd-403d470980d8_pyramid_tiles_files_16_32_30.pt,0,test
GigaPath_embeddings_LBC_test/0/cbbb7a3f-b6d5-44d3-9eef-69757a914f2f_pyramid_tiles_files_16_12_30.pt,0,test
GigaPath_embeddings_LBC_test/0/4b71df3c-6e36-4b86-86cd-403d470980d8_pyramid_tiles_files_16_6_27.pt,0,test
GigaPath_embeddings_LBC_test/0/cbbb7a3f-b6d5-44d3-9eef-69757a914f2f_pyramid_tiles_files_16_17_10.pt,0,test
GigaPath_embeddings_LBC_test/0/2b545ce7-ebd8-4b3b-98fa-2f442d48bc5e_pyramid_tiles_files_16_11_10.pt,0,test
GigaPath_embeddings_LBC_test/0/2b545ce7-ebd8-4b3b-98fa-2f442d48bc5e_pyramid_tiles_files_16_3_23.pt,0,test
GigaPath_embeddings_LBC_test/0/4b71df3c-6e36-4b86-86cd-403d470980d8_pyramid_tiles_files_16_8_27.pt,0,test
GigaPath_embeddings_LBC_test/0/2b545ce7-ebd8-4b3b-98fa-2f442d48bc5e_pyramid_tiles_files_16_13_23.pt,0,test
GigaPath_embeddings_LBC_test/0/3d2ea7da-d7a6-4b5a-8c3b-7ff4e99e614f_pyramid_tiles_files_16_4_9.pt,0,test
GigaPath_embeddings_LBC_test/0/3d2ea7da-d7a6-4b5a-8c3b-7ff4e99e614f_pyramid_tiles_files_16_15_29.pt,0,test
GigaPath_embeddings_LBC_test/0/2b545ce7-ebd8-4b3b-98fa-2f442d48bc5e_pyramid_tiles_files_16_19_19.pt,0,test
GigaPath_embeddings_LBC_test/0/85f754fe-8760-404b-bedb-6d8ac74ced85_pyramid_tiles_files_16_26_31.pt,0,test
GigaPath_embeddings_LBC_test/0/4b71df3c-6e36-4b86-86cd-403d470980d8_pyramid_tiles_files_16_28_17.pt,0,test
GigaPath_embeddings_LBC_test/0/3d2ea7da-d7a6-4b5a-8c3b-7ff4e99e614f_pyramid_tiles_files_16_18_37.pt,0,test
GigaPath_embeddings_LBC_test/0/2b545ce7-ebd8-4b3b-98fa-2f442d48bc5e_pyramid_tiles_files_16_28_24.pt,0,test
GigaPath_embeddings_LBC_test/0/3d2ea7da-d7a6-4b5a-8c3b-7ff4e99e614f_pyramid_tiles_files_16_29_29.pt,0,test
GigaPath_embeddings_LBC_test/0/3d2ea7da-d7a6-4b5a-8c3b-7ff4e99e614f_pyramid_tiles_files_16_27_23.pt,0,test
GigaPath_embeddings_LBC_test/0/85f754fe-8760-404b-bedb-6d8ac74ced85_pyramid_tiles_files_16_16_13.pt,0,test
GigaPath_embeddings_LBC_test/0/2b545ce7-ebd8-4b3b-98fa-2f442d48bc5e_pyramid_tiles_files_16_29_38.pt,0,test
GigaPath_embeddings_LBC_test/0/2b545ce7-ebd8-4b3b-98fa-2f442d48bc5e_pyramid_tiles_files_16_24_8.pt,0,test
GigaPath_embeddings_LBC_test/0/cbbb7a3f-b6d5-44d3-9eef-69757a914f2f_pyramid_tiles_files_16_1_16.pt,0,test
GigaPath_embeddings_LBC_test/0/2b545ce7-ebd8-4b3b-98fa-2f442d48bc5e_pyramid_tiles_files_16_27_20.pt,0,test
GigaPath_embeddings_LBC_test/0/85f754fe-8760-404b-bedb-6d8ac74ced85_pyramid_tiles_files_16_7_19.pt,0,test
GigaPath_embeddings_LBC_test/0/cbbb7a3f-b6d5-44d3-9eef-69757a914f2f_pyramid_tiles_files_16_25_41.pt,0,test
GigaPath_embeddings_LBC_test/0/cbbb7a3f-b6d5-44d3-9eef-69757a914f2f_pyramid_tiles_files_16_26_22.pt,0,test
GigaPath_embeddings_LBC_test/0/2b545ce7-ebd8-4b3b-98fa-2f442d48bc5e_pyramid_tiles_files_16_20_42.pt,0,test
GigaPath_embeddings_LBC_test/0/3d2ea7da-d7a6-4b5a-8c3b-7ff4e99e614f_pyramid_tiles_files_16_25_41.pt,0,test
GigaPath_embeddings_LBC_test/0/cbbb7a3f-b6d5-44d3-9eef-69757a914f2f_pyramid_tiles_files_16_18_34.pt,0,test
GigaPath_embeddings_LBC_test/0/2b545ce7-ebd8-4b3b-98fa-2f442d48bc5e_pyramid_tiles_files_16_10_38.pt,0,test
GigaPath_embeddings_LBC_test/0/2b545ce7-ebd8-4b3b-98fa-2f442d48bc5e_pyramid_tiles_files_16_26_24.pt,0,test
GigaPath_embeddings_LBC_test/0/85f754fe-8760-404b-bedb-6d8ac74ced85_pyramid_tiles_files_16_25_35.pt,0,test
GigaPath_embeddings_LBC_test/0/3d2ea7da-d7a6-4b5a-8c3b-7ff4e99e614f_pyramid_tiles_files_16_6_10.pt,0,test
GigaPath_embeddings_LBC_test/0/4b71df3c-6e36-4b86-86cd-403d470980d8_pyramid_tiles_files_16_24_4.pt,0,test
GigaPath_embeddings_LBC_test/0/85f754fe-8760-404b-bedb-6d8ac74ced85_pyramid_tiles_files_16_35_27.pt,0,test
GigaPath_embeddings_LBC_test/0/85f754fe-8760-404b-bedb-6d8ac74ced85_pyramid_tiles_files_16_29_27.pt,0,test
GigaPath_embeddings_LBC_test/0/3d2ea7da-d7a6-4b5a-8c3b-7ff4e99e614f_pyramid_tiles_files_16_25_19.pt,0,test
GigaPath_embeddings_LBC_test/0/2b545ce7-ebd8-4b3b-98fa-2f442d48bc5e_pyramid_tiles_files_16_16_36.pt,0,test
GigaPath_embeddings_LBC_test/0/cbbb7a3f-b6d5-44d3-9eef-69757a914f2f_pyramid_tiles_files_16_23_36.pt,0,test
GigaPath_embeddings_LBC_test/0/4b71df3c-6e36-4b86-86cd-403d470980d8_pyramid_tiles_files_16_20_29.pt,0,test
GigaPath_embeddings_LBC_test/0/85f754fe-8760-404b-bedb-6d8ac74ced85_pyramid_tiles_files_16_24_27.pt,0,test
GigaPath_embeddings_LBC_test/0/2b545ce7-ebd8-4b3b-98fa-2f442d48bc5e_pyramid_tiles_files_16_26_39.pt,0,test
GigaPath_embeddings_LBC_test/0/3d2ea7da-d7a6-4b5a-8c3b-7ff4e99e614f_pyramid_tiles_files_16_14_22.pt,0,test
GigaPath_embeddings_LBC_test/0/4b71df3c-6e36-4b86-86cd-403d470980d8_pyramid_tiles_files_16_7_8.pt,0,test
GigaPath_embeddings_LBC_test/0/85f754fe-8760-404b-bedb-6d8ac74ced85_pyramid_tiles_files_16_23_32.pt,0,test
GigaPath_embeddings_LBC_test/0/3d2ea7da-d7a6-4b5a-8c3b-7ff4e99e614f_pyramid_tiles_files_16_7_11.pt,0,test
GigaPath_embeddings_LBC_test/0/3d2ea7da-d7a6-4b5a-8c3b-7ff4e99e614f_pyramid_tiles_files_16_5_18.pt,0,test
GigaPath_embeddings_LBC_test/0/3d2ea7da-d7a6-4b5a-8c3b-7ff4e99e614f_pyramid_tiles_files_16_32_28.pt,0,test
GigaPath_embeddings_LBC_test/0/cbbb7a3f-b6d5-44d3-9eef-69757a914f2f_pyramid_tiles_files_16_26_1.pt,0,test
GigaPath_embeddings_LBC_test/0/4b71df3c-6e36-4b86-86cd-403d470980d8_pyramid_tiles_files_16_38_19.pt,0,test
GigaPath_embeddings_LBC_test/0/85f754fe-8760-404b-bedb-6d8ac74ced85_pyramid_tiles_files_16_28_34.pt,0,test
GigaPath_embeddings_LBC_test/0/3d2ea7da-d7a6-4b5a-8c3b-7ff4e99e614f_pyramid_tiles_files_16_10_13.pt,0,test
GigaPath_embeddings_LBC_test/0/4b71df3c-6e36-4b86-86cd-403d470980d8_pyramid_tiles_files_16_39_6.pt,0,test
GigaPath_embeddings_LBC_test/0/2b545ce7-ebd8-4b3b-98fa-2f442d48bc5e_pyramid_tiles_files_16_16_30.pt,0,test
GigaPath_embeddings_LBC_test/0/cbbb7a3f-b6d5-44d3-9eef-69757a914f2f_pyramid_tiles_files_16_13_35.pt,0,test
GigaPath_embeddings_LBC_test/0/cbbb7a3f-b6d5-44d3-9eef-69757a914f2f_pyramid_tiles_files_16_20_33.pt,0,test
GigaPath_embeddings_LBC_test/0/3d2ea7da-d7a6-4b5a-8c3b-7ff4e99e614f_pyramid_tiles_files_16_11_7.pt,0,test
GigaPath_embeddings_LBC_test/0/4b71df3c-6e36-4b86-86cd-403d470980d8_pyramid_tiles_files_16_40_9.pt,0,test
GigaPath_embeddings_LBC_test/0/cbbb7a3f-b6d5-44d3-9eef-69757a914f2f_pyramid_tiles_files_16_3_29.pt,0,test
GigaPath_embeddings_LBC_test/0/cbbb7a3f-b6d5-44d3-9eef-69757a914f2f_pyramid_tiles_files_16_25_1.pt,0,test
GigaPath_embeddings_LBC_test/0/4b71df3c-6e36-4b86-86cd-403d470980d8_pyramid_tiles_files_16_19_29.pt,0,test
GigaPath_embeddings_LBC_test/0/cbbb7a3f-b6d5-44d3-9eef-69757a914f2f_pyramid_tiles_files_16_6_17.pt,0,test
GigaPath_embeddings_LBC_test/0/cbbb7a3f-b6d5-44d3-9eef-69757a914f2f_pyramid_tiles_files_16_35_8.pt,0,test
GigaPath_embeddings_LBC_test/0/3d2ea7da-d7a6-4b5a-8c3b-7ff4e99e614f_pyramid_tiles_files_16_17_33.pt,0,test
GigaPath_embeddings_LBC_test/0/85f754fe-8760-404b-bedb-6d8ac74ced85_pyramid_tiles_files_16_12_23.pt,0,test
GigaPath_embeddings_LBC_test/0/4b71df3c-6e36-4b86-86cd-403d470980d8_pyramid_tiles_files_16_18_1.pt,0,test
GigaPath_embeddings_LBC_test/0/85f754fe-8760-404b-bedb-6d8ac74ced85_pyramid_tiles_files_16_17_19.pt,0,test
GigaPath_embeddings_LBC_test/0/2b545ce7-ebd8-4b3b-98fa-2f442d48bc5e_pyramid_tiles_files_16_30_36.pt,0,test
GigaPath_embeddings_LBC_test/0/4b71df3c-6e36-4b86-86cd-403d470980d8_pyramid_tiles_files_16_19_34.pt,0,test
GigaPath_embeddings_LBC_test/0/cbbb7a3f-b6d5-44d3-9eef-69757a914f2f_pyramid_tiles_files_16_4_27.pt,0,test
GigaPath_embeddings_LBC_test/0/cbbb7a3f-b6d5-44d3-9eef-69757a914f2f_pyramid_tiles_files_16_5_12.pt,0,test
GigaPath_embeddings_LBC_test/0/3d2ea7da-d7a6-4b5a-8c3b-7ff4e99e614f_pyramid_tiles_files_16_11_23.pt,0,test
GigaPath_embeddings_LBC_test/0/cbbb7a3f-b6d5-44d3-9eef-69757a914f2f_pyramid_tiles_files_16_27_23.pt,0,test
GigaPath_embeddings_LBC_test/0/4b71df3c-6e36-4b86-86cd-403d470980d8_pyramid_tiles_files_16_16_15.pt,0,test
GigaPath_embeddings_LBC_test/0/2b545ce7-ebd8-4b3b-98fa-2f442d48bc5e_pyramid_tiles_files_16_20_21.pt,0,test
GigaPath_embeddings_LBC_test/0/85f754fe-8760-404b-bedb-6d8ac74ced85_pyramid_tiles_files_16_34_24.pt,0,test
GigaPath_embeddings_LBC_test/0/3d2ea7da-d7a6-4b5a-8c3b-7ff4e99e614f_pyramid_tiles_files_16_22_24.pt,0,test
GigaPath_embeddings_LBC_test/0/3d2ea7da-d7a6-4b5a-8c3b-7ff4e99e614f_pyramid_tiles_files_16_27_29.pt,0,test
GigaPath_embeddings_LBC_test/0/3d2ea7da-d7a6-4b5a-8c3b-7ff4e99e614f_pyramid_tiles_files_16_23_22.pt,0,test
GigaPath_embeddings_LBC_test/0/4b71df3c-6e36-4b86-86cd-403d470980d8_pyramid_tiles_files_16_40_10.pt,0,test
GigaPath_embeddings_LBC_test/0/cbbb7a3f-b6d5-44d3-9eef-69757a914f2f_pyramid_tiles_files_16_0_17.pt,0,test
GigaPath_embeddings_LBC_test/0/2b545ce7-ebd8-4b3b-98fa-2f442d48bc5e_pyramid_tiles_files_16_27_32.pt,0,test
GigaPath_embeddings_LBC_test/0/85f754fe-8760-404b-bedb-6d8ac74ced85_pyramid_tiles_files_16_8_30.pt,0,test
GigaPath_embeddings_LBC_test/0/2b545ce7-ebd8-4b3b-98fa-2f442d48bc5e_pyramid_tiles_files_16_6_9.pt,0,test
GigaPath_embeddings_LBC_test/0/85f754fe-8760-404b-bedb-6d8ac74ced85_pyramid_tiles_files_16_15_8.pt,0,test
GigaPath_embeddings_LBC_test/0/cbbb7a3f-b6d5-44d3-9eef-69757a914f2f_pyramid_tiles_files_16_27_24.pt,0,test
GigaPath_embeddings_LBC_test/0/2b545ce7-ebd8-4b3b-98fa-2f442d48bc5e_pyramid_tiles_files_16_5_25.pt,0,test
GigaPath_embeddings_LBC_test/0/4b71df3c-6e36-4b86-86cd-403d470980d8_pyramid_tiles_files_16_15_12.pt,0,test
GigaPath_embeddings_LBC_test/0/4b71df3c-6e36-4b86-86cd-403d470980d8_pyramid_tiles_files_16_34_23.pt,0,test
GigaPath_embeddings_LBC_test/0/2b545ce7-ebd8-4b3b-98fa-2f442d48bc5e_pyramid_tiles_files_16_17_46.pt,0,test
GigaPath_embeddings_LBC_test/0/cbbb7a3f-b6d5-44d3-9eef-69757a914f2f_pyramid_tiles_files_16_35_23.pt,0,test
GigaPath_embeddings_LBC_test/0/4b71df3c-6e36-4b86-86cd-403d470980d8_pyramid_tiles_files_16_5_3.pt,0,test
GigaPath_embeddings_LBC_test/0/85f754fe-8760-404b-bedb-6d8ac74ced85_pyramid_tiles_files_16_3_10.pt,0,test
GigaPath_embeddings_LBC_test/0/4b71df3c-6e36-4b86-86cd-403d470980d8_pyramid_tiles_files_16_22_30.pt,0,test
GigaPath_embeddings_LBC_test/0/cbbb7a3f-b6d5-44d3-9eef-69757a914f2f_pyramid_tiles_files_16_29_23.pt,0,test
GigaPath_embeddings_LBC_test/0/85f754fe-8760-404b-bedb-6d8ac74ced85_pyramid_tiles_files_16_4_30.pt,0,test
GigaPath_embeddings_LBC_test/0/cbbb7a3f-b6d5-44d3-9eef-69757a914f2f_pyramid_tiles_files_16_5_30.pt,0,test
GigaPath_embeddings_LBC_test/0/3d2ea7da-d7a6-4b5a-8c3b-7ff4e99e614f_pyramid_tiles_files_16_15_39.pt,0,test
GigaPath_embeddings_LBC_test/0/85f754fe-8760-404b-bedb-6d8ac74ced85_pyramid_tiles_files_16_17_23.pt,0,test
GigaPath_embeddings_LBC_test/0/85f754fe-8760-404b-bedb-6d8ac74ced85_pyramid_tiles_files_16_22_37.pt,0,test
GigaPath_embeddings_LBC_test/0/3d2ea7da-d7a6-4b5a-8c3b-7ff4e99e614f_pyramid_tiles_files_16_9_7.pt,0,test
GigaPath_embeddings_LBC_test/0/4b71df3c-6e36-4b86-86cd-403d470980d8_pyramid_tiles_files_16_16_18.pt,0,test
GigaPath_embeddings_LBC_test/0/cbbb7a3f-b6d5-44d3-9eef-69757a914f2f_pyramid_tiles_files_16_2_24.pt,0,test
GigaPath_embeddings_LBC_test/0/3d2ea7da-d7a6-4b5a-8c3b-7ff4e99e614f_pyramid_tiles_files_16_16_13.pt,0,test
GigaPath_embeddings_LBC_test/0/2b545ce7-ebd8-4b3b-98fa-2f442d48bc5e_pyramid_tiles_files_16_3_36.pt,0,test
GigaPath_embeddings_LBC_test/0/3d2ea7da-d7a6-4b5a-8c3b-7ff4e99e614f_pyramid_tiles_files_16_4_31.pt,0,test
GigaPath_embeddings_LBC_test/0/cbbb7a3f-b6d5-44d3-9eef-69757a914f2f_pyramid_tiles_files_16_26_19.pt,0,test
GigaPath_embeddings_LBC_test/0/3d2ea7da-d7a6-4b5a-8c3b-7ff4e99e614f_pyramid_tiles_files_16_22_38.pt,0,test
GigaPath_embeddings_LBC_test/0/2b545ce7-ebd8-4b3b-98fa-2f442d48bc5e_pyramid_tiles_files_16_26_31.pt,0,test
GigaPath_embeddings_LBC_test/0/4b71df3c-6e36-4b86-86cd-403d470980d8_pyramid_tiles_files_16_32_27.pt,0,test
GigaPath_embeddings_LBC_test/0/3d2ea7da-d7a6-4b5a-8c3b-7ff4e99e614f_pyramid_tiles_files_16_20_28.pt,0,test
GigaPath_embeddings_LBC_test/0/cbbb7a3f-b6d5-44d3-9eef-69757a914f2f_pyramid_tiles_files_16_20_15.pt,0,test
GigaPath_embeddings_LBC_test/0/cbbb7a3f-b6d5-44d3-9eef-69757a914f2f_pyramid_tiles_files_16_16_34.pt,0,test
GigaPath_embeddings_LBC_test/0/85f754fe-8760-404b-bedb-6d8ac74ced85_pyramid_tiles_files_16_33_15.pt,0,test
GigaPath_embeddings_LBC_test/0/cbbb7a3f-b6d5-44d3-9eef-69757a914f2f_pyramid_tiles_files_16_8_30.pt,0,test
GigaPath_embeddings_LBC_test/0/85f754fe-8760-404b-bedb-6d8ac74ced85_pyramid_tiles_files_16_14_34.pt,0,test
GigaPath_embeddings_LBC_test/0/3d2ea7da-d7a6-4b5a-8c3b-7ff4e99e614f_pyramid_tiles_files_16_37_18.pt,0,test
GigaPath_embeddings_LBC_test/0/cbbb7a3f-b6d5-44d3-9eef-69757a914f2f_pyramid_tiles_files_16_35_11.pt,0,test
GigaPath_embeddings_LBC_test/0/4b71df3c-6e36-4b86-86cd-403d470980d8_pyramid_tiles_files_16_19_7.pt,0,test
GigaPath_embeddings_LBC_test/0/3d2ea7da-d7a6-4b5a-8c3b-7ff4e99e614f_pyramid_tiles_files_16_2_11.pt,0,test
GigaPath_embeddings_LBC_test/0/2b545ce7-ebd8-4b3b-98fa-2f442d48bc5e_pyramid_tiles_files_16_15_23.pt,0,test
GigaPath_embeddings_LBC_test/0/3d2ea7da-d7a6-4b5a-8c3b-7ff4e99e614f_pyramid_tiles_files_16_17_8.pt,0,test
GigaPath_embeddings_LBC_test/0/cbbb7a3f-b6d5-44d3-9eef-69757a914f2f_pyramid_tiles_files_16_5_35.pt,0,test
GigaPath_embeddings_LBC_test/0/4b71df3c-6e36-4b86-86cd-403d470980d8_pyramid_tiles_files_16_39_15.pt,0,test
GigaPath_embeddings_LBC_test/0/cbbb7a3f-b6d5-44d3-9eef-69757a914f2f_pyramid_tiles_files_16_18_29.pt,0,test
GigaPath_embeddings_LBC_test/0/2b545ce7-ebd8-4b3b-98fa-2f442d48bc5e_pyramid_tiles_files_16_11_46.pt,0,test
GigaPath_embeddings_LBC_test/0/cbbb7a3f-b6d5-44d3-9eef-69757a914f2f_pyramid_tiles_files_16_11_25.pt,0,test
GigaPath_embeddings_LBC_test/0/4b71df3c-6e36-4b86-86cd-403d470980d8_pyramid_tiles_files_16_4_18.pt,0,test
GigaPath_embeddings_LBC_test/0/2b545ce7-ebd8-4b3b-98fa-2f442d48bc5e_pyramid_tiles_files_16_9_18.pt,0,test
GigaPath_embeddings_LBC_test/0/3d2ea7da-d7a6-4b5a-8c3b-7ff4e99e614f_pyramid_tiles_files_16_28_33.pt,0,test
GigaPath_embeddings_LBC_test/0/cbbb7a3f-b6d5-44d3-9eef-69757a914f2f_pyramid_tiles_files_16_19_17.pt,0,test
GigaPath_embeddings_LBC_test/0/2b545ce7-ebd8-4b3b-98fa-2f442d48bc5e_pyramid_tiles_files_16_20_10.pt,0,test
GigaPath_embeddings_LBC_test/0/4b71df3c-6e36-4b86-86cd-403d470980d8_pyramid_tiles_files_16_21_2.pt,0,test
GigaPath_embeddings_LBC_test/0/cbbb7a3f-b6d5-44d3-9eef-69757a914f2f_pyramid_tiles_files_16_13_20.pt,0,test
GigaPath_embeddings_LBC_test/0/2b545ce7-ebd8-4b3b-98fa-2f442d48bc5e_pyramid_tiles_files_16_26_32.pt,0,test
GigaPath_embeddings_LBC_test/0/85f754fe-8760-404b-bedb-6d8ac74ced85_pyramid_tiles_files_16_12_25.pt,0,test
GigaPath_embeddings_LBC_test/0/85f754fe-8760-404b-bedb-6d8ac74ced85_pyramid_tiles_files_16_32_24.pt,0,test
GigaPath_embeddings_LBC_test/0/3d2ea7da-d7a6-4b5a-8c3b-7ff4e99e614f_pyramid_tiles_files_16_1_14.pt,0,test
GigaPath_embeddings_LBC_test/0/3d2ea7da-d7a6-4b5a-8c3b-7ff4e99e614f_pyramid_tiles_files_16_8_17.pt,0,test
GigaPath_embeddings_LBC_test/0/4b71df3c-6e36-4b86-86cd-403d470980d8_pyramid_tiles_files_16_17_25.pt,0,test
GigaPath_embeddings_LBC_test/0/4b71df3c-6e36-4b86-86cd-403d470980d8_pyramid_tiles_files_16_22_2.pt,0,test
GigaPath_embeddings_LBC_test/0/cbbb7a3f-b6d5-44d3-9eef-69757a914f2f_pyramid_tiles_files_16_29_24.pt,0,test
GigaPath_embeddings_LBC_test/0/85f754fe-8760-404b-bedb-6d8ac74ced85_pyramid_tiles_files_16_8_18.pt,0,test
GigaPath_embeddings_LBC_test/0/3d2ea7da-d7a6-4b5a-8c3b-7ff4e99e614f_pyramid_tiles_files_16_20_23.pt,0,test
GigaPath_embeddings_LBC_test/0/cbbb7a3f-b6d5-44d3-9eef-69757a914f2f_pyramid_tiles_files_16_23_8.pt,0,test
GigaPath_embeddings_LBC_test/0/3d2ea7da-d7a6-4b5a-8c3b-7ff4e99e614f_pyramid_tiles_files_16_27_35.pt,0,test
GigaPath_embeddings_LBC_test/0/4b71df3c-6e36-4b86-86cd-403d470980d8_pyramid_tiles_files_16_25_22.pt,0,test
GigaPath_embeddings_LBC_test/0/cbbb7a3f-b6d5-44d3-9eef-69757a914f2f_pyramid_tiles_files_16_24_13.pt,0,test
GigaPath_embeddings_LBC_test/0/85f754fe-8760-404b-bedb-6d8ac74ced85_pyramid_tiles_files_16_24_3.pt,0,test
GigaPath_embeddings_LBC_test/0/85f754fe-8760-404b-bedb-6d8ac74ced85_pyramid_tiles_files_16_2_26.pt,0,test
GigaPath_embeddings_LBC_test/0/3d2ea7da-d7a6-4b5a-8c3b-7ff4e99e614f_pyramid_tiles_files_16_11_19.pt,0,test
GigaPath_embeddings_LBC_test/0/4b71df3c-6e36-4b86-86cd-403d470980d8_pyramid_tiles_files_16_5_29.pt,0,test
GigaPath_embeddings_LBC_test/0/3d2ea7da-d7a6-4b5a-8c3b-7ff4e99e614f_pyramid_tiles_files_16_18_41.pt,0,test
GigaPath_embeddings_LBC_test/0/3d2ea7da-d7a6-4b5a-8c3b-7ff4e99e614f_pyramid_tiles_files_16_4_34.pt,0,test
GigaPath_embeddings_LBC_test/0/4b71df3c-6e36-4b86-86cd-403d470980d8_pyramid_tiles_files_16_27_27.pt,0,test
GigaPath_embeddings_LBC_test/0/cbbb7a3f-b6d5-44d3-9eef-69757a914f2f_pyramid_tiles_files_16_32_31.pt,0,test
GigaPath_embeddings_LBC_test/0/3d2ea7da-d7a6-4b5a-8c3b-7ff4e99e614f_pyramid_tiles_files_16_27_3.pt,0,test
GigaPath_embeddings_LBC_test/0/3d2ea7da-d7a6-4b5a-8c3b-7ff4e99e614f_pyramid_tiles_files_16_33_35.pt,0,test
GigaPath_embeddings_LBC_test/0/cbbb7a3f-b6d5-44d3-9eef-69757a914f2f_pyramid_tiles_files_16_11_17.pt,0,test
GigaPath_embeddings_LBC_test/0/3d2ea7da-d7a6-4b5a-8c3b-7ff4e99e614f_pyramid_tiles_files_16_19_22.pt,0,test
GigaPath_embeddings_LBC_test/0/cbbb7a3f-b6d5-44d3-9eef-69757a914f2f_pyramid_tiles_files_16_14_15.pt,0,test
GigaPath_embeddings_LBC_test/0/2b545ce7-ebd8-4b3b-98fa-2f442d48bc5e_pyramid_tiles_files_16_19_25.pt,0,test
GigaPath_embeddings_LBC_test/0/4b71df3c-6e36-4b86-86cd-403d470980d8_pyramid_tiles_files_16_11_15.pt,0,test
GigaPath_embeddings_LBC_test/0/4b71df3c-6e36-4b86-86cd-403d470980d8_pyramid_tiles_files_16_6_7.pt,0,test
GigaPath_embeddings_LBC_test/0/cbbb7a3f-b6d5-44d3-9eef-69757a914f2f_pyramid_tiles_files_16_12_3.pt,0,test
GigaPath_embeddings_LBC_test/0/85f754fe-8760-404b-bedb-6d8ac74ced85_pyramid_tiles_files_16_23_1.pt,0,test
GigaPath_embeddings_LBC_test/0/2b545ce7-ebd8-4b3b-98fa-2f442d48bc5e_pyramid_tiles_files_16_18_5.pt,0,test
GigaPath_embeddings_LBC_test/0/cbbb7a3f-b6d5-44d3-9eef-69757a914f2f_pyramid_tiles_files_16_12_20.pt,0,test
GigaPath_embeddings_LBC_test/0/4b71df3c-6e36-4b86-86cd-403d470980d8_pyramid_tiles_files_16_26_35.pt,0,test
GigaPath_embeddings_LBC_test/0/4b71df3c-6e36-4b86-86cd-403d470980d8_pyramid_tiles_files_16_9_30.pt,0,test
GigaPath_embeddings_LBC_test/0/3d2ea7da-d7a6-4b5a-8c3b-7ff4e99e614f_pyramid_tiles_files_16_25_30.pt,0,test
GigaPath_embeddings_LBC_test/0/4b71df3c-6e36-4b86-86cd-403d470980d8_pyramid_tiles_files_16_6_2.pt,0,test
GigaPath_embeddings_LBC_test/0/2b545ce7-ebd8-4b3b-98fa-2f442d48bc5e_pyramid_tiles_files_16_17_41.pt,0,test
GigaPath_embeddings_LBC_test/0/3d2ea7da-d7a6-4b5a-8c3b-7ff4e99e614f_pyramid_tiles_files_16_19_24.pt,0,test
GigaPath_embeddings_LBC_test/0/3d2ea7da-d7a6-4b5a-8c3b-7ff4e99e614f_pyramid_tiles_files_16_21_1.pt,0,test
GigaPath_embeddings_LBC_test/0/3d2ea7da-d7a6-4b5a-8c3b-7ff4e99e614f_pyramid_tiles_files_16_14_31.pt,0,test
GigaPath_embeddings_LBC_test/0/85f754fe-8760-404b-bedb-6d8ac74ced85_pyramid_tiles_files_16_34_22.pt,0,test
GigaPath_embeddings_LBC_test/0/4b71df3c-6e36-4b86-86cd-403d470980d8_pyramid_tiles_files_16_32_31.pt,0,test
GigaPath_embeddings_LBC_test/0/2b545ce7-ebd8-4b3b-98fa-2f442d48bc5e_pyramid_tiles_files_16_17_43.pt,0,test
GigaPath_embeddings_LBC_test/0/4b71df3c-6e36-4b86-86cd-403d470980d8_pyramid_tiles_files_16_8_19.pt,0,test
GigaPath_embeddings_LBC_test/0/85f754fe-8760-404b-bedb-6d8ac74ced85_pyramid_tiles_files_16_21_31.pt,0,test
GigaPath_embeddings_LBC_test/0/3d2ea7da-d7a6-4b5a-8c3b-7ff4e99e614f_pyramid_tiles_files_16_26_30.pt,0,test
GigaPath_embeddings_LBC_test/0/85f754fe-8760-404b-bedb-6d8ac74ced85_pyramid_tiles_files_16_1_13.pt,0,test
GigaPath_embeddings_LBC_test/0/4b71df3c-6e36-4b86-86cd-403d470980d8_pyramid_tiles_files_16_40_15.pt,0,test
GigaPath_embeddings_LBC_test/0/cbbb7a3f-b6d5-44d3-9eef-69757a914f2f_pyramid_tiles_files_16_9_9.pt,0,test
GigaPath_embeddings_LBC_test/0/85f754fe-8760-404b-bedb-6d8ac74ced85_pyramid_tiles_files_16_36_9.pt,0,test
GigaPath_embeddings_LBC_test/0/cbbb7a3f-b6d5-44d3-9eef-69757a914f2f_pyramid_tiles_files_16_22_28.pt,0,test
GigaPath_embeddings_LBC_test/0/3d2ea7da-d7a6-4b5a-8c3b-7ff4e99e614f_pyramid_tiles_files_16_26_18.pt,0,test
GigaPath_embeddings_LBC_test/0/3d2ea7da-d7a6-4b5a-8c3b-7ff4e99e614f_pyramid_tiles_files_16_22_37.pt,0,test
GigaPath_embeddings_LBC_test/0/cbbb7a3f-b6d5-44d3-9eef-69757a914f2f_pyramid_tiles_files_16_33_14.pt,0,test
GigaPath_embeddings_LBC_test/0/2b545ce7-ebd8-4b3b-98fa-2f442d48bc5e_pyramid_tiles_files_16_32_42.pt,0,test
GigaPath_embeddings_LBC_test/0/2b545ce7-ebd8-4b3b-98fa-2f442d48bc5e_pyramid_tiles_files_16_12_22.pt,0,test
GigaPath_embeddings_LBC_test/0/3d2ea7da-d7a6-4b5a-8c3b-7ff4e99e614f_pyramid_tiles_files_16_29_32.pt,0,test
GigaPath_embeddings_LBC_test/0/4b71df3c-6e36-4b86-86cd-403d470980d8_pyramid_tiles_files_16_6_34.pt,0,test
GigaPath_embeddings_LBC_test/0/4b71df3c-6e36-4b86-86cd-403d470980d8_pyramid_tiles_files_16_7_14.pt,0,test
GigaPath_embeddings_LBC_test/0/2b545ce7-ebd8-4b3b-98fa-2f442d48bc5e_pyramid_tiles_files_16_7_25.pt,0,test
GigaPath_embeddings_LBC_test/0/85f754fe-8760-404b-bedb-6d8ac74ced85_pyramid_tiles_files_16_13_33.pt,0,test
GigaPath_embeddings_LBC_test/0/85f754fe-8760-404b-bedb-6d8ac74ced85_pyramid_tiles_files_16_7_15.pt,0,test
GigaPath_embeddings_LBC_test/0/cbbb7a3f-b6d5-44d3-9eef-69757a914f2f_pyramid_tiles_files_16_27_11.pt,0,test
GigaPath_embeddings_LBC_test/0/85f754fe-8760-404b-bedb-6d8ac74ced85_pyramid_tiles_files_16_4_10.pt,0,test
GigaPath_embeddings_LBC_test/0/cbbb7a3f-b6d5-44d3-9eef-69757a914f2f_pyramid_tiles_files_16_9_17.pt,0,test
GigaPath_embeddings_LBC_test/0/cbbb7a3f-b6d5-44d3-9eef-69757a914f2f_pyramid_tiles_files_16_14_19.pt,0,test
GigaPath_embeddings_LBC_test/0/4b71df3c-6e36-4b86-86cd-403d470980d8_pyramid_tiles_files_16_25_21.pt,0,test
GigaPath_embeddings_LBC_test/0/4b71df3c-6e36-4b86-86cd-403d470980d8_pyramid_tiles_files_16_32_2.pt,0,test
GigaPath_embeddings_LBC_test/0/85f754fe-8760-404b-bedb-6d8ac74ced85_pyramid_tiles_files_16_19_28.pt,0,test
GigaPath_embeddings_LBC_test/0/4b71df3c-6e36-4b86-86cd-403d470980d8_pyramid_tiles_files_16_33_27.pt,0,test
GigaPath_embeddings_LBC_test/0/2b545ce7-ebd8-4b3b-98fa-2f442d48bc5e_pyramid_tiles_files_16_5_11.pt,0,test
GigaPath_embeddings_LBC_test/0/4b71df3c-6e36-4b86-86cd-403d470980d8_pyramid_tiles_files_16_24_15.pt,0,test
GigaPath_embeddings_LBC_test/0/cbbb7a3f-b6d5-44d3-9eef-69757a914f2f_pyramid_tiles_files_16_7_29.pt,0,test
GigaPath_embeddings_LBC_test/0/cbbb7a3f-b6d5-44d3-9eef-69757a914f2f_pyramid_tiles_files_16_11_36.pt,0,test
GigaPath_embeddings_LBC_test/0/4b71df3c-6e36-4b86-86cd-403d470980d8_pyramid_tiles_files_16_18_2.pt,0,test
GigaPath_embeddings_LBC_test/0/3d2ea7da-d7a6-4b5a-8c3b-7ff4e99e614f_pyramid_tiles_files_16_35_24.pt,0,test
GigaPath_embeddings_LBC_test/0/2b545ce7-ebd8-4b3b-98fa-2f442d48bc5e_pyramid_tiles_files_16_23_25.pt,0,test
GigaPath_embeddings_LBC_test/0/cbbb7a3f-b6d5-44d3-9eef-69757a914f2f_pyramid_tiles_files_16_7_34.pt,0,test
GigaPath_embeddings_LBC_test/0/cbbb7a3f-b6d5-44d3-9eef-69757a914f2f_pyramid_tiles_files_16_32_37.pt,0,test
GigaPath_embeddings_LBC_test/0/4b71df3c-6e36-4b86-86cd-403d470980d8_pyramid_tiles_files_16_19_2.pt,0,test
GigaPath_embeddings_LBC_test/0/cbbb7a3f-b6d5-44d3-9eef-69757a914f2f_pyramid_tiles_files_16_12_24.pt,0,test
GigaPath_embeddings_LBC_test/0/cbbb7a3f-b6d5-44d3-9eef-69757a914f2f_pyramid_tiles_files_16_34_31.pt,0,test
GigaPath_embeddings_LBC_test/0/2b545ce7-ebd8-4b3b-98fa-2f442d48bc5e_pyramid_tiles_files_16_18_27.pt,0,test
GigaPath_embeddings_LBC_test/0/2b545ce7-ebd8-4b3b-98fa-2f442d48bc5e_pyramid_tiles_files_16_12_11.pt,0,test
GigaPath_embeddings_LBC_test/0/3d2ea7da-d7a6-4b5a-8c3b-7ff4e99e614f_pyramid_tiles_files_16_29_34.pt,0,test
GigaPath_embeddings_LBC_test/0/85f754fe-8760-404b-bedb-6d8ac74ced85_pyramid_tiles_files_16_34_6.pt,0,test
GigaPath_embeddings_LBC_test/0/85f754fe-8760-404b-bedb-6d8ac74ced85_pyramid_tiles_files_16_3_25.pt,0,test
GigaPath_embeddings_LBC_test/0/cbbb7a3f-b6d5-44d3-9eef-69757a914f2f_pyramid_tiles_files_16_27_38.pt,0,test
GigaPath_embeddings_LBC_test/0/85f754fe-8760-404b-bedb-6d8ac74ced85_pyramid_tiles_files_16_24_26.pt,0,test
GigaPath_embeddings_LBC_test/0/85f754fe-8760-404b-bedb-6d8ac74ced85_pyramid_tiles_files_16_26_29.pt,0,test
GigaPath_embeddings_LBC_test/0/4b71df3c-6e36-4b86-86cd-403d470980d8_pyramid_tiles_files_16_29_0.pt,0,test
GigaPath_embeddings_LBC_test/0/4b71df3c-6e36-4b86-86cd-403d470980d8_pyramid_tiles_files_16_12_26.pt,0,test
GigaPath_embeddings_LBC_test/0/4b71df3c-6e36-4b86-86cd-403d470980d8_pyramid_tiles_files_16_25_2.pt,0,test
GigaPath_embeddings_LBC_test/0/2b545ce7-ebd8-4b3b-98fa-2f442d48bc5e_pyramid_tiles_files_16_18_10.pt,0,test
GigaPath_embeddings_LBC_test/0/cbbb7a3f-b6d5-44d3-9eef-69757a914f2f_pyramid_tiles_files_16_10_39.pt,0,test
GigaPath_embeddings_LBC_test/0/85f754fe-8760-404b-bedb-6d8ac74ced85_pyramid_tiles_files_16_21_37.pt,0,test
GigaPath_embeddings_LBC_test/0/2b545ce7-ebd8-4b3b-98fa-2f442d48bc5e_pyramid_tiles_files_16_22_34.pt,0,test
GigaPath_embeddings_LBC_test/0/85f754fe-8760-404b-bedb-6d8ac74ced85_pyramid_tiles_files_16_31_16.pt,0,test
GigaPath_embeddings_LBC_test/0/cbbb7a3f-b6d5-44d3-9eef-69757a914f2f_pyramid_tiles_files_16_15_29.pt,0,test
GigaPath_embeddings_LBC_test/0/4b71df3c-6e36-4b86-86cd-403d470980d8_pyramid_tiles_files_16_6_30.pt,0,test
GigaPath_embeddings_LBC_test/0/3d2ea7da-d7a6-4b5a-8c3b-7ff4e99e614f_pyramid_tiles_files_16_24_26.pt,0,test
GigaPath_embeddings_LBC_test/0/85f754fe-8760-404b-bedb-6d8ac74ced85_pyramid_tiles_files_16_31_21.pt,0,test
GigaPath_embeddings_LBC_test/0/2b545ce7-ebd8-4b3b-98fa-2f442d48bc5e_pyramid_tiles_files_16_25_15.pt,0,test
GigaPath_embeddings_LBC_test/0/85f754fe-8760-404b-bedb-6d8ac74ced85_pyramid_tiles_files_16_17_7.pt,0,test
GigaPath_embeddings_LBC_test/0/cbbb7a3f-b6d5-44d3-9eef-69757a914f2f_pyramid_tiles_files_16_35_28.pt,0,test
GigaPath_embeddings_LBC_test/0/3d2ea7da-d7a6-4b5a-8c3b-7ff4e99e614f_pyramid_tiles_files_16_22_29.pt,0,test
GigaPath_embeddings_LBC_test/0/3d2ea7da-d7a6-4b5a-8c3b-7ff4e99e614f_pyramid_tiles_files_16_35_17.pt,0,test
GigaPath_embeddings_LBC_test/0/2b545ce7-ebd8-4b3b-98fa-2f442d48bc5e_pyramid_tiles_files_16_16_19.pt,0,test
GigaPath_embeddings_LBC_test/0/4b71df3c-6e36-4b86-86cd-403d470980d8_pyramid_tiles_files_16_41_8.pt,0,test
GigaPath_embeddings_LBC_test/0/85f754fe-8760-404b-bedb-6d8ac74ced85_pyramid_tiles_files_16_0_21.pt,0,test
GigaPath_embeddings_LBC_test/0/cbbb7a3f-b6d5-44d3-9eef-69757a914f2f_pyramid_tiles_files_16_7_33.pt,0,test
GigaPath_embeddings_LBC_test/0/4b71df3c-6e36-4b86-86cd-403d470980d8_pyramid_tiles_files_16_26_27.pt,0,test
GigaPath_embeddings_LBC_test/0/4b71df3c-6e36-4b86-86cd-403d470980d8_pyramid_tiles_files_16_38_9.pt,0,test
GigaPath_embeddings_LBC_test/0/4b71df3c-6e36-4b86-86cd-403d470980d8_pyramid_tiles_files_16_17_12.pt,0,test
GigaPath_embeddings_LBC_test/0/4b71df3c-6e36-4b86-86cd-403d470980d8_pyramid_tiles_files_16_21_32.pt,0,test
GigaPath_embeddings_LBC_test/0/85f754fe-8760-404b-bedb-6d8ac74ced85_pyramid_tiles_files_16_25_2.pt,0,test
GigaPath_embeddings_LBC_test/0/3d2ea7da-d7a6-4b5a-8c3b-7ff4e99e614f_pyramid_tiles_files_16_10_7.pt,0,test
GigaPath_embeddings_LBC_test/0/2b545ce7-ebd8-4b3b-98fa-2f442d48bc5e_pyramid_tiles_files_16_17_38.pt,0,test
GigaPath_embeddings_LBC_test/0/4b71df3c-6e36-4b86-86cd-403d470980d8_pyramid_tiles_files_16_35_32.pt,0,test
GigaPath_embeddings_LBC_test/0/85f754fe-8760-404b-bedb-6d8ac74ced85_pyramid_tiles_files_16_9_29.pt,0,test
GigaPath_embeddings_LBC_test/0/3d2ea7da-d7a6-4b5a-8c3b-7ff4e99e614f_pyramid_tiles_files_16_17_22.pt,0,test
GigaPath_embeddings_LBC_test/0/2b545ce7-ebd8-4b3b-98fa-2f442d48bc5e_pyramid_tiles_files_16_31_34.pt,0,test
GigaPath_embeddings_LBC_test/0/cbbb7a3f-b6d5-44d3-9eef-69757a914f2f_pyramid_tiles_files_16_6_33.pt,0,test
GigaPath_embeddings_LBC_test/0/cbbb7a3f-b6d5-44d3-9eef-69757a914f2f_pyramid_tiles_files_16_9_16.pt,0,test
GigaPath_embeddings_LBC_test/0/2b545ce7-ebd8-4b3b-98fa-2f442d48bc5e_pyramid_tiles_files_16_26_42.pt,0,test
GigaPath_embeddings_LBC_test/0/cbbb7a3f-b6d5-44d3-9eef-69757a914f2f_pyramid_tiles_files_16_35_32.pt,0,test
GigaPath_embeddings_LBC_test/0/4b71df3c-6e36-4b86-86cd-403d470980d8_pyramid_tiles_files_16_42_11.pt,0,test
GigaPath_embeddings_LBC_test/0/3d2ea7da-d7a6-4b5a-8c3b-7ff4e99e614f_pyramid_tiles_files_16_7_37.pt,0,test
GigaPath_embeddings_LBC_test/0/2b545ce7-ebd8-4b3b-98fa-2f442d48bc5e_pyramid_tiles_files_16_17_23.pt,0,test
GigaPath_embeddings_LBC_test/0/cbbb7a3f-b6d5-44d3-9eef-69757a914f2f_pyramid_tiles_files_16_8_9.pt,0,test
GigaPath_embeddings_LBC_test/0/4b71df3c-6e36-4b86-86cd-403d470980d8_pyramid_tiles_files_16_3_17.pt,0,test
GigaPath_embeddings_LBC_test/0/3d2ea7da-d7a6-4b5a-8c3b-7ff4e99e614f_pyramid_tiles_files_16_7_24.pt,0,test
GigaPath_embeddings_LBC_test/0/85f754fe-8760-404b-bedb-6d8ac74ced85_pyramid_tiles_files_16_32_41.pt,0,test
GigaPath_embeddings_LBC_test/0/2b545ce7-ebd8-4b3b-98fa-2f442d48bc5e_pyramid_tiles_files_16_24_23.pt,0,test
GigaPath_embeddings_LBC_test/0/cbbb7a3f-b6d5-44d3-9eef-69757a914f2f_pyramid_tiles_files_16_10_4.pt,0,test
GigaPath_embeddings_LBC_test/0/3d2ea7da-d7a6-4b5a-8c3b-7ff4e99e614f_pyramid_tiles_files_16_4_14.pt,0,test
GigaPath_embeddings_LBC_test/0/2b545ce7-ebd8-4b3b-98fa-2f442d48bc5e_pyramid_tiles_files_16_25_14.pt,0,test
GigaPath_embeddings_LBC_test/0/85f754fe-8760-404b-bedb-6d8ac74ced85_pyramid_tiles_files_16_3_16.pt,0,test
GigaPath_embeddings_LBC_test/0/cbbb7a3f-b6d5-44d3-9eef-69757a914f2f_pyramid_tiles_files_16_36_25.pt,0,test
GigaPath_embeddings_LBC_test/0/3d2ea7da-d7a6-4b5a-8c3b-7ff4e99e614f_pyramid_tiles_files_16_28_38.pt,0,test
GigaPath_embeddings_LBC_test/0/cbbb7a3f-b6d5-44d3-9eef-69757a914f2f_pyramid_tiles_files_16_13_36.pt,0,test
GigaPath_embeddings_LBC_test/0/85f754fe-8760-404b-bedb-6d8ac74ced85_pyramid_tiles_files_16_12_9.pt,0,test
GigaPath_embeddings_LBC_test/0/3d2ea7da-d7a6-4b5a-8c3b-7ff4e99e614f_pyramid_tiles_files_16_11_9.pt,0,test
GigaPath_embeddings_LBC_test/0/cbbb7a3f-b6d5-44d3-9eef-69757a914f2f_pyramid_tiles_files_16_28_35.pt,0,test
GigaPath_embeddings_LBC_test/0/3d2ea7da-d7a6-4b5a-8c3b-7ff4e99e614f_pyramid_tiles_files_16_27_36.pt,0,test
GigaPath_embeddings_LBC_test/0/3d2ea7da-d7a6-4b5a-8c3b-7ff4e99e614f_pyramid_tiles_files_16_0_20.pt,0,test
GigaPath_embeddings_LBC_test/0/cbbb7a3f-b6d5-44d3-9eef-69757a914f2f_pyramid_tiles_files_16_3_19.pt,0,test
GigaPath_embeddings_LBC_test/0/cbbb7a3f-b6d5-44d3-9eef-69757a914f2f_pyramid_tiles_files_16_20_20.pt,0,test
GigaPath_embeddings_LBC_test/0/cbbb7a3f-b6d5-44d3-9eef-69757a914f2f_pyramid_tiles_files_16_10_8.pt,0,test
GigaPath_embeddings_LBC_test/0/2b545ce7-ebd8-4b3b-98fa-2f442d48bc5e_pyramid_tiles_files_16_27_41.pt,0,test
GigaPath_embeddings_LBC_test/0/3d2ea7da-d7a6-4b5a-8c3b-7ff4e99e614f_pyramid_tiles_files_16_15_6.pt,0,test
GigaPath_embeddings_LBC_test/0/2b545ce7-ebd8-4b3b-98fa-2f442d48bc5e_pyramid_tiles_files_16_27_33.pt,0,test
GigaPath_embeddings_LBC_test/0/2b545ce7-ebd8-4b3b-98fa-2f442d48bc5e_pyramid_tiles_files_16_27_34.pt,0,test
GigaPath_embeddings_LBC_test/0/3d2ea7da-d7a6-4b5a-8c3b-7ff4e99e614f_pyramid_tiles_files_16_24_21.pt,0,test
GigaPath_embeddings_LBC_test/0/4b71df3c-6e36-4b86-86cd-403d470980d8_pyramid_tiles_files_16_16_12.pt,0,test
GigaPath_embeddings_LBC_test/0/3d2ea7da-d7a6-4b5a-8c3b-7ff4e99e614f_pyramid_tiles_files_16_34_27.pt,0,test
GigaPath_embeddings_LBC_test/0/2b545ce7-ebd8-4b3b-98fa-2f442d48bc5e_pyramid_tiles_files_16_13_25.pt,0,test
GigaPath_embeddings_LBC_test/0/2b545ce7-ebd8-4b3b-98fa-2f442d48bc5e_pyramid_tiles_files_16_27_11.pt,0,test
GigaPath_embeddings_LBC_test/0/2b545ce7-ebd8-4b3b-98fa-2f442d48bc5e_pyramid_tiles_files_16_32_23.pt,0,test
GigaPath_embeddings_LBC_test/0/2b545ce7-ebd8-4b3b-98fa-2f442d48bc5e_pyramid_tiles_files_16_15_31.pt,0,test
GigaPath_embeddings_LBC_test/0/4b71df3c-6e36-4b86-86cd-403d470980d8_pyramid_tiles_files_16_30_2.pt,0,test
GigaPath_embeddings_LBC_test/0/4b71df3c-6e36-4b86-86cd-403d470980d8_pyramid_tiles_files_16_11_19.pt,0,test
GigaPath_embeddings_LBC_test/0/3d2ea7da-d7a6-4b5a-8c3b-7ff4e99e614f_pyramid_tiles_files_16_11_22.pt,0,test
GigaPath_embeddings_LBC_test/0/85f754fe-8760-404b-bedb-6d8ac74ced85_pyramid_tiles_files_16_8_13.pt,0,test
GigaPath_embeddings_LBC_test/0/cbbb7a3f-b6d5-44d3-9eef-69757a914f2f_pyramid_tiles_files_16_12_26.pt,0,test
GigaPath_embeddings_LBC_test/0/2b545ce7-ebd8-4b3b-98fa-2f442d48bc5e_pyramid_tiles_files_16_21_34.pt,0,test
GigaPath_embeddings_LBC_test/0/4b71df3c-6e36-4b86-86cd-403d470980d8_pyramid_tiles_files_16_12_10.pt,0,test
GigaPath_embeddings_LBC_test/0/2b545ce7-ebd8-4b3b-98fa-2f442d48bc5e_pyramid_tiles_files_16_13_42.pt,0,test
GigaPath_embeddings_LBC_test/0/3d2ea7da-d7a6-4b5a-8c3b-7ff4e99e614f_pyramid_tiles_files_16_26_36.pt,0,test
GigaPath_embeddings_LBC_test/0/4b71df3c-6e36-4b86-86cd-403d470980d8_pyramid_tiles_files_16_40_12.pt,0,test
GigaPath_embeddings_LBC_test/0/3d2ea7da-d7a6-4b5a-8c3b-7ff4e99e614f_pyramid_tiles_files_16_14_9.pt,0,test
GigaPath_embeddings_LBC_test/0/cbbb7a3f-b6d5-44d3-9eef-69757a914f2f_pyramid_tiles_files_16_9_8.pt,0,test
GigaPath_embeddings_LBC_test/0/3d2ea7da-d7a6-4b5a-8c3b-7ff4e99e614f_pyramid_tiles_files_16_18_2.pt,0,test
GigaPath_embeddings_LBC_test/0/2b545ce7-ebd8-4b3b-98fa-2f442d48bc5e_pyramid_tiles_files_16_7_19.pt,0,test
GigaPath_embeddings_LBC_test/0/4b71df3c-6e36-4b86-86cd-403d470980d8_pyramid_tiles_files_16_21_23.pt,0,test
GigaPath_embeddings_LBC_test/0/85f754fe-8760-404b-bedb-6d8ac74ced85_pyramid_tiles_files_16_13_28.pt,0,test
GigaPath_embeddings_LBC_test/0/cbbb7a3f-b6d5-44d3-9eef-69757a914f2f_pyramid_tiles_files_16_25_15.pt,0,test
GigaPath_embeddings_LBC_test/0/3d2ea7da-d7a6-4b5a-8c3b-7ff4e99e614f_pyramid_tiles_files_16_34_24.pt,0,test
GigaPath_embeddings_LBC_test/0/cbbb7a3f-b6d5-44d3-9eef-69757a914f2f_pyramid_tiles_files_16_32_28.pt,0,test
GigaPath_embeddings_LBC_test/0/2b545ce7-ebd8-4b3b-98fa-2f442d48bc5e_pyramid_tiles_files_16_12_34.pt,0,test
GigaPath_embeddings_LBC_test/0/2b545ce7-ebd8-4b3b-98fa-2f442d48bc5e_pyramid_tiles_files_16_19_31.pt,0,test
GigaPath_embeddings_LBC_test/0/85f754fe-8760-404b-bedb-6d8ac74ced85_pyramid_tiles_files_16_13_17.pt,0,test
GigaPath_embeddings_LBC_test/0/3d2ea7da-d7a6-4b5a-8c3b-7ff4e99e614f_pyramid_tiles_files_16_22_6.pt,0,test
GigaPath_embeddings_LBC_test/0/3d2ea7da-d7a6-4b5a-8c3b-7ff4e99e614f_pyramid_tiles_files_16_9_12.pt,0,test
GigaPath_embeddings_LBC_test/0/85f754fe-8760-404b-bedb-6d8ac74ced85_pyramid_tiles_files_16_14_8.pt,0,test
GigaPath_embeddings_LBC_test/0/2b545ce7-ebd8-4b3b-98fa-2f442d48bc5e_pyramid_tiles_files_16_31_33.pt,0,test
GigaPath_embeddings_LBC_test/0/3d2ea7da-d7a6-4b5a-8c3b-7ff4e99e614f_pyramid_tiles_files_16_22_18.pt,0,test
GigaPath_embeddings_LBC_test/0/85f754fe-8760-404b-bedb-6d8ac74ced85_pyramid_tiles_files_16_13_7.pt,0,test
GigaPath_embeddings_LBC_test/0/cbbb7a3f-b6d5-44d3-9eef-69757a914f2f_pyramid_tiles_files_16_16_36.pt,0,test
GigaPath_embeddings_LBC_test/0/cbbb7a3f-b6d5-44d3-9eef-69757a914f2f_pyramid_tiles_files_16_31_16.pt,0,test
GigaPath_embeddings_LBC_test/0/4b71df3c-6e36-4b86-86cd-403d470980d8_pyramid_tiles_files_16_9_8.pt,0,test
GigaPath_embeddings_LBC_test/0/2b545ce7-ebd8-4b3b-98fa-2f442d48bc5e_pyramid_tiles_files_16_34_25.pt,0,test
GigaPath_embeddings_LBC_test/0/3d2ea7da-d7a6-4b5a-8c3b-7ff4e99e614f_pyramid_tiles_files_16_21_11.pt,0,test
GigaPath_embeddings_LBC_test/0/cbbb7a3f-b6d5-44d3-9eef-69757a914f2f_pyramid_tiles_files_16_31_8.pt,0,test
GigaPath_embeddings_LBC_test/0/85f754fe-8760-404b-bedb-6d8ac74ced85_pyramid_tiles_files_16_24_10.pt,0,test
GigaPath_embeddings_LBC_test/0/85f754fe-8760-404b-bedb-6d8ac74ced85_pyramid_tiles_files_16_6_16.pt,0,test
GigaPath_embeddings_LBC_test/0/4b71df3c-6e36-4b86-86cd-403d470980d8_pyramid_tiles_files_16_11_1.pt,0,test
GigaPath_embeddings_LBC_test/0/2b545ce7-ebd8-4b3b-98fa-2f442d48bc5e_pyramid_tiles_files_16_1_36.pt,0,test
GigaPath_embeddings_LBC_test/0/3d2ea7da-d7a6-4b5a-8c3b-7ff4e99e614f_pyramid_tiles_files_16_24_12.pt,0,test
GigaPath_embeddings_LBC_test/0/4b71df3c-6e36-4b86-86cd-403d470980d8_pyramid_tiles_files_16_40_8.pt,0,test
GigaPath_embeddings_LBC_test/0/2b545ce7-ebd8-4b3b-98fa-2f442d48bc5e_pyramid_tiles_files_16_2_38.pt,0,test
GigaPath_embeddings_LBC_test/0/cbbb7a3f-b6d5-44d3-9eef-69757a914f2f_pyramid_tiles_files_16_39_21.pt,0,test
GigaPath_embeddings_LBC_test/0/cbbb7a3f-b6d5-44d3-9eef-69757a914f2f_pyramid_tiles_files_16_26_37.pt,0,test
GigaPath_embeddings_LBC_test/0/85f754fe-8760-404b-bedb-6d8ac74ced85_pyramid_tiles_files_16_3_32.pt,0,test
GigaPath_embeddings_LBC_test/0/4b71df3c-6e36-4b86-86cd-403d470980d8_pyramid_tiles_files_16_26_22.pt,0,test
GigaPath_embeddings_LBC_test/0/85f754fe-8760-404b-bedb-6d8ac74ced85_pyramid_tiles_files_16_35_14.pt,0,test
GigaPath_embeddings_LBC_test/0/2b545ce7-ebd8-4b3b-98fa-2f442d48bc5e_pyramid_tiles_files_16_12_28.pt,0,test
GigaPath_embeddings_LBC_test/0/85f754fe-8760-404b-bedb-6d8ac74ced85_pyramid_tiles_files_16_9_26.pt,0,test
GigaPath_embeddings_LBC_test/0/3d2ea7da-d7a6-4b5a-8c3b-7ff4e99e614f_pyramid_tiles_files_16_31_13.pt,0,test
GigaPath_embeddings_LBC_test/0/cbbb7a3f-b6d5-44d3-9eef-69757a914f2f_pyramid_tiles_files_16_15_7.pt,0,test
GigaPath_embeddings_LBC_test/0/2b545ce7-ebd8-4b3b-98fa-2f442d48bc5e_pyramid_tiles_files_16_22_23.pt,0,test
GigaPath_embeddings_LBC_test/0/3d2ea7da-d7a6-4b5a-8c3b-7ff4e99e614f_pyramid_tiles_files_16_17_27.pt,0,test
GigaPath_embeddings_LBC_test/0/3d2ea7da-d7a6-4b5a-8c3b-7ff4e99e614f_pyramid_tiles_files_16_6_32.pt,0,test
GigaPath_embeddings_LBC_test/0/85f754fe-8760-404b-bedb-6d8ac74ced85_pyramid_tiles_files_16_32_33.pt,0,test
GigaPath_embeddings_LBC_test/0/4b71df3c-6e36-4b86-86cd-403d470980d8_pyramid_tiles_files_16_38_18.pt,0,test
GigaPath_embeddings_LBC_test/0/2b545ce7-ebd8-4b3b-98fa-2f442d48bc5e_pyramid_tiles_files_16_33_21.pt,0,test
GigaPath_embeddings_LBC_test/0/cbbb7a3f-b6d5-44d3-9eef-69757a914f2f_pyramid_tiles_files_16_12_36.pt,0,test
GigaPath_embeddings_LBC_test/0/3d2ea7da-d7a6-4b5a-8c3b-7ff4e99e614f_pyramid_tiles_files_16_20_33.pt,0,test
GigaPath_embeddings_LBC_test/0/85f754fe-8760-404b-bedb-6d8ac74ced85_pyramid_tiles_files_16_4_9.pt,0,test
GigaPath_embeddings_LBC_test/0/85f754fe-8760-404b-bedb-6d8ac74ced85_pyramid_tiles_files_16_32_16.pt,0,test
GigaPath_embeddings_LBC_test/0/3d2ea7da-d7a6-4b5a-8c3b-7ff4e99e614f_pyramid_tiles_files_16_33_21.pt,0,test
GigaPath_embeddings_LBC_test/0/cbbb7a3f-b6d5-44d3-9eef-69757a914f2f_pyramid_tiles_files_16_6_25.pt,0,test
GigaPath_embeddings_LBC_test/0/3d2ea7da-d7a6-4b5a-8c3b-7ff4e99e614f_pyramid_tiles_files_16_3_18.pt,0,test
GigaPath_embeddings_LBC_test/0/4b71df3c-6e36-4b86-86cd-403d470980d8_pyramid_tiles_files_16_25_18.pt,0,test
GigaPath_embeddings_LBC_test/0/cbbb7a3f-b6d5-44d3-9eef-69757a914f2f_pyramid_tiles_files_16_22_3.pt,0,test
GigaPath_embeddings_LBC_test/0/3d2ea7da-d7a6-4b5a-8c3b-7ff4e99e614f_pyramid_tiles_files_16_12_30.pt,0,test
GigaPath_embeddings_LBC_test/0/3d2ea7da-d7a6-4b5a-8c3b-7ff4e99e614f_pyramid_tiles_files_16_14_24.pt,0,test
GigaPath_embeddings_LBC_test/0/4b71df3c-6e36-4b86-86cd-403d470980d8_pyramid_tiles_files_16_23_30.pt,0,test
GigaPath_embeddings_LBC_test/0/4b71df3c-6e36-4b86-86cd-403d470980d8_pyramid_tiles_files_16_12_7.pt,0,test
GigaPath_embeddings_LBC_test/0/3d2ea7da-d7a6-4b5a-8c3b-7ff4e99e614f_pyramid_tiles_files_16_5_33.pt,0,test
GigaPath_embeddings_LBC_test/0/cbbb7a3f-b6d5-44d3-9eef-69757a914f2f_pyramid_tiles_files_16_11_27.pt,0,test
GigaPath_embeddings_LBC_test/0/85f754fe-8760-404b-bedb-6d8ac74ced85_pyramid_tiles_files_16_22_1.pt,0,test
GigaPath_embeddings_LBC_test/0/2b545ce7-ebd8-4b3b-98fa-2f442d48bc5e_pyramid_tiles_files_16_16_23.pt,0,test
GigaPath_embeddings_LBC_test/0/2b545ce7-ebd8-4b3b-98fa-2f442d48bc5e_pyramid_tiles_files_16_4_14.pt,0,test
GigaPath_embeddings_LBC_test/0/cbbb7a3f-b6d5-44d3-9eef-69757a914f2f_pyramid_tiles_files_16_9_30.pt,0,test
GigaPath_embeddings_LBC_test/0/85f754fe-8760-404b-bedb-6d8ac74ced85_pyramid_tiles_files_16_30_13.pt,0,test
GigaPath_embeddings_LBC_test/0/85f754fe-8760-404b-bedb-6d8ac74ced85_pyramid_tiles_files_16_13_5.pt,0,test
GigaPath_embeddings_LBC_test/0/3d2ea7da-d7a6-4b5a-8c3b-7ff4e99e614f_pyramid_tiles_files_16_18_19.pt,0,test
GigaPath_embeddings_LBC_test/0/cbbb7a3f-b6d5-44d3-9eef-69757a914f2f_pyramid_tiles_files_16_27_16.pt,0,test
GigaPath_embeddings_LBC_test/0/cbbb7a3f-b6d5-44d3-9eef-69757a914f2f_pyramid_tiles_files_16_15_2.pt,0,test
GigaPath_embeddings_LBC_test/0/cbbb7a3f-b6d5-44d3-9eef-69757a914f2f_pyramid_tiles_files_16_19_4.pt,0,test
GigaPath_embeddings_LBC_test/0/cbbb7a3f-b6d5-44d3-9eef-69757a914f2f_pyramid_tiles_files_16_15_5.pt,0,test
GigaPath_embeddings_LBC_test/0/4b71df3c-6e36-4b86-86cd-403d470980d8_pyramid_tiles_files_16_36_29.pt,0,test
GigaPath_embeddings_LBC_test/0/85f754fe-8760-404b-bedb-6d8ac74ced85_pyramid_tiles_files_16_5_18.pt,0,test
GigaPath_embeddings_LBC_test/0/4b71df3c-6e36-4b86-86cd-403d470980d8_pyramid_tiles_files_16_14_32.pt,0,test
GigaPath_embeddings_LBC_test/0/cbbb7a3f-b6d5-44d3-9eef-69757a914f2f_pyramid_tiles_files_16_36_11.pt,0,test
GigaPath_embeddings_LBC_test/0/3d2ea7da-d7a6-4b5a-8c3b-7ff4e99e614f_pyramid_tiles_files_16_23_24.pt,0,test
GigaPath_embeddings_LBC_test/0/cbbb7a3f-b6d5-44d3-9eef-69757a914f2f_pyramid_tiles_files_16_40_20.pt,0,test
GigaPath_embeddings_LBC_test/0/85f754fe-8760-404b-bedb-6d8ac74ced85_pyramid_tiles_files_16_14_20.pt,0,test
GigaPath_embeddings_LBC_test/0/3d2ea7da-d7a6-4b5a-8c3b-7ff4e99e614f_pyramid_tiles_files_16_32_4.pt,0,test
GigaPath_embeddings_LBC_test/0/85f754fe-8760-404b-bedb-6d8ac74ced85_pyramid_tiles_files_16_5_30.pt,0,test
GigaPath_embeddings_LBC_test/0/4b71df3c-6e36-4b86-86cd-403d470980d8_pyramid_tiles_files_16_21_24.pt,0,test
GigaPath_embeddings_LBC_test/0/4b71df3c-6e36-4b86-86cd-403d470980d8_pyramid_tiles_files_16_30_7.pt,0,test
GigaPath_embeddings_LBC_test/0/4b71df3c-6e36-4b86-86cd-403d470980d8_pyramid_tiles_files_16_26_0.pt,0,test
GigaPath_embeddings_LBC_test/0/3d2ea7da-d7a6-4b5a-8c3b-7ff4e99e614f_pyramid_tiles_files_16_21_6.pt,0,test
GigaPath_embeddings_LBC_test/0/2b545ce7-ebd8-4b3b-98fa-2f442d48bc5e_pyramid_tiles_files_16_26_45.pt,0,test
GigaPath_embeddings_LBC_test/0/3d2ea7da-d7a6-4b5a-8c3b-7ff4e99e614f_pyramid_tiles_files_16_38_20.pt,0,test
GigaPath_embeddings_LBC_test/0/cbbb7a3f-b6d5-44d3-9eef-69757a914f2f_pyramid_tiles_files_16_5_18.pt,0,test
GigaPath_embeddings_LBC_test/0/85f754fe-8760-404b-bedb-6d8ac74ced85_pyramid_tiles_files_16_21_29.pt,0,test
GigaPath_embeddings_LBC_test/0/2b545ce7-ebd8-4b3b-98fa-2f442d48bc5e_pyramid_tiles_files_16_24_41.pt,0,test
GigaPath_embeddings_LBC_test/0/85f754fe-8760-404b-bedb-6d8ac74ced85_pyramid_tiles_files_16_15_1.pt,0,test
GigaPath_embeddings_LBC_test/0/4b71df3c-6e36-4b86-86cd-403d470980d8_pyramid_tiles_files_16_39_19.pt,0,test
GigaPath_embeddings_LBC_test/0/cbbb7a3f-b6d5-44d3-9eef-69757a914f2f_pyramid_tiles_files_16_10_37.pt,0,test
GigaPath_embeddings_LBC_test/0/cbbb7a3f-b6d5-44d3-9eef-69757a914f2f_pyramid_tiles_files_16_6_22.pt,0,test
GigaPath_embeddings_LBC_test/0/4b71df3c-6e36-4b86-86cd-403d470980d8_pyramid_tiles_files_16_36_17.pt,0,test
GigaPath_embeddings_LBC_test/0/3d2ea7da-d7a6-4b5a-8c3b-7ff4e99e614f_pyramid_tiles_files_16_17_14.pt,0,test
GigaPath_embeddings_LBC_test/0/2b545ce7-ebd8-4b3b-98fa-2f442d48bc5e_pyramid_tiles_files_16_23_36.pt,0,test
GigaPath_embeddings_LBC_test/0/3d2ea7da-d7a6-4b5a-8c3b-7ff4e99e614f_pyramid_tiles_files_16_10_17.pt,0,test
GigaPath_embeddings_LBC_test/0/85f754fe-8760-404b-bedb-6d8ac74ced85_pyramid_tiles_files_16_12_36.pt,0,test
GigaPath_embeddings_LBC_test/0/2b545ce7-ebd8-4b3b-98fa-2f442d48bc5e_pyramid_tiles_files_16_30_15.pt,0,test
GigaPath_embeddings_LBC_test/0/cbbb7a3f-b6d5-44d3-9eef-69757a914f2f_pyramid_tiles_files_16_4_23.pt,0,test
GigaPath_embeddings_LBC_test/0/2b545ce7-ebd8-4b3b-98fa-2f442d48bc5e_pyramid_tiles_files_16_15_39.pt,0,test
GigaPath_embeddings_LBC_test/0/4b71df3c-6e36-4b86-86cd-403d470980d8_pyramid_tiles_files_16_19_15.pt,0,test
GigaPath_embeddings_LBC_test/0/2b545ce7-ebd8-4b3b-98fa-2f442d48bc5e_pyramid_tiles_files_16_17_16.pt,0,test
GigaPath_embeddings_LBC_test/0/85f754fe-8760-404b-bedb-6d8ac74ced85_pyramid_tiles_files_16_7_17.pt,0,test
GigaPath_embeddings_LBC_test/0/2b545ce7-ebd8-4b3b-98fa-2f442d48bc5e_pyramid_tiles_files_16_25_34.pt,0,test
GigaPath_embeddings_LBC_test/0/85f754fe-8760-404b-bedb-6d8ac74ced85_pyramid_tiles_files_16_12_13.pt,0,test
GigaPath_embeddings_LBC_test/0/85f754fe-8760-404b-bedb-6d8ac74ced85_pyramid_tiles_files_16_23_25.pt,0,test
GigaPath_embeddings_LBC_test/0/2b545ce7-ebd8-4b3b-98fa-2f442d48bc5e_pyramid_tiles_files_16_22_46.pt,0,test
GigaPath_embeddings_LBC_test/0/cbbb7a3f-b6d5-44d3-9eef-69757a914f2f_pyramid_tiles_files_16_26_39.pt,0,test
GigaPath_embeddings_LBC_test/0/85f754fe-8760-404b-bedb-6d8ac74ced85_pyramid_tiles_files_16_7_33.pt,0,test
GigaPath_embeddings_LBC_test/0/85f754fe-8760-404b-bedb-6d8ac74ced85_pyramid_tiles_files_16_17_27.pt,0,test
GigaPath_embeddings_LBC_test/0/cbbb7a3f-b6d5-44d3-9eef-69757a914f2f_pyramid_tiles_files_16_10_1.pt,0,test
GigaPath_embeddings_LBC_test/0/2b545ce7-ebd8-4b3b-98fa-2f442d48bc5e_pyramid_tiles_files_16_28_17.pt,0,test
GigaPath_embeddings_LBC_test/0/2b545ce7-ebd8-4b3b-98fa-2f442d48bc5e_pyramid_tiles_files_16_16_38.pt,0,test
GigaPath_embeddings_LBC_test/0/4b71df3c-6e36-4b86-86cd-403d470980d8_pyramid_tiles_files_16_14_30.pt,0,test
GigaPath_embeddings_LBC_test/0/cbbb7a3f-b6d5-44d3-9eef-69757a914f2f_pyramid_tiles_files_16_27_18.pt,0,test
GigaPath_embeddings_LBC_test/0/4b71df3c-6e36-4b86-86cd-403d470980d8_pyramid_tiles_files_16_32_34.pt,0,test
GigaPath_embeddings_LBC_test/0/cbbb7a3f-b6d5-44d3-9eef-69757a914f2f_pyramid_tiles_files_16_34_36.pt,0,test
GigaPath_embeddings_LBC_test/0/cbbb7a3f-b6d5-44d3-9eef-69757a914f2f_pyramid_tiles_files_16_30_35.pt,0,test
GigaPath_embeddings_LBC_test/0/2b545ce7-ebd8-4b3b-98fa-2f442d48bc5e_pyramid_tiles_files_16_33_18.pt,0,test
GigaPath_embeddings_LBC_test/0/4b71df3c-6e36-4b86-86cd-403d470980d8_pyramid_tiles_files_16_18_34.pt,0,test
GigaPath_embeddings_LBC_test/0/cbbb7a3f-b6d5-44d3-9eef-69757a914f2f_pyramid_tiles_files_16_28_10.pt,0,test
GigaPath_embeddings_LBC_test/0/3d2ea7da-d7a6-4b5a-8c3b-7ff4e99e614f_pyramid_tiles_files_16_27_6.pt,0,test
GigaPath_embeddings_LBC_test/0/85f754fe-8760-404b-bedb-6d8ac74ced85_pyramid_tiles_files_16_26_11.pt,0,test
GigaPath_embeddings_LBC_test/0/4b71df3c-6e36-4b86-86cd-403d470980d8_pyramid_tiles_files_16_3_12.pt,0,test
GigaPath_embeddings_LBC_test/0/4b71df3c-6e36-4b86-86cd-403d470980d8_pyramid_tiles_files_16_14_34.pt,0,test
GigaPath_embeddings_LBC_test/0/3d2ea7da-d7a6-4b5a-8c3b-7ff4e99e614f_pyramid_tiles_files_16_2_19.pt,0,test
GigaPath_embeddings_LBC_test/0/85f754fe-8760-404b-bedb-6d8ac74ced85_pyramid_tiles_files_16_35_21.pt,0,test
GigaPath_embeddings_LBC_test/0/2b545ce7-ebd8-4b3b-98fa-2f442d48bc5e_pyramid_tiles_files_16_23_23.pt,0,test
GigaPath_embeddings_LBC_test/0/2b545ce7-ebd8-4b3b-98fa-2f442d48bc5e_pyramid_tiles_files_16_21_24.pt,0,test
GigaPath_embeddings_LBC_test/0/4b71df3c-6e36-4b86-86cd-403d470980d8_pyramid_tiles_files_16_6_25.pt,0,test
GigaPath_embeddings_LBC_test/0/4b71df3c-6e36-4b86-86cd-403d470980d8_pyramid_tiles_files_16_21_20.pt,0,test
GigaPath_embeddings_LBC_test/0/3d2ea7da-d7a6-4b5a-8c3b-7ff4e99e614f_pyramid_tiles_files_16_26_5.pt,0,test
GigaPath_embeddings_LBC_test/0/2b545ce7-ebd8-4b3b-98fa-2f442d48bc5e_pyramid_tiles_files_16_28_25.pt,0,test
GigaPath_embeddings_LBC_test/0/cbbb7a3f-b6d5-44d3-9eef-69757a914f2f_pyramid_tiles_files_16_30_32.pt,0,test
GigaPath_embeddings_LBC_test/0/4b71df3c-6e36-4b86-86cd-403d470980d8_pyramid_tiles_files_16_21_34.pt,0,test
GigaPath_embeddings_LBC_test/0/3d2ea7da-d7a6-4b5a-8c3b-7ff4e99e614f_pyramid_tiles_files_16_24_10.pt,0,test
GigaPath_embeddings_LBC_test/0/4b71df3c-6e36-4b86-86cd-403d470980d8_pyramid_tiles_files_16_17_21.pt,0,test
GigaPath_embeddings_LBC_test/0/cbbb7a3f-b6d5-44d3-9eef-69757a914f2f_pyramid_tiles_files_16_21_21.pt,0,test
GigaPath_embeddings_LBC_test/0/4b71df3c-6e36-4b86-86cd-403d470980d8_pyramid_tiles_files_16_13_2.pt,0,test
GigaPath_embeddings_LBC_test/0/cbbb7a3f-b6d5-44d3-9eef-69757a914f2f_pyramid_tiles_files_16_14_18.pt,0,test
GigaPath_embeddings_LBC_test/0/4b71df3c-6e36-4b86-86cd-403d470980d8_pyramid_tiles_files_16_7_1.pt,0,test
GigaPath_embeddings_LBC_test/0/2b545ce7-ebd8-4b3b-98fa-2f442d48bc5e_pyramid_tiles_files_16_7_33.pt,0,test
GigaPath_embeddings_LBC_test/0/cbbb7a3f-b6d5-44d3-9eef-69757a914f2f_pyramid_tiles_files_16_6_32.pt,0,test
GigaPath_embeddings_LBC_test/0/3d2ea7da-d7a6-4b5a-8c3b-7ff4e99e614f_pyramid_tiles_files_16_15_9.pt,0,test
GigaPath_embeddings_LBC_test/0/3d2ea7da-d7a6-4b5a-8c3b-7ff4e99e614f_pyramid_tiles_files_16_4_32.pt,0,test
GigaPath_embeddings_LBC_test/0/4b71df3c-6e36-4b86-86cd-403d470980d8_pyramid_tiles_files_16_32_17.pt,0,test
GigaPath_embeddings_LBC_test/0/4b71df3c-6e36-4b86-86cd-403d470980d8_pyramid_tiles_files_16_29_2.pt,0,test
GigaPath_embeddings_LBC_test/0/85f754fe-8760-404b-bedb-6d8ac74ced85_pyramid_tiles_files_16_25_30.pt,0,test
GigaPath_embeddings_LBC_test/0/cbbb7a3f-b6d5-44d3-9eef-69757a914f2f_pyramid_tiles_files_16_32_16.pt,0,test
GigaPath_embeddings_LBC_test/0/85f754fe-8760-404b-bedb-6d8ac74ced85_pyramid_tiles_files_16_13_20.pt,0,test
GigaPath_embeddings_LBC_test/0/3d2ea7da-d7a6-4b5a-8c3b-7ff4e99e614f_pyramid_tiles_files_16_5_21.pt,0,test
GigaPath_embeddings_LBC_test/0/2b545ce7-ebd8-4b3b-98fa-2f442d48bc5e_pyramid_tiles_files_16_32_26.pt,0,test
GigaPath_embeddings_LBC_test/1/4c84cdfb-d548-4bf1-9598-98c0a3d934e1_pyramid_tiles_files_17_23_72.pt,1,test
GigaPath_embeddings_LBC_test/1/e91eb178-776c-4b3a-b589-36a0e68408ce_pyramid_tiles_files_16_17_19.pt,1,test
GigaPath_embeddings_LBC_test/1/8622536e-861a-4e45-8c03-1337f35267fb_pyramid_tiles_files_16_17_31.pt,1,test
GigaPath_embeddings_LBC_test/1/2edb0236-8fca-4fab-a0e9-300304e2a20a_pyramid_tiles_files_17_22_73.pt,1,test
GigaPath_embeddings_LBC_test/1/fb34db15-00ea-425c-89e7-8f6bf844e9e8_pyramid_tiles_files_16_21_29.pt,1,test
GigaPath_embeddings_LBC_test/1/09022f45-72f6-41d4-b741-d102f2ae2fdc_pyramid_tiles_files_16_24_27.pt,1,test
GigaPath_embeddings_LBC_test/1/7cdca764-efc1-4f0d-9faa-10e29288c6f8_pyramid_tiles_files_16_17_30.pt,1,test
GigaPath_embeddings_LBC_test/1/e1ee6327-4383-4db7-859d-c209fda7a7d0_pyramid_tiles_files_17_24_72.pt,1,test
GigaPath_embeddings_LBC_test/1/bcb241e8-5c96-4eae-aef2-0494615c7332_pyramid_tiles_files_16_18_19.pt,1,test
GigaPath_embeddings_LBC_test/1/2babd76f-dfde-4550-a087-a6f04ae0380c_pyramid_tiles_files_17_23_72.pt,1,test
GigaPath_embeddings_LBC_test/1/deb52381-ec34-4586-a9ba-461702954557_pyramid_tiles_files_17_14_19.pt,1,test
GigaPath_embeddings_LBC_test/1/e55b9872-ce3b-4a05-a062-8297e68e1f6e_pyramid_tiles_files_16_24_29.pt,1,test
GigaPath_embeddings_LBC_test/1/a6cbace4-4145-454d-bea2-a9043abe08d8_pyramid_tiles_files_17_17_41.pt,1,test
GigaPath_embeddings_LBC_test/1/8622536e-861a-4e45-8c03-1337f35267fb_pyramid_tiles_files_16_21_29.pt,1,test
GigaPath_embeddings_LBC_test/1/878e391e-4957-471f-bea3-e02bf882cfd1_pyramid_tiles_files_17_24_73.pt,1,test
GigaPath_embeddings_LBC_test/1/24c8b882-f5c3-44c8-850a-4d8efa534536_pyramid_tiles_files_16_24_29.pt,1,test
GigaPath_embeddings_LBC_test/1/2e2cf6c2-259d-4579-9fd6-5e463f70329d_pyramid_tiles_files_17_23_73.pt,1,test
GigaPath_embeddings_LBC_test/1/4d43ca02-898e-471a-89ff-38e030d7d3f8_pyramid_tiles_files_16_17_20.pt,1,test
GigaPath_embeddings_LBC_test/1/10003085-3ef2-4f6d-b4d2-0446990fe5f3_pyramid_tiles_files_16_18_30.pt,1,test
GigaPath_embeddings_LBC_test/1/103910a7-ef17-49d6-b722-31806bc8c3a5_pyramid_tiles_files_16_24_28.pt,1,test
GigaPath_embeddings_LBC_test/1/1561b271-ed0a-4bba-968f-ec730f2a5707_pyramid_tiles_files_16_17_20.pt,1,test
GigaPath_embeddings_LBC_test/1/2f9ace47-773d-432b-95c0-4c79d09ca789_pyramid_tiles_files_17_17_40.pt,1,test
GigaPath_embeddings_LBC_test/1/d750d161-f794-40ee-90a4-c79c85733209_pyramid_tiles_files_17_17_41.pt,1,test
GigaPath_embeddings_LBC_test/1/c111e4b1-718a-4334-9d6e-d2394615b1d5_pyramid_tiles_files_17_18_40.pt,1,test
GigaPath_embeddings_LBC_test/1/cf67a244-b7e8-46cf-81e4-fd444b2ccbc0_pyramid_tiles_files_17_24_72.pt,1,test
GigaPath_embeddings_LBC_test/1/af452c1d-404b-40d7-8523-afab97ce3fe7_pyramid_tiles_files_17_22_73.pt,1,test
GigaPath_embeddings_LBC_test/1/05f7516a-c717-491e-b5f2-b611c3789fa3_pyramid_tiles_files_16_16_20.pt,1,test
GigaPath_embeddings_LBC_test/1/1fb96a41-129c-4275-b731-c359822ff033_pyramid_tiles_files_17_24_72.pt,1,test
GigaPath_embeddings_LBC_test/1/2b77e2fa-983e-4050-ab0f-5179f73a394e_pyramid_tiles_files_16_22_29.pt,1,test
GigaPath_embeddings_LBC_test/1/1f648a7a-3d12-4d96-a35d-8328e2c2c766_pyramid_tiles_files_17_24_73.pt,1,test
GigaPath_embeddings_LBC_test/1/daea7c93-5f94-4fa6-b95d-ec43c7bf721d_pyramid_tiles_files_17_14_18.pt,1,test
GigaPath_embeddings_LBC_test/1/f014b792-5610-425a-9902-a1bb52d60996_pyramid_tiles_files_17_15_19.pt,1,test
GigaPath_embeddings_LBC_test/1/09022f45-72f6-41d4-b741-d102f2ae2fdc_pyramid_tiles_files_16_17_31.pt,1,test
GigaPath_embeddings_LBC_test/1/05f7516a-c717-491e-b5f2-b611c3789fa3_pyramid_tiles_files_16_24_29.pt,1,test
GigaPath_embeddings_LBC_test/1/7f90fbd0-c09c-45ef-b603-f0059d32e4af_pyramid_tiles_files_16_17_20.pt,1,test
GigaPath_embeddings_LBC_test/1/4d43ca02-898e-471a-89ff-38e030d7d3f8_pyramid_tiles_files_16_24_29.pt,1,test
GigaPath_embeddings_LBC_test/1/d7165445-b5e9-4b9e-844c-84e4e10e76b8_pyramid_tiles_files_16_16_19.pt,1,test
GigaPath_embeddings_LBC_test/1/f5a044fa-6bad-49f3-b270-aa635a369748_pyramid_tiles_files_16_18_20.pt,1,test
GigaPath_embeddings_LBC_test/1/f9e2d87e-82ee-4e66-a710-97cf70cdb392_pyramid_tiles_files_16_18_19.pt,1,test
GigaPath_embeddings_LBC_test/1/c99b0491-5d02-4e58-90c0-67838b0b2500_pyramid_tiles_files_16_19_31.pt,1,test
GigaPath_embeddings_LBC_test/1/2154bc6d-2b7b-4c63-ba32-d877a60f2cff_pyramid_tiles_files_16_17_20.pt,1,test
GigaPath_embeddings_LBC_test/1/9218d0a5-c718-45cc-9612-23b0ac040e3e_pyramid_tiles_files_17_22_72.pt,1,test
GigaPath_embeddings_LBC_test/1/ed470fa7-2231-4856-bbdb-9c45ada10876_pyramid_tiles_files_16_17_20.pt,1,test
GigaPath_embeddings_LBC_test/1/e0ee1714-9f42-4c7e-9c29-6b808c24073f_pyramid_tiles_files_16_25_28.pt,1,test
GigaPath_embeddings_LBC_test/1/cfad50f3-e318-44ef-9136-da9e38305cd5_pyramid_tiles_files_17_17_40.pt,1,test
GigaPath_embeddings_LBC_test/1/910ae3a4-0161-408b-bc72-41e06bd37102_pyramid_tiles_files_16_24_27.pt,1,test
GigaPath_embeddings_LBC_test/1/1f9396eb-107b-4eb2-a434-c7cb66eaa071_pyramid_tiles_files_16_19_30.pt,1,test
GigaPath_embeddings_LBC_test/1/2675f262-0e7c-483d-971e-00500ac47587_pyramid_tiles_files_16_23_28.pt,1,test
GigaPath_embeddings_LBC_test/1/b34b3227-38a8-47fe-8920-18c280edcff6_pyramid_tiles_files_16_18_31.pt,1,test
GigaPath_embeddings_LBC_test/1/9f9025f6-3cb2-4e63-9f09-1c25957cd8e3_pyramid_tiles_files_17_18_41.pt,1,test
GigaPath_embeddings_LBC_test/1/10003085-3ef2-4f6d-b4d2-0446990fe5f3_pyramid_tiles_files_16_18_20.pt,1,test
GigaPath_embeddings_LBC_test/1/cfad50f3-e318-44ef-9136-da9e38305cd5_pyramid_tiles_files_17_22_73.pt,1,test
GigaPath_embeddings_LBC_test/1/33851c15-9a41-450a-bff1-d906c9acf6f3_pyramid_tiles_files_16_19_31.pt,1,test
GigaPath_embeddings_LBC_test/1/a4047681-fe6c-4db0-8e38-c66ca50d77f7_pyramid_tiles_files_17_17_41.pt,1,test
GigaPath_embeddings_LBC_test/1/9ccdfd46-597a-4148-b9b0-7853d9ead11a_pyramid_tiles_files_17_17_40.pt,1,test
GigaPath_embeddings_LBC_test/1/3051d836-91a4-4aff-9bf2-7cf31904a2ea_pyramid_tiles_files_16_18_31.pt,1,test
GigaPath_embeddings_LBC_test/1/770f5bc2-09e8-4f6f-80f2-7c32080268a6_pyramid_tiles_files_16_24_28.pt,1,test
GigaPath_embeddings_LBC_test/1/0170e458-6934-43fb-b512-f08220d42a8d_pyramid_tiles_files_17_14_19.pt,1,test
GigaPath_embeddings_LBC_test/1/7f90fbd0-c09c-45ef-b603-f0059d32e4af_pyramid_tiles_files_16_17_30.pt,1,test
GigaPath_embeddings_LBC_test/1/537e700c-bb74-41c6-a61e-cbff213e450d_pyramid_tiles_files_16_17_19.pt,1,test
GigaPath_embeddings_LBC_test/1/2babd76f-dfde-4550-a087-a6f04ae0380c_pyramid_tiles_files_17_17_40.pt,1,test
GigaPath_embeddings_LBC_test/1/daea7c93-5f94-4fa6-b95d-ec43c7bf721d_pyramid_tiles_files_17_23_72.pt,1,test
GigaPath_embeddings_LBC_test/1/2bb9b118-1d4c-468f-ba3d-1240e98da375_pyramid_tiles_files_17_14_19.pt,1,test
GigaPath_embeddings_LBC_test/1/e55b9872-ce3b-4a05-a062-8297e68e1f6e_pyramid_tiles_files_16_17_30.pt,1,test
GigaPath_embeddings_LBC_test/1/9fac65c4-3967-4e89-8188-01be7914423b_pyramid_tiles_files_16_16_20.pt,1,test
GigaPath_embeddings_LBC_test/1/860e3689-9c98-41b1-a40c-82ecedb84773_pyramid_tiles_files_17_23_73.pt,1,test
GigaPath_embeddings_LBC_test/1/27f952da-cb0e-4b86-9464-3b31671933ce_pyramid_tiles_files_17_24_73.pt,1,test
GigaPath_embeddings_LBC_test/1/c111e4b1-718a-4334-9d6e-d2394615b1d5_pyramid_tiles_files_17_17_41.pt,1,test
GigaPath_embeddings_LBC_test/1/c6396b76-347c-4c7e-83b6-f23bc75f38fb_pyramid_tiles_files_17_18_40.pt,1,test
GigaPath_embeddings_LBC_test/1/2babd76f-dfde-4550-a087-a6f04ae0380c_pyramid_tiles_files_17_15_18.pt,1,test
GigaPath_embeddings_LBC_test/1/585c9fc8-5144-4038-b03f-94d1b70ca166_pyramid_tiles_files_17_14_18.pt,1,test
GigaPath_embeddings_LBC_test/1/eed8a45e-5400-44f3-bec9-acad9bffabe6_pyramid_tiles_files_16_24_29.pt,1,test
GigaPath_embeddings_LBC_test/1/b34b3227-38a8-47fe-8920-18c280edcff6_pyramid_tiles_files_16_17_19.pt,1,test
GigaPath_embeddings_LBC_test/1/2154bc6d-2b7b-4c63-ba32-d877a60f2cff_pyramid_tiles_files_16_22_28.pt,1,test
GigaPath_embeddings_LBC_test/1/d0b24e86-0df9-4e80-9802-77f3f8a44a4e_pyramid_tiles_files_16_24_28.pt,1,test
GigaPath_embeddings_LBC_test/1/cfa1a36d-1290-4546-8c41-a23a9c66188d_pyramid_tiles_files_16_21_29.pt,1,test
GigaPath_embeddings_LBC_test/1/eeace26f-0d61-42b0-8a7e-38cc2f0bd7e5_pyramid_tiles_files_16_25_29.pt,1,test
GigaPath_embeddings_LBC_test/1/585c9fc8-5144-4038-b03f-94d1b70ca166_pyramid_tiles_files_17_15_19.pt,1,test
GigaPath_embeddings_LBC_test/1/1fb96a41-129c-4275-b731-c359822ff033_pyramid_tiles_files_17_18_41.pt,1,test
GigaPath_embeddings_LBC_test/1/a30139a7-46bc-430e-9a88-053af9aa1784_pyramid_tiles_files_17_24_73.pt,1,test
GigaPath_embeddings_LBC_test/1/7b35cee2-c730-4045-a69b-18802e2b4c8e_pyramid_tiles_files_17_17_41.pt,1,test
GigaPath_embeddings_LBC_test/1/9ffbf523-b2b2-4a89-812f-5235ef148d44_pyramid_tiles_files_17_23_72.pt,1,test
GigaPath_embeddings_LBC_test/1/9e3412ec-231c-40a8-8c17-e358744efb5a_pyramid_tiles_files_16_24_29.pt,1,test
GigaPath_embeddings_LBC_test/1/8ba06d0e-ba28-481e-a2a9-c95807391113_pyramid_tiles_files_16_17_31.pt,1,test
GigaPath_embeddings_LBC_test/1/9e3412ec-231c-40a8-8c17-e358744efb5a_pyramid_tiles_files_16_25_27.pt,1,test
GigaPath_embeddings_LBC_test/1/1f9396eb-107b-4eb2-a434-c7cb66eaa071_pyramid_tiles_files_16_16_19.pt,1,test
GigaPath_embeddings_LBC_test/1/f21c730f-c4c5-4db2-843c-5bc29f2cc708_pyramid_tiles_files_17_23_73.pt,1,test
GigaPath_embeddings_LBC_test/1/3c4ac5df-b116-4847-8737-79d4db791a7e_pyramid_tiles_files_17_14_19.pt,1,test
GigaPath_embeddings_LBC_test/1/27f952da-cb0e-4b86-9464-3b31671933ce_pyramid_tiles_files_17_23_72.pt,1,test
GigaPath_embeddings_LBC_test/1/cf67a244-b7e8-46cf-81e4-fd444b2ccbc0_pyramid_tiles_files_17_23_72.pt,1,test
GigaPath_embeddings_LBC_test/1/e84495a2-0920-47f9-95a9-f22b38b127ce_pyramid_tiles_files_16_18_31.pt,1,test
GigaPath_embeddings_LBC_test/1/7cdca764-efc1-4f0d-9faa-10e29288c6f8_pyramid_tiles_files_16_25_29.pt,1,test
GigaPath_embeddings_LBC_test/1/2f9ace47-773d-432b-95c0-4c79d09ca789_pyramid_tiles_files_17_24_72.pt,1,test
GigaPath_embeddings_LBC_test/1/f69d24a9-c04a-42d2-a9d5-c226f35f7dc6_pyramid_tiles_files_17_17_40.pt,1,test
GigaPath_embeddings_LBC_test/1/dd2f13fc-3d5f-40e0-8d49-cc94b041616c_pyramid_tiles_files_16_17_20.pt,1,test
GigaPath_embeddings_LBC_test/1/8622536e-861a-4e45-8c03-1337f35267fb_pyramid_tiles_files_16_19_31.pt,1,test
GigaPath_embeddings_LBC_test/1/8ba06d0e-ba28-481e-a2a9-c95807391113_pyramid_tiles_files_16_16_20.pt,1,test
GigaPath_embeddings_LBC_test/1/41295260-4748-4a7d-9689-d22f4d1bf6c1_pyramid_tiles_files_16_19_30.pt,1,test
GigaPath_embeddings_LBC_test/1/2b77e2fa-983e-4050-ab0f-5179f73a394e_pyramid_tiles_files_16_21_29.pt,1,test
GigaPath_embeddings_LBC_test/1/770f5bc2-09e8-4f6f-80f2-7c32080268a6_pyramid_tiles_files_16_25_27.pt,1,test
GigaPath_embeddings_LBC_test/1/bfda3d1a-59f1-447b-b964-0774d6564648_pyramid_tiles_files_16_21_28.pt,1,test
GigaPath_embeddings_LBC_test/1/41295260-4748-4a7d-9689-d22f4d1bf6c1_pyramid_tiles_files_16_18_20.pt,1,test
GigaPath_embeddings_LBC_test/1/a6a6a107-4162-4090-90ff-d4521738c55e_pyramid_tiles_files_16_23_29.pt,1,test
GigaPath_embeddings_LBC_test/1/d98d1466-b08e-4cdc-81c2-66b38375028f_pyramid_tiles_files_16_25_27.pt,1,test
GigaPath_embeddings_LBC_test/1/ead8e571-832f-48cf-ac10-dbf23a23e118_pyramid_tiles_files_16_21_29.pt,1,test
GigaPath_embeddings_LBC_test/1/9c22e271-a48a-45a0-8682-b151a03d336a_pyramid_tiles_files_17_15_18.pt,1,test
GigaPath_embeddings_LBC_test/1/e0ee1714-9f42-4c7e-9c29-6b808c24073f_pyramid_tiles_files_16_19_30.pt,1,test
GigaPath_embeddings_LBC_test/1/1df6ad4f-b95e-468a-b96d-fc28fa16bf7d_pyramid_tiles_files_16_22_28.pt,1,test
GigaPath_embeddings_LBC_test/1/1a244e75-7c81-4580-940b-730cdb7d6229_pyramid_tiles_files_17_17_41.pt,1,test
GigaPath_embeddings_LBC_test/1/7dcf5c3f-c90d-4884-97a6-2a341140819f_pyramid_tiles_files_17_17_41.pt,1,test
GigaPath_embeddings_LBC_test/1/af452c1d-404b-40d7-8523-afab97ce3fe7_pyramid_tiles_files_17_23_73.pt,1,test
GigaPath_embeddings_LBC_test/1/6863a74b-12b6-41e5-8beb-60b571303b26_pyramid_tiles_files_17_22_72.pt,1,test
GigaPath_embeddings_LBC_test/1/7d2da7f8-aa22-429e-9690-f6ff7fbfb9c6_pyramid_tiles_files_17_24_73.pt,1,test
GigaPath_embeddings_LBC_test/1/9832fea5-5b1a-41d2-9319-e953a420307d_pyramid_tiles_files_16_24_27.pt,1,test
GigaPath_embeddings_LBC_test/1/9c22e271-a48a-45a0-8682-b151a03d336a_pyramid_tiles_files_17_24_73.pt,1,test
GigaPath_embeddings_LBC_test/1/4d43ca02-898e-471a-89ff-38e030d7d3f8_pyramid_tiles_files_16_17_31.pt,1,test
GigaPath_embeddings_LBC_test/1/0c815d19-6b10-43b9-b403-e8bcd96c88c9_pyramid_tiles_files_16_21_29.pt,1,test
GigaPath_embeddings_LBC_test/1/a6a6a107-4162-4090-90ff-d4521738c55e_pyramid_tiles_files_16_24_28.pt,1,test
GigaPath_embeddings_LBC_test/1/4d43ca02-898e-471a-89ff-38e030d7d3f8_pyramid_tiles_files_16_24_28.pt,1,test
GigaPath_embeddings_LBC_test/1/a162a4e4-226c-41cb-b60b-475042441e74_pyramid_tiles_files_16_16_20.pt,1,test
GigaPath_embeddings_LBC_test/1/0aaa3037-e4d2-4bb5-9f20-bda58da5c3fe_pyramid_tiles_files_17_24_72.pt,1,test
GigaPath_embeddings_LBC_test/1/3f15feb9-c91a-40ce-a257-3d25dfab60d8_pyramid_tiles_files_16_18_19.pt,1,test
GigaPath_embeddings_LBC_test/1/4d43ca02-898e-471a-89ff-38e030d7d3f8_pyramid_tiles_files_16_22_28.pt,1,test
GigaPath_embeddings_LBC_test/1/a162a4e4-226c-41cb-b60b-475042441e74_pyramid_tiles_files_16_25_28.pt,1,test
GigaPath_embeddings_LBC_test/1/1f9396eb-107b-4eb2-a434-c7cb66eaa071_pyramid_tiles_files_16_17_31.pt,1,test
GigaPath_embeddings_LBC_test/1/88a9d8e1-7333-4408-801b-6b56b5efe148_pyramid_tiles_files_17_24_72.pt,1,test
GigaPath_embeddings_LBC_test/1/7b35cee2-c730-4045-a69b-18802e2b4c8e_pyramid_tiles_files_17_14_19.pt,1,test
GigaPath_embeddings_LBC_test/1/a7129833-faa2-4c97-826d-e43b75b7cb05_pyramid_tiles_files_16_16_19.pt,1,test
GigaPath_embeddings_LBC_test/1/9489edbc-93c6-4165-97a7-5b51cef27c90_pyramid_tiles_files_17_14_18.pt,1,test
GigaPath_embeddings_LBC_test/1/c99b0491-5d02-4e58-90c0-67838b0b2500_pyramid_tiles_files_16_16_19.pt,1,test
GigaPath_embeddings_LBC_test/1/f737654c-9f44-4233-b852-5e28e74e8a38_pyramid_tiles_files_17_24_73.pt,1,test
GigaPath_embeddings_LBC_test/1/2babd76f-dfde-4550-a087-a6f04ae0380c_pyramid_tiles_files_17_17_41.pt,1,test
GigaPath_embeddings_LBC_test/1/0170e458-6934-43fb-b512-f08220d42a8d_pyramid_tiles_files_17_23_72.pt,1,test
GigaPath_embeddings_LBC_test/1/1900bdd5-ff4b-47e3-8384-0c7aa7b67c96_pyramid_tiles_files_16_23_28.pt,1,test
GigaPath_embeddings_LBC_test/1/a7129833-faa2-4c97-826d-e43b75b7cb05_pyramid_tiles_files_16_24_28.pt,1,test
GigaPath_embeddings_LBC_test/1/09022f45-72f6-41d4-b741-d102f2ae2fdc_pyramid_tiles_files_16_25_29.pt,1,test
GigaPath_embeddings_LBC_test/1/99658cf5-d1dc-4436-ac7c-24f303817fb0_pyramid_tiles_files_16_25_29.pt,1,test
GigaPath_embeddings_LBC_test/1/13a98c45-1483-4b7a-b509-ff2f1829df9b_pyramid_tiles_files_17_18_40.pt,1,test
GigaPath_embeddings_LBC_test/1/7adcd0ef-cbca-4984-aff5-724af95463a4_pyramid_tiles_files_16_21_29.pt,1,test
GigaPath_embeddings_LBC_test/1/878e391e-4957-471f-bea3-e02bf882cfd1_pyramid_tiles_files_17_23_73.pt,1,test
GigaPath_embeddings_LBC_test/1/e4f9d4ac-0e18-426c-920a-56da5042a2b6_pyramid_tiles_files_16_23_29.pt,1,test
GigaPath_embeddings_LBC_test/1/9f9025f6-3cb2-4e63-9f09-1c25957cd8e3_pyramid_tiles_files_17_18_40.pt,1,test
GigaPath_embeddings_LBC_test/1/1b577487-07bc-477e-8f84-d6700010a240_pyramid_tiles_files_17_24_73.pt,1,test
GigaPath_embeddings_LBC_test/1/7dcf5c3f-c90d-4884-97a6-2a341140819f_pyramid_tiles_files_17_22_72.pt,1,test
GigaPath_embeddings_LBC_test/1/757bdca3-31ba-4a41-8837-436ae787b24e_pyramid_tiles_files_17_17_40.pt,1,test
GigaPath_embeddings_LBC_test/1/07e430fa-9641-4821-a635-6d4e3f8f1cc8_pyramid_tiles_files_16_23_28.pt,1,test
GigaPath_embeddings_LBC_test/1/deb52381-ec34-4586-a9ba-461702954557_pyramid_tiles_files_17_24_73.pt,1,test
GigaPath_embeddings_LBC_test/1/00c2a168-0bc9-4031-954f-d620d13a798e_pyramid_tiles_files_17_24_72.pt,1,test
GigaPath_embeddings_LBC_test/1/0809f883-07ae-4ef2-8963-32424d1b2310_pyramid_tiles_files_16_22_29.pt,1,test
GigaPath_embeddings_LBC_test/1/537e700c-bb74-41c6-a61e-cbff213e450d_pyramid_tiles_files_16_24_29.pt,1,test
GigaPath_embeddings_LBC_test/1/a162a4e4-226c-41cb-b60b-475042441e74_pyramid_tiles_files_16_17_20.pt,1,test
GigaPath_embeddings_LBC_test/1/eeace26f-0d61-42b0-8a7e-38cc2f0bd7e5_pyramid_tiles_files_16_18_30.pt,1,test
GigaPath_embeddings_LBC_test/1/4e16344b-da3a-4d92-819c-19c4cecff67b_pyramid_tiles_files_17_22_72.pt,1,test
GigaPath_embeddings_LBC_test/1/7136f225-b00f-4314-8e03-bf7cc8c675f6_pyramid_tiles_files_16_18_30.pt,1,test
GigaPath_embeddings_LBC_test/1/1561b271-ed0a-4bba-968f-ec730f2a5707_pyramid_tiles_files_16_23_28.pt,1,test
GigaPath_embeddings_LBC_test/1/d8e98d99-2dd8-4f57-b442-3218a7acf30a_pyramid_tiles_files_16_16_19.pt,1,test
GigaPath_embeddings_LBC_test/1/f9e2d87e-82ee-4e66-a710-97cf70cdb392_pyramid_tiles_files_16_24_29.pt,1,test
GigaPath_embeddings_LBC_test/1/35529ea9-ab7d-4e67-9be2-7faddf0afbed_pyramid_tiles_files_16_18_20.pt,1,test
GigaPath_embeddings_LBC_test/1/7f90fbd0-c09c-45ef-b603-f0059d32e4af_pyramid_tiles_files_16_17_31.pt,1,test
GigaPath_embeddings_LBC_test/1/88c29805-3f26-47c7-a33a-cf45d5ee6dc3_pyramid_tiles_files_16_24_27.pt,1,test
GigaPath_embeddings_LBC_test/1/d8e98d99-2dd8-4f57-b442-3218a7acf30a_pyramid_tiles_files_16_25_28.pt,1,test
GigaPath_embeddings_LBC_test/1/5a9c4ce1-e317-4782-9740-fea86e490f04_pyramid_tiles_files_16_16_19.pt,1,test
GigaPath_embeddings_LBC_test/1/3f15feb9-c91a-40ce-a257-3d25dfab60d8_pyramid_tiles_files_16_17_20.pt,1,test
GigaPath_embeddings_LBC_test/1/25ef0e93-9216-4b33-af45-158bf3cef8ee_pyramid_tiles_files_17_14_19.pt,1,test
GigaPath_embeddings_LBC_test/1/efbff1b0-e29a-4b52-9676-b20fbd72d3b5_pyramid_tiles_files_16_19_30.pt,1,test
GigaPath_embeddings_LBC_test/1/3f15feb9-c91a-40ce-a257-3d25dfab60d8_pyramid_tiles_files_16_25_27.pt,1,test
GigaPath_embeddings_LBC_test/1/bfda3d1a-59f1-447b-b964-0774d6564648_pyramid_tiles_files_16_22_28.pt,1,test
GigaPath_embeddings_LBC_test/1/e91eb178-776c-4b3a-b589-36a0e68408ce_pyramid_tiles_files_16_22_29.pt,1,test
GigaPath_embeddings_LBC_test/1/e4f9d4ac-0e18-426c-920a-56da5042a2b6_pyramid_tiles_files_16_16_20.pt,1,test
GigaPath_embeddings_LBC_test/1/dd2f13fc-3d5f-40e0-8d49-cc94b041616c_pyramid_tiles_files_16_17_31.pt,1,test
GigaPath_embeddings_LBC_test/1/df5e8063-ae40-4800-9387-61920bf91339_pyramid_tiles_files_16_16_20.pt,1,test
GigaPath_embeddings_LBC_test/1/8ba06d0e-ba28-481e-a2a9-c95807391113_pyramid_tiles_files_16_22_29.pt,1,test
GigaPath_embeddings_LBC_test/1/42d0b3fd-f8a3-46b8-9661-e9a432105fcd_pyramid_tiles_files_17_23_73.pt,1,test
GigaPath_embeddings_LBC_test/1/0aaa3037-e4d2-4bb5-9f20-bda58da5c3fe_pyramid_tiles_files_17_22_73.pt,1,test
GigaPath_embeddings_LBC_test/1/68b65586-1dd1-4c9e-9287-324e0907ce17_pyramid_tiles_files_16_22_28.pt,1,test
GigaPath_embeddings_LBC_test/1/a8b605b6-b00f-4588-80f7-a3f04b5daaa3_pyramid_tiles_files_16_22_29.pt,1,test
GigaPath_embeddings_LBC_test/1/c96df772-ba66-4d32-8de8-134fa7427d0c_pyramid_tiles_files_17_18_41.pt,1,test
GigaPath_embeddings_LBC_test/1/9fac65c4-3967-4e89-8188-01be7914423b_pyramid_tiles_files_16_21_29.pt,1,test
GigaPath_embeddings_LBC_test/1/848883dc-0a70-410a-b42c-42818e6bce8a_pyramid_tiles_files_16_17_20.pt,1,test
GigaPath_embeddings_LBC_test/1/c111e4b1-718a-4334-9d6e-d2394615b1d5_pyramid_tiles_files_17_15_19.pt,1,test
GigaPath_embeddings_LBC_test/1/e91eb178-776c-4b3a-b589-36a0e68408ce_pyramid_tiles_files_16_24_28.pt,1,test
GigaPath_embeddings_LBC_test/1/eeace26f-0d61-42b0-8a7e-38cc2f0bd7e5_pyramid_tiles_files_16_24_27.pt,1,test
GigaPath_embeddings_LBC_test/1/1f9396eb-107b-4eb2-a434-c7cb66eaa071_pyramid_tiles_files_16_25_29.pt,1,test
GigaPath_embeddings_LBC_test/1/df5e8063-ae40-4800-9387-61920bf91339_pyramid_tiles_files_16_25_27.pt,1,test
GigaPath_embeddings_LBC_test/1/910ae3a4-0161-408b-bc72-41e06bd37102_pyramid_tiles_files_16_25_27.pt,1,test
GigaPath_embeddings_LBC_test/1/6f1af507-f025-4d67-9b07-ff9b2e562a67_pyramid_tiles_files_16_17_30.pt,1,test
GigaPath_embeddings_LBC_test/1/2e2cf6c2-259d-4579-9fd6-5e463f70329d_pyramid_tiles_files_17_17_41.pt,1,test
GigaPath_embeddings_LBC_test/1/1900bdd5-ff4b-47e3-8384-0c7aa7b67c96_pyramid_tiles_files_16_19_31.pt,1,test
GigaPath_embeddings_LBC_test/1/a38ab9be-f8f2-4144-bb92-ceab9f408c98_pyramid_tiles_files_17_24_72.pt,1,test
GigaPath_embeddings_LBC_test/1/efbff1b0-e29a-4b52-9676-b20fbd72d3b5_pyramid_tiles_files_16_16_19.pt,1,test
GigaPath_embeddings_LBC_test/1/2675f262-0e7c-483d-971e-00500ac47587_pyramid_tiles_files_16_25_28.pt,1,test
GigaPath_embeddings_LBC_test/1/c0449d4d-ff24-491e-941b-b82f9910d51e_pyramid_tiles_files_17_17_41.pt,1,test
GigaPath_embeddings_LBC_test/1/848883dc-0a70-410a-b42c-42818e6bce8a_pyramid_tiles_files_16_16_20.pt,1,test
GigaPath_embeddings_LBC_test/1/ead8e571-832f-48cf-ac10-dbf23a23e118_pyramid_tiles_files_16_25_29.pt,1,test
GigaPath_embeddings_LBC_test/1/d2270a1f-26d5-424e-a6ac-6d9adb355bc7_pyramid_tiles_files_17_23_73.pt,1,test
GigaPath_embeddings_LBC_test/1/ec7e06ff-bd57-4558-9c73-41bfe0e295ba_pyramid_tiles_files_17_24_72.pt,1,test
GigaPath_embeddings_LBC_test/1/e12c0ba4-b9b6-4f55-977d-42841e89f0e1_pyramid_tiles_files_17_14_19.pt,1,test
GigaPath_embeddings_LBC_test/1/910ae3a4-0161-408b-bc72-41e06bd37102_pyramid_tiles_files_16_18_30.pt,1,test
GigaPath_embeddings_LBC_test/1/88c29805-3f26-47c7-a33a-cf45d5ee6dc3_pyramid_tiles_files_16_17_30.pt,1,test
GigaPath_embeddings_LBC_test/1/7cdca764-efc1-4f0d-9faa-10e29288c6f8_pyramid_tiles_files_16_17_31.pt,1,test
GigaPath_embeddings_LBC_test/1/a38ab9be-f8f2-4144-bb92-ceab9f408c98_pyramid_tiles_files_17_18_41.pt,1,test
GigaPath_embeddings_LBC_test/1/cfa1a36d-1290-4546-8c41-a23a9c66188d_pyramid_tiles_files_16_17_31.pt,1,test
GigaPath_embeddings_LBC_test/1/e0ee1714-9f42-4c7e-9c29-6b808c24073f_pyramid_tiles_files_16_16_20.pt,1,test
GigaPath_embeddings_LBC_test/1/878e391e-4957-471f-bea3-e02bf882cfd1_pyramid_tiles_files_17_22_72.pt,1,test
GigaPath_embeddings_LBC_test/1/e154f668-55ba-46ed-8bbc-91218f1b9841_pyramid_tiles_files_17_22_73.pt,1,test
GigaPath_embeddings_LBC_test/1/d2270a1f-26d5-424e-a6ac-6d9adb355bc7_pyramid_tiles_files_17_24_73.pt,1,test
GigaPath_embeddings_LBC_test/1/b5f02412-10be-4039-99db-d0fde541487a_pyramid_tiles_files_17_15_19.pt,1,test
GigaPath_embeddings_LBC_test/1/d98d1466-b08e-4cdc-81c2-66b38375028f_pyramid_tiles_files_16_17_20.pt,1,test
GigaPath_embeddings_LBC_test/1/41295260-4748-4a7d-9689-d22f4d1bf6c1_pyramid_tiles_files_16_17_19.pt,1,test
GigaPath_embeddings_LBC_test/1/7a711946-6d6d-4089-84cc-fa4cac2dca59_pyramid_tiles_files_16_16_20.pt,1,test
GigaPath_embeddings_LBC_test/1/34ba83db-88de-4125-8d7e-fc129b494468_pyramid_tiles_files_16_25_27.pt,1,test
GigaPath_embeddings_LBC_test/1/9e3412ec-231c-40a8-8c17-e358744efb5a_pyramid_tiles_files_16_24_27.pt,1,test
GigaPath_embeddings_LBC_test/1/ec591c22-e5c9-426f-928f-2a4910f26cfe_pyramid_tiles_files_16_22_29.pt,1,test
GigaPath_embeddings_LBC_test/1/9489edbc-93c6-4165-97a7-5b51cef27c90_pyramid_tiles_files_17_23_72.pt,1,test
GigaPath_embeddings_LBC_test/1/9489edbc-93c6-4165-97a7-5b51cef27c90_pyramid_tiles_files_17_22_72.pt,1,test
GigaPath_embeddings_LBC_test/1/a88839a2-827d-4c30-85d3-1eebce71509a_pyramid_tiles_files_16_21_29.pt,1,test
GigaPath_embeddings_LBC_test/1/e84495a2-0920-47f9-95a9-f22b38b127ce_pyramid_tiles_files_16_19_30.pt,1,test
GigaPath_embeddings_LBC_test/1/1df6ad4f-b95e-468a-b96d-fc28fa16bf7d_pyramid_tiles_files_16_18_30.pt,1,test
GigaPath_embeddings_LBC_test/1/1561b271-ed0a-4bba-968f-ec730f2a5707_pyramid_tiles_files_16_22_29.pt,1,test
GigaPath_embeddings_LBC_test/1/df4a0635-dc3f-4ccb-a2d9-0f89a4692a93_pyramid_tiles_files_16_16_19.pt,1,test
GigaPath_embeddings_LBC_test/1/f845a584-75e9-4272-b88a-3ab2ae175011_pyramid_tiles_files_16_24_27.pt,1,test
GigaPath_embeddings_LBC_test/1/ead8e571-832f-48cf-ac10-dbf23a23e118_pyramid_tiles_files_16_23_29.pt,1,test
GigaPath_embeddings_LBC_test/1/88c29805-3f26-47c7-a33a-cf45d5ee6dc3_pyramid_tiles_files_16_25_27.pt,1,test
GigaPath_embeddings_LBC_test/1/1f9396eb-107b-4eb2-a434-c7cb66eaa071_pyramid_tiles_files_16_24_29.pt,1,test
GigaPath_embeddings_LBC_test/1/b71e073f-25c7-43e2-9e4a-7809d0613d87_pyramid_tiles_files_16_22_29.pt,1,test
GigaPath_embeddings_LBC_test/1/7adcd0ef-cbca-4984-aff5-724af95463a4_pyramid_tiles_files_16_24_28.pt,1,test
GigaPath_embeddings_LBC_test/1/e535b22d-c4ba-4191-805a-4338d4452be1_pyramid_tiles_files_16_18_31.pt,1,test
GigaPath_embeddings_LBC_test/1/8f61c5c1-e549-489c-b24f-bb3906df8b40_pyramid_tiles_files_16_17_20.pt,1,test
GigaPath_embeddings_LBC_test/1/1df6ad4f-b95e-468a-b96d-fc28fa16bf7d_pyramid_tiles_files_16_25_29.pt,1,test
GigaPath_embeddings_LBC_test/1/4d43ca02-898e-471a-89ff-38e030d7d3f8_pyramid_tiles_files_16_23_28.pt,1,test
GigaPath_embeddings_LBC_test/1/4c84cdfb-d548-4bf1-9598-98c0a3d934e1_pyramid_tiles_files_17_17_41.pt,1,test
GigaPath_embeddings_LBC_test/1/10003085-3ef2-4f6d-b4d2-0446990fe5f3_pyramid_tiles_files_16_24_27.pt,1,test
GigaPath_embeddings_LBC_test/1/3908d14b-0319-46ce-9d7c-d9f484d4e6c5_pyramid_tiles_files_16_18_30.pt,1,test
GigaPath_embeddings_LBC_test/1/efbff1b0-e29a-4b52-9676-b20fbd72d3b5_pyramid_tiles_files_16_21_29.pt,1,test
GigaPath_embeddings_LBC_test/1/c0449d4d-ff24-491e-941b-b82f9910d51e_pyramid_tiles_files_17_22_72.pt,1,test
GigaPath_embeddings_LBC_test/1/5ebe19b1-612c-45d3-9add-3e9a1c06d880_pyramid_tiles_files_17_15_18.pt,1,test
GigaPath_embeddings_LBC_test/1/3edcf025-1da1-4b54-aefd-54ca01f4f0eb_pyramid_tiles_files_17_18_41.pt,1,test
GigaPath_embeddings_LBC_test/1/a7129833-faa2-4c97-826d-e43b75b7cb05_pyramid_tiles_files_16_24_29.pt,1,test
GigaPath_embeddings_LBC_test/1/ead8e571-832f-48cf-ac10-dbf23a23e118_pyramid_tiles_files_16_18_31.pt,1,test
GigaPath_embeddings_LBC_test/1/ec591c22-e5c9-426f-928f-2a4910f26cfe_pyramid_tiles_files_16_17_19.pt,1,test
GigaPath_embeddings_LBC_test/1/9ffbf523-b2b2-4a89-812f-5235ef148d44_pyramid_tiles_files_17_24_72.pt,1,test
GigaPath_embeddings_LBC_test/1/e4f9d4ac-0e18-426c-920a-56da5042a2b6_pyramid_tiles_files_16_17_31.pt,1,test
GigaPath_embeddings_LBC_test/1/b71e073f-25c7-43e2-9e4a-7809d0613d87_pyramid_tiles_files_16_24_29.pt,1,test
GigaPath_embeddings_LBC_test/1/e4f9d4ac-0e18-426c-920a-56da5042a2b6_pyramid_tiles_files_16_18_20.pt,1,test
GigaPath_embeddings_LBC_test/1/e38679b5-dfb1-4d9b-9cd1-51d23497d166_pyramid_tiles_files_16_17_20.pt,1,test
GigaPath_embeddings_LBC_test/1/10003085-3ef2-4f6d-b4d2-0446990fe5f3_pyramid_tiles_files_16_23_28.pt,1,test
GigaPath_embeddings_LBC_test/1/cc7c724e-96c6-42c8-9835-1e0643592f70_pyramid_tiles_files_17_18_41.pt,1,test
GigaPath_embeddings_LBC_test/1/b71e073f-25c7-43e2-9e4a-7809d0613d87_pyramid_tiles_files_16_24_27.pt,1,test
GigaPath_embeddings_LBC_test/1/5e11fd38-061e-465e-b3aa-6ce8e54632a3_pyramid_tiles_files_16_17_30.pt,1,test
GigaPath_embeddings_LBC_test/1/5d4f21ca-f7ae-4fca-8e36-fd6db89d841e_pyramid_tiles_files_17_15_18.pt,1,test
GigaPath_embeddings_LBC_test/1/2babd76f-dfde-4550-a087-a6f04ae0380c_pyramid_tiles_files_17_14_19.pt,1,test
GigaPath_embeddings_LBC_test/1/b5f02412-10be-4039-99db-d0fde541487a_pyramid_tiles_files_17_18_40.pt,1,test
GigaPath_embeddings_LBC_test/1/f38d2bb8-7326-47e7-a2b4-17154c5f2c0c_pyramid_tiles_files_16_22_29.pt,1,test
GigaPath_embeddings_LBC_test/1/8f61c5c1-e549-489c-b24f-bb3906df8b40_pyramid_tiles_files_16_16_19.pt,1,test
GigaPath_embeddings_LBC_test/1/42d0b3fd-f8a3-46b8-9661-e9a432105fcd_pyramid_tiles_files_17_22_72.pt,1,test
GigaPath_embeddings_LBC_test/1/4d43ca02-898e-471a-89ff-38e030d7d3f8_pyramid_tiles_files_16_19_31.pt,1,test
GigaPath_embeddings_LBC_test/1/d282c089-5b1a-48ca-80c6-5cd67f281d5c_pyramid_tiles_files_17_14_19.pt,1,test
GigaPath_embeddings_LBC_test/1/d5e5cbb6-7fcb-47e0-871f-7d31770b7acc_pyramid_tiles_files_16_22_28.pt,1,test
GigaPath_embeddings_LBC_test/1/d282c089-5b1a-48ca-80c6-5cd67f281d5c_pyramid_tiles_files_17_23_72.pt,1,test
GigaPath_embeddings_LBC_test/1/05a7c75a-3a19-42fe-bef4-46321b96503c_pyramid_tiles_files_16_24_28.pt,1,test
GigaPath_embeddings_LBC_test/1/8f61c5c1-e549-489c-b24f-bb3906df8b40_pyramid_tiles_files_16_24_29.pt,1,test
GigaPath_embeddings_LBC_test/1/a30139a7-46bc-430e-9a88-053af9aa1784_pyramid_tiles_files_17_23_73.pt,1,test
GigaPath_embeddings_LBC_test/1/11e4ec67-ab0a-4e7e-8e7d-4ad3fdd05682_pyramid_tiles_files_17_15_18.pt,1,test
GigaPath_embeddings_LBC_test/1/7b35cee2-c730-4045-a69b-18802e2b4c8e_pyramid_tiles_files_17_22_72.pt,1,test
GigaPath_embeddings_LBC_test/1/585c9fc8-5144-4038-b03f-94d1b70ca166_pyramid_tiles_files_17_18_40.pt,1,test
GigaPath_embeddings_LBC_test/1/1f9396eb-107b-4eb2-a434-c7cb66eaa071_pyramid_tiles_files_16_19_31.pt,1,test
GigaPath_embeddings_LBC_test/1/f21c730f-c4c5-4db2-843c-5bc29f2cc708_pyramid_tiles_files_17_14_19.pt,1,test
GigaPath_embeddings_LBC_test/1/0170e458-6934-43fb-b512-f08220d42a8d_pyramid_tiles_files_17_15_19.pt,1,test
GigaPath_embeddings_LBC_test/1/99658cf5-d1dc-4436-ac7c-24f303817fb0_pyramid_tiles_files_16_17_31.pt,1,test
GigaPath_embeddings_LBC_test/1/7cdd2e59-f92b-4294-a70d-7e53dec8f70d_pyramid_tiles_files_17_23_73.pt,1,test
GigaPath_embeddings_LBC_test/1/ba1eb208-7671-4d89-b931-9438a6c52423_pyramid_tiles_files_17_24_72.pt,1,test
GigaPath_embeddings_LBC_test/1/e38679b5-dfb1-4d9b-9cd1-51d23497d166_pyramid_tiles_files_16_16_20.pt,1,test
GigaPath_embeddings_LBC_test/1/770f5bc2-09e8-4f6f-80f2-7c32080268a6_pyramid_tiles_files_16_25_28.pt,1,test
GigaPath_embeddings_LBC_test/1/5d4f21ca-f7ae-4fca-8e36-fd6db89d841e_pyramid_tiles_files_17_15_19.pt,1,test
GigaPath_embeddings_LBC_test/1/2154bc6d-2b7b-4c63-ba32-d877a60f2cff_pyramid_tiles_files_16_22_29.pt,1,test
GigaPath_embeddings_LBC_test/1/cc7c724e-96c6-42c8-9835-1e0643592f70_pyramid_tiles_files_17_22_73.pt,1,test
GigaPath_embeddings_LBC_test/1/9218d0a5-c718-45cc-9612-23b0ac040e3e_pyramid_tiles_files_17_14_18.pt,1,test
GigaPath_embeddings_LBC_test/1/ec7e06ff-bd57-4558-9c73-41bfe0e295ba_pyramid_tiles_files_17_18_41.pt,1,test
GigaPath_embeddings_LBC_test/1/e4490c8a-c816-48d4-acfb-690e781a304a_pyramid_tiles_files_16_23_28.pt,1,test
GigaPath_embeddings_LBC_test/1/7a711946-6d6d-4089-84cc-fa4cac2dca59_pyramid_tiles_files_16_25_27.pt,1,test
GigaPath_embeddings_LBC_test/1/f5a044fa-6bad-49f3-b270-aa635a369748_pyramid_tiles_files_16_22_28.pt,1,test
GigaPath_embeddings_LBC_test/1/eeace26f-0d61-42b0-8a7e-38cc2f0bd7e5_pyramid_tiles_files_16_22_29.pt,1,test
GigaPath_embeddings_LBC_test/1/ff7ed6b1-de79-4426-84ce-1eb0993ce5ad_pyramid_tiles_files_16_25_28.pt,1,test
GigaPath_embeddings_LBC_test/1/e0ee1714-9f42-4c7e-9c29-6b808c24073f_pyramid_tiles_files_16_17_31.pt,1,test
GigaPath_embeddings_LBC_test/1/a6a6a107-4162-4090-90ff-d4521738c55e_pyramid_tiles_files_16_19_30.pt,1,test
GigaPath_embeddings_LBC_test/1/b71e073f-25c7-43e2-9e4a-7809d0613d87_pyramid_tiles_files_16_17_30.pt,1,test
GigaPath_embeddings_LBC_test/1/9ffbf523-b2b2-4a89-812f-5235ef148d44_pyramid_tiles_files_17_14_18.pt,1,test
GigaPath_embeddings_LBC_test/1/82df266a-7b42-4683-abfd-df06c24c0095_pyramid_tiles_files_17_17_40.pt,1,test
GigaPath_embeddings_LBC_test/1/b71e073f-25c7-43e2-9e4a-7809d0613d87_pyramid_tiles_files_16_19_31.pt,1,test
GigaPath_embeddings_LBC_test/1/cfad50f3-e318-44ef-9136-da9e38305cd5_pyramid_tiles_files_17_15_18.pt,1,test
GigaPath_embeddings_LBC_test/1/7dcf5c3f-c90d-4884-97a6-2a341140819f_pyramid_tiles_files_17_23_73.pt,1,test
GigaPath_embeddings_LBC_test/1/df4a0635-dc3f-4ccb-a2d9-0f89a4692a93_pyramid_tiles_files_16_25_28.pt,1,test
GigaPath_embeddings_LBC_test/1/68b65586-1dd1-4c9e-9287-324e0907ce17_pyramid_tiles_files_16_21_29.pt,1,test
GigaPath_embeddings_LBC_test/1/f845a584-75e9-4272-b88a-3ab2ae175011_pyramid_tiles_files_16_16_19.pt,1,test
GigaPath_embeddings_LBC_test/1/136b3bf2-df89-437f-a3cd-280cb031e550_pyramid_tiles_files_17_22_73.pt,1,test
GigaPath_embeddings_LBC_test/1/b3370ef8-cc53-43e1-a77d-36fb77932b0f_pyramid_tiles_files_16_16_20.pt,1,test
GigaPath_embeddings_LBC_test/1/68b65586-1dd1-4c9e-9287-324e0907ce17_pyramid_tiles_files_16_17_31.pt,1,test
GigaPath_embeddings_LBC_test/1/7f084246-fcef-4879-82dd-17c18cc3481b_pyramid_tiles_files_16_25_27.pt,1,test
GigaPath_embeddings_LBC_test/1/3a922671-4cfc-4650-8cc9-51db2c72c8d4_pyramid_tiles_files_16_16_19.pt,1,test
GigaPath_embeddings_LBC_test/1/770f5bc2-09e8-4f6f-80f2-7c32080268a6_pyramid_tiles_files_16_21_29.pt,1,test
GigaPath_embeddings_LBC_test/1/0c815d19-6b10-43b9-b403-e8bcd96c88c9_pyramid_tiles_files_16_25_28.pt,1,test
GigaPath_embeddings_LBC_test/1/910ae3a4-0161-408b-bc72-41e06bd37102_pyramid_tiles_files_16_18_19.pt,1,test
GigaPath_embeddings_LBC_test/1/07e430fa-9641-4821-a635-6d4e3f8f1cc8_pyramid_tiles_files_16_21_29.pt,1,test
GigaPath_embeddings_LBC_test/1/7a711946-6d6d-4089-84cc-fa4cac2dca59_pyramid_tiles_files_16_18_19.pt,1,test
GigaPath_embeddings_LBC_test/1/7dcf5c3f-c90d-4884-97a6-2a341140819f_pyramid_tiles_files_17_17_40.pt,1,test
GigaPath_embeddings_LBC_test/1/3f15feb9-c91a-40ce-a257-3d25dfab60d8_pyramid_tiles_files_16_16_20.pt,1,test
GigaPath_embeddings_LBC_test/1/e84495a2-0920-47f9-95a9-f22b38b127ce_pyramid_tiles_files_16_21_28.pt,1,test
GigaPath_embeddings_LBC_test/1/07e430fa-9641-4821-a635-6d4e3f8f1cc8_pyramid_tiles_files_16_21_28.pt,1,test
GigaPath_embeddings_LBC_test/1/daea7c93-5f94-4fa6-b95d-ec43c7bf721d_pyramid_tiles_files_17_18_40.pt,1,test
GigaPath_embeddings_LBC_test/1/770f5bc2-09e8-4f6f-80f2-7c32080268a6_pyramid_tiles_files_16_18_30.pt,1,test
GigaPath_embeddings_LBC_test/1/103910a7-ef17-49d6-b722-31806bc8c3a5_pyramid_tiles_files_16_21_29.pt,1,test
GigaPath_embeddings_LBC_test/1/6863a74b-12b6-41e5-8beb-60b571303b26_pyramid_tiles_files_17_24_72.pt,1,test
GigaPath_embeddings_LBC_test/1/9c22e271-a48a-45a0-8682-b151a03d336a_pyramid_tiles_files_17_14_19.pt,1,test
GigaPath_embeddings_LBC_test/1/d7165445-b5e9-4b9e-844c-84e4e10e76b8_pyramid_tiles_files_16_17_19.pt,1,test
GigaPath_embeddings_LBC_test/1/1a244e75-7c81-4580-940b-730cdb7d6229_pyramid_tiles_files_17_24_72.pt,1,test
GigaPath_embeddings_LBC_test/1/252dbee6-7f3b-41fd-a63c-faf8e39aa257_pyramid_tiles_files_17_14_18.pt,1,test
GigaPath_embeddings_LBC_test/1/7136f225-b00f-4314-8e03-bf7cc8c675f6_pyramid_tiles_files_16_18_20.pt,1,test
GigaPath_embeddings_LBC_test/1/9fac65c4-3967-4e89-8188-01be7914423b_pyramid_tiles_files_16_18_30.pt,1,test
GigaPath_embeddings_LBC_test/1/d8e98d99-2dd8-4f57-b442-3218a7acf30a_pyramid_tiles_files_16_23_28.pt,1,test
GigaPath_embeddings_LBC_test/1/3908d14b-0319-46ce-9d7c-d9f484d4e6c5_pyramid_tiles_files_16_17_30.pt,1,test
GigaPath_embeddings_LBC_test/1/103910a7-ef17-49d6-b722-31806bc8c3a5_pyramid_tiles_files_16_16_19.pt,1,test
GigaPath_embeddings_LBC_test/1/971a85a8-c488-4a63-a524-48dc9cc05cb6_pyramid_tiles_files_17_14_19.pt,1,test
GigaPath_embeddings_LBC_test/1/537e700c-bb74-41c6-a61e-cbff213e450d_pyramid_tiles_files_16_23_29.pt,1,test
GigaPath_embeddings_LBC_test/1/c99b0491-5d02-4e58-90c0-67838b0b2500_pyramid_tiles_files_16_24_29.pt,1,test
GigaPath_embeddings_LBC_test/1/40200b8c-392e-4a30-a27d-935cb7e5c95c_pyramid_tiles_files_17_23_73.pt,1,test
GigaPath_embeddings_LBC_test/1/88c29805-3f26-47c7-a33a-cf45d5ee6dc3_pyramid_tiles_files_16_19_31.pt,1,test
GigaPath_embeddings_LBC_test/1/3051d836-91a4-4aff-9bf2-7cf31904a2ea_pyramid_tiles_files_16_22_29.pt,1,test
GigaPath_embeddings_LBC_test/1/dd2f13fc-3d5f-40e0-8d49-cc94b041616c_pyramid_tiles_files_16_18_30.pt,1,test
GigaPath_embeddings_LBC_test/1/c111e4b1-718a-4334-9d6e-d2394615b1d5_pyramid_tiles_files_17_14_18.pt,1,test
GigaPath_embeddings_LBC_test/1/e91eb178-776c-4b3a-b589-36a0e68408ce_pyramid_tiles_files_16_16_19.pt,1,test
GigaPath_embeddings_LBC_test/1/9c22e271-a48a-45a0-8682-b151a03d336a_pyramid_tiles_files_17_24_72.pt,1,test
GigaPath_embeddings_LBC_test/1/5ebe19b1-612c-45d3-9add-3e9a1c06d880_pyramid_tiles_files_17_14_18.pt,1,test
GigaPath_embeddings_LBC_test/1/cfad50f3-e318-44ef-9136-da9e38305cd5_pyramid_tiles_files_17_14_18.pt,1,test
GigaPath_embeddings_LBC_test/1/eeace26f-0d61-42b0-8a7e-38cc2f0bd7e5_pyramid_tiles_files_16_17_20.pt,1,test
GigaPath_embeddings_LBC_test/1/b34b3227-38a8-47fe-8920-18c280edcff6_pyramid_tiles_files_16_18_19.pt,1,test
GigaPath_embeddings_LBC_test/1/bcb241e8-5c96-4eae-aef2-0494615c7332_pyramid_tiles_files_16_21_28.pt,1,test
GigaPath_embeddings_LBC_test/1/88c29805-3f26-47c7-a33a-cf45d5ee6dc3_pyramid_tiles_files_16_18_20.pt,1,test
GigaPath_embeddings_LBC_test/1/ba1eb208-7671-4d89-b931-9438a6c52423_pyramid_tiles_files_17_22_73.pt,1,test
GigaPath_embeddings_LBC_test/1/35529ea9-ab7d-4e67-9be2-7faddf0afbed_pyramid_tiles_files_16_23_28.pt,1,test
GigaPath_embeddings_LBC_test/1/103910a7-ef17-49d6-b722-31806bc8c3a5_pyramid_tiles_files_16_25_29.pt,1,test
GigaPath_embeddings_LBC_test/1/1a491f9b-142c-45d3-813a-98c82ebad222_pyramid_tiles_files_17_17_41.pt,1,test
GigaPath_embeddings_LBC_test/1/ee421114-146a-4aee-beaf-c14dae8a13a4_pyramid_tiles_files_16_17_31.pt,1,test
GigaPath_embeddings_LBC_test/1/9f9025f6-3cb2-4e63-9f09-1c25957cd8e3_pyramid_tiles_files_17_15_18.pt,1,test
GigaPath_embeddings_LBC_test/1/5e11fd38-061e-465e-b3aa-6ce8e54632a3_pyramid_tiles_files_16_22_28.pt,1,test
GigaPath_embeddings_LBC_test/1/d14ee81b-590d-49f1-b9c1-f25c022331b9_pyramid_tiles_files_16_24_28.pt,1,test
GigaPath_embeddings_LBC_test/1/3a922671-4cfc-4650-8cc9-51db2c72c8d4_pyramid_tiles_files_16_21_29.pt,1,test
GigaPath_embeddings_LBC_test/1/fe82db87-b9ac-4171-b3b8-df2cf530394a_pyramid_tiles_files_17_18_40.pt,1,test
GigaPath_embeddings_LBC_test/1/dd2bbc91-721e-4adb-99a2-23a9f68362ef_pyramid_tiles_files_16_24_27.pt,1,test
GigaPath_embeddings_LBC_test/1/5d4f21ca-f7ae-4fca-8e36-fd6db89d841e_pyramid_tiles_files_17_18_40.pt,1,test
GigaPath_embeddings_LBC_test/1/910ae3a4-0161-408b-bc72-41e06bd37102_pyramid_tiles_files_16_24_29.pt,1,test
GigaPath_embeddings_LBC_test/1/2dfb8fa9-c394-4fa6-bc69-22550436978d_pyramid_tiles_files_17_18_41.pt,1,test
GigaPath_embeddings_LBC_test/1/f845a584-75e9-4272-b88a-3ab2ae175011_pyramid_tiles_files_16_19_30.pt,1,test
GigaPath_embeddings_LBC_test/1/f69d24a9-c04a-42d2-a9d5-c226f35f7dc6_pyramid_tiles_files_17_22_72.pt,1,test
GigaPath_embeddings_LBC_test/1/7dcf5c3f-c90d-4884-97a6-2a341140819f_pyramid_tiles_files_17_18_41.pt,1,test
GigaPath_embeddings_LBC_test/1/fc9cbd08-d93b-4d8d-8b07-fa43079c9d4f_pyramid_tiles_files_17_15_19.pt,1,test
GigaPath_embeddings_LBC_test/1/dd2f13fc-3d5f-40e0-8d49-cc94b041616c_pyramid_tiles_files_16_24_29.pt,1,test
GigaPath_embeddings_LBC_test/1/df5e8063-ae40-4800-9387-61920bf91339_pyramid_tiles_files_16_25_29.pt,1,test
GigaPath_embeddings_LBC_test/1/d0b24e86-0df9-4e80-9802-77f3f8a44a4e_pyramid_tiles_files_16_18_19.pt,1,test
GigaPath_embeddings_LBC_test/1/bcb241e8-5c96-4eae-aef2-0494615c7332_pyramid_tiles_files_16_22_29.pt,1,test
GigaPath_embeddings_LBC_test/1/4ca4cdf5-ff38-4a76-8a6d-b63e824f6685_pyramid_tiles_files_16_23_29.pt,1,test
GigaPath_embeddings_LBC_test/1/8ba06d0e-ba28-481e-a2a9-c95807391113_pyramid_tiles_files_16_24_28.pt,1,test
GigaPath_embeddings_LBC_test/1/68b65586-1dd1-4c9e-9287-324e0907ce17_pyramid_tiles_files_16_18_20.pt,1,test
GigaPath_embeddings_LBC_test/1/2babd76f-dfde-4550-a087-a6f04ae0380c_pyramid_tiles_files_17_22_72.pt,1,test
GigaPath_embeddings_LBC_test/1/1de50383-a38d-4e77-8672-3cae59401c9e_pyramid_tiles_files_17_14_19.pt,1,test
GigaPath_embeddings_LBC_test/1/1b577487-07bc-477e-8f84-d6700010a240_pyramid_tiles_files_17_18_40.pt,1,test
GigaPath_embeddings_LBC_test/1/39551161-80cc-47c6-9219-cb30f7cb3283_pyramid_tiles_files_16_17_30.pt,1,test
GigaPath_embeddings_LBC_test/1/3a922671-4cfc-4650-8cc9-51db2c72c8d4_pyramid_tiles_files_16_21_28.pt,1,test
GigaPath_embeddings_LBC_test/1/cfa1a36d-1290-4546-8c41-a23a9c66188d_pyramid_tiles_files_16_24_27.pt,1,test
GigaPath_embeddings_LBC_test/1/e91eb178-776c-4b3a-b589-36a0e68408ce_pyramid_tiles_files_16_25_29.pt,1,test
GigaPath_embeddings_LBC_test/1/a162a4e4-226c-41cb-b60b-475042441e74_pyramid_tiles_files_16_25_29.pt,1,test
GigaPath_embeddings_LBC_test/1/ead8e571-832f-48cf-ac10-dbf23a23e118_pyramid_tiles_files_16_17_20.pt,1,test
GigaPath_embeddings_LBC_test/1/1b577487-07bc-477e-8f84-d6700010a240_pyramid_tiles_files_17_14_18.pt,1,test
GigaPath_embeddings_LBC_test/1/add1b48f-081c-4cda-8e37-55d222e8d813_pyramid_tiles_files_17_22_72.pt,1,test
GigaPath_embeddings_LBC_test/1/88fa9c4b-c50b-46b6-8f70-3cb245539b47_pyramid_tiles_files_16_19_31.pt,1,test
GigaPath_embeddings_LBC_test/1/d7165445-b5e9-4b9e-844c-84e4e10e76b8_pyramid_tiles_files_16_16_20.pt,1,test
GigaPath_embeddings_LBC_test/1/8f61c5c1-e549-489c-b24f-bb3906df8b40_pyramid_tiles_files_16_17_19.pt,1,test
GigaPath_embeddings_LBC_test/1/a4047681-fe6c-4db0-8e38-c66ca50d77f7_pyramid_tiles_files_17_23_73.pt,1,test
GigaPath_embeddings_LBC_test/1/f845a584-75e9-4272-b88a-3ab2ae175011_pyramid_tiles_files_16_21_28.pt,1,test
GigaPath_embeddings_LBC_test/1/3a922671-4cfc-4650-8cc9-51db2c72c8d4_pyramid_tiles_files_16_22_29.pt,1,test
GigaPath_embeddings_LBC_test/1/6863a74b-12b6-41e5-8beb-60b571303b26_pyramid_tiles_files_17_17_41.pt,1,test
GigaPath_embeddings_LBC_test/1/e38679b5-dfb1-4d9b-9cd1-51d23497d166_pyramid_tiles_files_16_16_19.pt,1,test
GigaPath_embeddings_LBC_test/1/e154f668-55ba-46ed-8bbc-91218f1b9841_pyramid_tiles_files_17_15_19.pt,1,test
GigaPath_embeddings_LBC_test/1/7cdca764-efc1-4f0d-9faa-10e29288c6f8_pyramid_tiles_files_16_21_29.pt,1,test
GigaPath_embeddings_LBC_test/1/667596ff-485c-41f9-ac32-9f91f8cc66c0_pyramid_tiles_files_17_18_40.pt,1,test
GigaPath_embeddings_LBC_test/1/e12c0ba4-b9b6-4f55-977d-42841e89f0e1_pyramid_tiles_files_17_22_73.pt,1,test
GigaPath_embeddings_LBC_test/1/7dcf5c3f-c90d-4884-97a6-2a341140819f_pyramid_tiles_files_17_24_72.pt,1,test
GigaPath_embeddings_LBC_test/1/0c815d19-6b10-43b9-b403-e8bcd96c88c9_pyramid_tiles_files_16_16_20.pt,1,test
GigaPath_embeddings_LBC_test/1/c99b0491-5d02-4e58-90c0-67838b0b2500_pyramid_tiles_files_16_16_20.pt,1,test
GigaPath_embeddings_LBC_test/1/05a7c75a-3a19-42fe-bef4-46321b96503c_pyramid_tiles_files_16_18_30.pt,1,test
GigaPath_embeddings_LBC_test/1/d7165445-b5e9-4b9e-844c-84e4e10e76b8_pyramid_tiles_files_16_25_28.pt,1,test
GigaPath_embeddings_LBC_test/1/f53d7c4b-bc70-4adc-88ff-a136722e0ef0_pyramid_tiles_files_16_21_29.pt,1,test
GigaPath_embeddings_LBC_test/1/daea7c93-5f94-4fa6-b95d-ec43c7bf721d_pyramid_tiles_files_17_15_18.pt,1,test
GigaPath_embeddings_LBC_test/1/1f9396eb-107b-4eb2-a434-c7cb66eaa071_pyramid_tiles_files_16_18_19.pt,1,test
GigaPath_embeddings_LBC_test/1/88c29805-3f26-47c7-a33a-cf45d5ee6dc3_pyramid_tiles_files_16_23_28.pt,1,test
GigaPath_embeddings_LBC_test/1/4e16344b-da3a-4d92-819c-19c4cecff67b_pyramid_tiles_files_17_17_40.pt,1,test
GigaPath_embeddings_LBC_test/1/10003085-3ef2-4f6d-b4d2-0446990fe5f3_pyramid_tiles_files_16_21_29.pt,1,test
GigaPath_embeddings_LBC_test/1/f8cdd598-f195-4e7f-9140-9230a7341e8d_pyramid_tiles_files_16_19_31.pt,1,test
GigaPath_embeddings_LBC_test/1/41295260-4748-4a7d-9689-d22f4d1bf6c1_pyramid_tiles_files_16_16_19.pt,1,test
GigaPath_embeddings_LBC_test/1/a6cbace4-4145-454d-bea2-a9043abe08d8_pyramid_tiles_files_17_14_19.pt,1,test
GigaPath_embeddings_LBC_test/1/1f9396eb-107b-4eb2-a434-c7cb66eaa071_pyramid_tiles_files_16_23_29.pt,1,test
GigaPath_embeddings_LBC_test/1/1f9396eb-107b-4eb2-a434-c7cb66eaa071_pyramid_tiles_files_16_22_28.pt,1,test
GigaPath_embeddings_LBC_test/1/e535b22d-c4ba-4191-805a-4338d4452be1_pyramid_tiles_files_16_18_19.pt,1,test
GigaPath_embeddings_LBC_test/1/ff7ed6b1-de79-4426-84ce-1eb0993ce5ad_pyramid_tiles_files_16_24_28.pt,1,test
GigaPath_embeddings_LBC_test/1/2675f262-0e7c-483d-971e-00500ac47587_pyramid_tiles_files_16_18_19.pt,1,test
GigaPath_embeddings_LBC_test/1/b71e073f-25c7-43e2-9e4a-7809d0613d87_pyramid_tiles_files_16_22_28.pt,1,test
GigaPath_embeddings_LBC_test/1/d7165445-b5e9-4b9e-844c-84e4e10e76b8_pyramid_tiles_files_16_17_31.pt,1,test
GigaPath_embeddings_LBC_test/1/4c84cdfb-d548-4bf1-9598-98c0a3d934e1_pyramid_tiles_files_17_15_18.pt,1,test
GigaPath_embeddings_LBC_test/1/e55b9872-ce3b-4a05-a062-8297e68e1f6e_pyramid_tiles_files_16_25_27.pt,1,test
GigaPath_embeddings_LBC_test/1/6863a74b-12b6-41e5-8beb-60b571303b26_pyramid_tiles_files_17_14_18.pt,1,test
GigaPath_embeddings_LBC_test/1/7f90fbd0-c09c-45ef-b603-f0059d32e4af_pyramid_tiles_files_16_23_29.pt,1,test
GigaPath_embeddings_LBC_test/1/42d0b3fd-f8a3-46b8-9661-e9a432105fcd_pyramid_tiles_files_17_18_41.pt,1,test
GigaPath_embeddings_LBC_test/1/8f61c5c1-e549-489c-b24f-bb3906df8b40_pyramid_tiles_files_16_25_29.pt,1,test
GigaPath_embeddings_LBC_test/1/a7129833-faa2-4c97-826d-e43b75b7cb05_pyramid_tiles_files_16_22_29.pt,1,test
GigaPath_embeddings_LBC_test/1/efbff1b0-e29a-4b52-9676-b20fbd72d3b5_pyramid_tiles_files_16_17_19.pt,1,test
GigaPath_embeddings_LBC_test/1/a7129833-faa2-4c97-826d-e43b75b7cb05_pyramid_tiles_files_16_18_19.pt,1,test
GigaPath_embeddings_LBC_test/1/7f084246-fcef-4879-82dd-17c18cc3481b_pyramid_tiles_files_16_24_29.pt,1,test
GigaPath_embeddings_LBC_test/1/2bb9b118-1d4c-468f-ba3d-1240e98da375_pyramid_tiles_files_17_24_72.pt,1,test
GigaPath_embeddings_LBC_test/1/2bb9b118-1d4c-468f-ba3d-1240e98da375_pyramid_tiles_files_17_15_18.pt,1,test
GigaPath_embeddings_LBC_test/1/df4a0635-dc3f-4ccb-a2d9-0f89a4692a93_pyramid_tiles_files_16_17_30.pt,1,test
GigaPath_embeddings_LBC_test/1/2ae84759-5488-420a-b67a-2794e594e102_pyramid_tiles_files_16_25_27.pt,1,test
GigaPath_embeddings_LBC_test/1/5e11fd38-061e-465e-b3aa-6ce8e54632a3_pyramid_tiles_files_16_24_28.pt,1,test
GigaPath_embeddings_LBC_test/1/88fa9c4b-c50b-46b6-8f70-3cb245539b47_pyramid_tiles_files_16_23_28.pt,1,test
GigaPath_embeddings_LBC_test/1/88c29805-3f26-47c7-a33a-cf45d5ee6dc3_pyramid_tiles_files_16_25_28.pt,1,test
GigaPath_embeddings_LBC_test/1/97aab5f3-09ef-4dc8-9566-bdabb5ca08b0_pyramid_tiles_files_17_17_41.pt,1,test
GigaPath_embeddings_LBC_test/1/bcb241e8-5c96-4eae-aef2-0494615c7332_pyramid_tiles_files_16_18_31.pt,1,test
GigaPath_embeddings_LBC_test/1/e84495a2-0920-47f9-95a9-f22b38b127ce_pyramid_tiles_files_16_24_28.pt,1,test
GigaPath_embeddings_LBC_test/1/cfa1a36d-1290-4546-8c41-a23a9c66188d_pyramid_tiles_files_16_17_30.pt,1,test
GigaPath_embeddings_LBC_test/1/fb34db15-00ea-425c-89e7-8f6bf844e9e8_pyramid_tiles_files_16_24_29.pt,1,test
GigaPath_embeddings_LBC_test/1/ec591c22-e5c9-426f-928f-2a4910f26cfe_pyramid_tiles_files_16_23_29.pt,1,test
GigaPath_embeddings_LBC_test/1/88c29805-3f26-47c7-a33a-cf45d5ee6dc3_pyramid_tiles_files_16_18_30.pt,1,test
GigaPath_embeddings_LBC_test/1/efbff1b0-e29a-4b52-9676-b20fbd72d3b5_pyramid_tiles_files_16_21_28.pt,1,test
GigaPath_embeddings_LBC_test/1/5e11fd38-061e-465e-b3aa-6ce8e54632a3_pyramid_tiles_files_16_19_30.pt,1,test
GigaPath_embeddings_LBC_test/1/d2270a1f-26d5-424e-a6ac-6d9adb355bc7_pyramid_tiles_files_17_14_18.pt,1,test
GigaPath_embeddings_LBC_test/1/1561b271-ed0a-4bba-968f-ec730f2a5707_pyramid_tiles_files_16_16_20.pt,1,test
GigaPath_embeddings_LBC_test/1/4ca4cdf5-ff38-4a76-8a6d-b63e824f6685_pyramid_tiles_files_16_17_19.pt,1,test
GigaPath_embeddings_LBC_test/1/82e90f71-8f5b-49f4-b5e0-fed220549a6d_pyramid_tiles_files_17_17_41.pt,1,test
GigaPath_embeddings_LBC_test/1/0aaa3037-e4d2-4bb5-9f20-bda58da5c3fe_pyramid_tiles_files_17_17_40.pt,1,test
GigaPath_embeddings_LBC_test/1/82df266a-7b42-4683-abfd-df06c24c0095_pyramid_tiles_files_17_14_19.pt,1,test
GigaPath_embeddings_LBC_test/1/82e90f71-8f5b-49f4-b5e0-fed220549a6d_pyramid_tiles_files_17_23_73.pt,1,test
GigaPath_embeddings_LBC_test/1/49b89d48-2f98-4969-93ac-ab3721e48228_pyramid_tiles_files_17_18_40.pt,1,test
GigaPath_embeddings_LBC_test/1/df5e8063-ae40-4800-9387-61920bf91339_pyramid_tiles_files_16_25_28.pt,1,test
GigaPath_embeddings_LBC_test/1/9e3412ec-231c-40a8-8c17-e358744efb5a_pyramid_tiles_files_16_25_28.pt,1,test
GigaPath_embeddings_LBC_test/1/24c8b882-f5c3-44c8-850a-4d8efa534536_pyramid_tiles_files_16_18_19.pt,1,test
GigaPath_embeddings_LBC_test/1/fc9cbd08-d93b-4d8d-8b07-fa43079c9d4f_pyramid_tiles_files_17_24_73.pt,1,test
GigaPath_embeddings_LBC_test/1/d2270a1f-26d5-424e-a6ac-6d9adb355bc7_pyramid_tiles_files_17_14_19.pt,1,test
GigaPath_embeddings_LBC_test/1/0c815d19-6b10-43b9-b403-e8bcd96c88c9_pyramid_tiles_files_16_22_28.pt,1,test
GigaPath_embeddings_LBC_test/1/df4a0635-dc3f-4ccb-a2d9-0f89a4692a93_pyramid_tiles_files_16_25_29.pt,1,test
GigaPath_embeddings_LBC_test/1/27ccee14-c8c3-471c-a467-861f3013896c_pyramid_tiles_files_17_17_41.pt,1,test
GigaPath_embeddings_LBC_test/1/e4490c8a-c816-48d4-acfb-690e781a304a_pyramid_tiles_files_16_16_20.pt,1,test
GigaPath_embeddings_LBC_test/1/a6a6a107-4162-4090-90ff-d4521738c55e_pyramid_tiles_files_16_18_19.pt,1,test
GigaPath_embeddings_LBC_test/1/b3370ef8-cc53-43e1-a77d-36fb77932b0f_pyramid_tiles_files_16_24_29.pt,1,test
GigaPath_embeddings_LBC_test/1/00c2a168-0bc9-4031-954f-d620d13a798e_pyramid_tiles_files_17_18_41.pt,1,test
GigaPath_embeddings_LBC_test/1/ec591c22-e5c9-426f-928f-2a4910f26cfe_pyramid_tiles_files_16_24_29.pt,1,test
GigaPath_embeddings_LBC_test/1/1561b271-ed0a-4bba-968f-ec730f2a5707_pyramid_tiles_files_16_25_27.pt,1,test
GigaPath_embeddings_LBC_test/1/770f5bc2-09e8-4f6f-80f2-7c32080268a6_pyramid_tiles_files_16_17_30.pt,1,test
GigaPath_embeddings_LBC_test/1/9832fea5-5b1a-41d2-9319-e953a420307d_pyramid_tiles_files_16_19_30.pt,1,test
GigaPath_embeddings_LBC_test/1/ec591c22-e5c9-426f-928f-2a4910f26cfe_pyramid_tiles_files_16_24_28.pt,1,test
GigaPath_embeddings_LBC_test/1/daea7c93-5f94-4fa6-b95d-ec43c7bf721d_pyramid_tiles_files_17_15_19.pt,1,test
GigaPath_embeddings_LBC_test/1/fb34db15-00ea-425c-89e7-8f6bf844e9e8_pyramid_tiles_files_16_16_20.pt,1,test
GigaPath_embeddings_LBC_test/1/420bbdfc-3126-41bb-989b-ef534ced41d6_pyramid_tiles_files_16_19_31.pt,1,test
GigaPath_embeddings_LBC_test/1/0809f883-07ae-4ef2-8963-32424d1b2310_pyramid_tiles_files_16_17_19.pt,1,test
GigaPath_embeddings_LBC_test/1/a30139a7-46bc-430e-9a88-053af9aa1784_pyramid_tiles_files_17_24_72.pt,1,test
GigaPath_embeddings_LBC_test/1/3908d14b-0319-46ce-9d7c-d9f484d4e6c5_pyramid_tiles_files_16_18_19.pt,1,test
GigaPath_embeddings_LBC_test/1/09022f45-72f6-41d4-b741-d102f2ae2fdc_pyramid_tiles_files_16_17_30.pt,1,test
GigaPath_embeddings_LBC_test/1/cfa1a36d-1290-4546-8c41-a23a9c66188d_pyramid_tiles_files_16_17_19.pt,1,test
GigaPath_embeddings_LBC_test/1/f845a584-75e9-4272-b88a-3ab2ae175011_pyramid_tiles_files_16_24_29.pt,1,test
GigaPath_embeddings_LBC_test/1/2675f262-0e7c-483d-971e-00500ac47587_pyramid_tiles_files_16_24_29.pt,1,test
GigaPath_embeddings_LBC_test/1/7f084246-fcef-4879-82dd-17c18cc3481b_pyramid_tiles_files_16_24_28.pt,1,test
GigaPath_embeddings_LBC_test/1/ec591c22-e5c9-426f-928f-2a4910f26cfe_pyramid_tiles_files_16_17_31.pt,1,test
GigaPath_embeddings_LBC_test/1/e4f9d4ac-0e18-426c-920a-56da5042a2b6_pyramid_tiles_files_16_25_28.pt,1,test
GigaPath_embeddings_LBC_test/1/6f1af507-f025-4d67-9b07-ff9b2e562a67_pyramid_tiles_files_16_19_30.pt,1,test
GigaPath_embeddings_LBC_test/1/f9e2d87e-82ee-4e66-a710-97cf70cdb392_pyramid_tiles_files_16_25_28.pt,1,test
GigaPath_embeddings_LBC_test/1/91227689-c1bd-4afa-8cbe-1149576083db_pyramid_tiles_files_17_22_72.pt,1,test
GigaPath_embeddings_LBC_test/1/2edb0236-8fca-4fab-a0e9-300304e2a20a_pyramid_tiles_files_17_14_19.pt,1,test
GigaPath_embeddings_LBC_test/1/07e430fa-9641-4821-a635-6d4e3f8f1cc8_pyramid_tiles_files_16_22_29.pt,1,test
GigaPath_embeddings_LBC_test/1/dd2f13fc-3d5f-40e0-8d49-cc94b041616c_pyramid_tiles_files_16_24_27.pt,1,test
GigaPath_embeddings_LBC_test/1/88c29805-3f26-47c7-a33a-cf45d5ee6dc3_pyramid_tiles_files_16_24_28.pt,1,test
GigaPath_embeddings_LBC_test/1/68b65586-1dd1-4c9e-9287-324e0907ce17_pyramid_tiles_files_16_16_20.pt,1,test
GigaPath_embeddings_LBC_test/1/1a491f9b-142c-45d3-813a-98c82ebad222_pyramid_tiles_files_17_14_18.pt,1,test
GigaPath_embeddings_LBC_test/1/42d0b3fd-f8a3-46b8-9661-e9a432105fcd_pyramid_tiles_files_17_17_41.pt,1,test
GigaPath_embeddings_LBC_test/1/a88839a2-827d-4c30-85d3-1eebce71509a_pyramid_tiles_files_16_19_31.pt,1,test
GigaPath_embeddings_LBC_test/1/2349a7ef-89f1-44c5-a16c-93cd50a5160a_pyramid_tiles_files_17_17_40.pt,1,test
GigaPath_embeddings_LBC_test/1/a8b605b6-b00f-4588-80f7-a3f04b5daaa3_pyramid_tiles_files_16_23_28.pt,1,test
GigaPath_embeddings_LBC_test/1/f9e2d87e-82ee-4e66-a710-97cf70cdb392_pyramid_tiles_files_16_22_28.pt,1,test
GigaPath_embeddings_LBC_test/1/757bdca3-31ba-4a41-8837-436ae787b24e_pyramid_tiles_files_17_18_41.pt,1,test
GigaPath_embeddings_LBC_test/1/ec591c22-e5c9-426f-928f-2a4910f26cfe_pyramid_tiles_files_16_18_31.pt,1,test
GigaPath_embeddings_LBC_test/1/ee421114-146a-4aee-beaf-c14dae8a13a4_pyramid_tiles_files_16_17_20.pt,1,test
GigaPath_embeddings_LBC_test/1/39551161-80cc-47c6-9219-cb30f7cb3283_pyramid_tiles_files_16_24_27.pt,1,test
GigaPath_embeddings_LBC_test/1/9fac65c4-3967-4e89-8188-01be7914423b_pyramid_tiles_files_16_17_19.pt,1,test
GigaPath_embeddings_LBC_test/1/c4dfb15f-1b2a-470a-b9ef-613a13d7d505_pyramid_tiles_files_17_15_19.pt,1,test
GigaPath_embeddings_LBC_test/1/bcb241e8-5c96-4eae-aef2-0494615c7332_pyramid_tiles_files_16_17_19.pt,1,test
GigaPath_embeddings_LBC_test/1/ba1eb208-7671-4d89-b931-9438a6c52423_pyramid_tiles_files_17_24_73.pt,1,test
GigaPath_embeddings_LBC_test/1/40490219-ecc2-40c6-bd90-10f007f8f579_pyramid_tiles_files_17_22_73.pt,1,test
GigaPath_embeddings_LBC_test/1/1561b271-ed0a-4bba-968f-ec730f2a5707_pyramid_tiles_files_16_18_20.pt,1,test
GigaPath_embeddings_LBC_test/1/5e11fd38-061e-465e-b3aa-6ce8e54632a3_pyramid_tiles_files_16_18_19.pt,1,test
GigaPath_embeddings_LBC_test/1/757bdca3-31ba-4a41-8837-436ae787b24e_pyramid_tiles_files_17_24_72.pt,1,test
GigaPath_embeddings_LBC_test/1/88fa9c4b-c50b-46b6-8f70-3cb245539b47_pyramid_tiles_files_16_17_19.pt,1,test
GigaPath_embeddings_LBC_test/1/ec7e06ff-bd57-4558-9c73-41bfe0e295ba_pyramid_tiles_files_17_23_72.pt,1,test
GigaPath_embeddings_LBC_test/1/d5e5cbb6-7fcb-47e0-871f-7d31770b7acc_pyramid_tiles_files_16_18_20.pt,1,test
GigaPath_embeddings_LBC_test/1/7f90fbd0-c09c-45ef-b603-f0059d32e4af_pyramid_tiles_files_16_19_30.pt,1,test
GigaPath_embeddings_LBC_test/1/8f61c5c1-e549-489c-b24f-bb3906df8b40_pyramid_tiles_files_16_17_30.pt,1,test
GigaPath_embeddings_LBC_test/1/2ae84759-5488-420a-b67a-2794e594e102_pyramid_tiles_files_16_17_20.pt,1,test
GigaPath_embeddings_LBC_test/1/b5f02412-10be-4039-99db-d0fde541487a_pyramid_tiles_files_17_17_41.pt,1,test
GigaPath_embeddings_LBC_test/1/fc9cbd08-d93b-4d8d-8b07-fa43079c9d4f_pyramid_tiles_files_17_24_72.pt,1,test
GigaPath_embeddings_LBC_test/1/b34b3227-38a8-47fe-8920-18c280edcff6_pyramid_tiles_files_16_25_28.pt,1,test
GigaPath_embeddings_LBC_test/1/9ffbf523-b2b2-4a89-812f-5235ef148d44_pyramid_tiles_files_17_17_41.pt,1,test
GigaPath_embeddings_LBC_test/1/5a9c4ce1-e317-4782-9740-fea86e490f04_pyramid_tiles_files_16_24_29.pt,1,test
GigaPath_embeddings_LBC_test/1/e4490c8a-c816-48d4-acfb-690e781a304a_pyramid_tiles_files_16_19_31.pt,1,test
GigaPath_embeddings_LBC_test/1/49b89d48-2f98-4969-93ac-ab3721e48228_pyramid_tiles_files_17_23_72.pt,1,test
GigaPath_embeddings_LBC_test/1/0809f883-07ae-4ef2-8963-32424d1b2310_pyramid_tiles_files_16_24_27.pt,1,test
GigaPath_embeddings_LBC_test/1/e84495a2-0920-47f9-95a9-f22b38b127ce_pyramid_tiles_files_16_18_30.pt,1,test
GigaPath_embeddings_LBC_test/1/a38ab9be-f8f2-4144-bb92-ceab9f408c98_pyramid_tiles_files_17_24_73.pt,1,test
GigaPath_embeddings_LBC_test/1/9832fea5-5b1a-41d2-9319-e953a420307d_pyramid_tiles_files_16_18_30.pt,1,test
GigaPath_embeddings_LBC_test/1/2675f262-0e7c-483d-971e-00500ac47587_pyramid_tiles_files_16_19_31.pt,1,test
GigaPath_embeddings_LBC_test/1/cb17d14a-587d-45e7-9da8-7fc29c867d68_pyramid_tiles_files_17_17_40.pt,1,test
GigaPath_embeddings_LBC_test/1/24c8b882-f5c3-44c8-850a-4d8efa534536_pyramid_tiles_files_16_16_19.pt,1,test
GigaPath_embeddings_LBC_test/1/1a491f9b-142c-45d3-813a-98c82ebad222_pyramid_tiles_files_17_15_19.pt,1,test
GigaPath_embeddings_LBC_test/1/3908d14b-0319-46ce-9d7c-d9f484d4e6c5_pyramid_tiles_files_16_24_29.pt,1,test
GigaPath_embeddings_LBC_test/1/d5e5cbb6-7fcb-47e0-871f-7d31770b7acc_pyramid_tiles_files_16_16_19.pt,1,test
GigaPath_embeddings_LBC_test/1/fb34db15-00ea-425c-89e7-8f6bf844e9e8_pyramid_tiles_files_16_25_29.pt,1,test
GigaPath_embeddings_LBC_test/1/a7129833-faa2-4c97-826d-e43b75b7cb05_pyramid_tiles_files_16_21_29.pt,1,test
GigaPath_embeddings_LBC_test/1/d750d161-f794-40ee-90a4-c79c85733209_pyramid_tiles_files_17_18_41.pt,1,test
GigaPath_embeddings_LBC_test/1/ee421114-146a-4aee-beaf-c14dae8a13a4_pyramid_tiles_files_16_17_30.pt,1,test
GigaPath_embeddings_LBC_test/1/ec591c22-e5c9-426f-928f-2a4910f26cfe_pyramid_tiles_files_16_16_20.pt,1,test
GigaPath_embeddings_LBC_test/1/05f7516a-c717-491e-b5f2-b611c3789fa3_pyramid_tiles_files_16_16_19.pt,1,test
GigaPath_embeddings_LBC_test/1/4ca4cdf5-ff38-4a76-8a6d-b63e824f6685_pyramid_tiles_files_16_24_27.pt,1,test
GigaPath_embeddings_LBC_test/1/11e4ec67-ab0a-4e7e-8e7d-4ad3fdd05682_pyramid_tiles_files_17_18_41.pt,1,test
GigaPath_embeddings_LBC_test/1/c0449d4d-ff24-491e-941b-b82f9910d51e_pyramid_tiles_files_17_18_40.pt,1,test
GigaPath_embeddings_LBC_test/1/d78bfaab-dd1d-48d2-a839-ff33e9041001_pyramid_tiles_files_16_17_31.pt,1,test
GigaPath_embeddings_LBC_test/1/438ea06e-54ae-4f07-98fc-b849cd1edc72_pyramid_tiles_files_17_23_73.pt,1,test
GigaPath_embeddings_LBC_test/1/3908d14b-0319-46ce-9d7c-d9f484d4e6c5_pyramid_tiles_files_16_16_19.pt,1,test
GigaPath_embeddings_LBC_test/1/c6396b76-347c-4c7e-83b6-f23bc75f38fb_pyramid_tiles_files_17_17_41.pt,1,test
GigaPath_embeddings_LBC_test/1/e91eb178-776c-4b3a-b589-36a0e68408ce_pyramid_tiles_files_16_18_30.pt,1,test
GigaPath_embeddings_LBC_test/1/df4a0635-dc3f-4ccb-a2d9-0f89a4692a93_pyramid_tiles_files_16_16_20.pt,1,test
GigaPath_embeddings_LBC_test/1/d282c089-5b1a-48ca-80c6-5cd67f281d5c_pyramid_tiles_files_17_17_41.pt,1,test
GigaPath_embeddings_LBC_test/1/585c9fc8-5144-4038-b03f-94d1b70ca166_pyramid_tiles_files_17_22_72.pt,1,test
GigaPath_embeddings_LBC_test/1/3edcf025-1da1-4b54-aefd-54ca01f4f0eb_pyramid_tiles_files_17_23_72.pt,1,test
GigaPath_embeddings_LBC_test/1/ed470fa7-2231-4856-bbdb-9c45ada10876_pyramid_tiles_files_16_16_19.pt,1,test
GigaPath_embeddings_LBC_test/1/a6a6a107-4162-4090-90ff-d4521738c55e_pyramid_tiles_files_16_21_29.pt,1,test
GigaPath_embeddings_LBC_test/1/2154bc6d-2b7b-4c63-ba32-d877a60f2cff_pyramid_tiles_files_16_16_19.pt,1,test
GigaPath_embeddings_LBC_test/1/a4047681-fe6c-4db0-8e38-c66ca50d77f7_pyramid_tiles_files_17_24_73.pt,1,test
GigaPath_embeddings_LBC_test/1/9e3412ec-231c-40a8-8c17-e358744efb5a_pyramid_tiles_files_16_17_31.pt,1,test
GigaPath_embeddings_LBC_test/1/f8cdd598-f195-4e7f-9140-9230a7341e8d_pyramid_tiles_files_16_25_29.pt,1,test
GigaPath_embeddings_LBC_test/1/eeace26f-0d61-42b0-8a7e-38cc2f0bd7e5_pyramid_tiles_files_16_25_27.pt,1,test
GigaPath_embeddings_LBC_test/1/3c4ac5df-b116-4847-8737-79d4db791a7e_pyramid_tiles_files_17_22_72.pt,1,test
GigaPath_embeddings_LBC_test/1/f38d2bb8-7326-47e7-a2b4-17154c5f2c0c_pyramid_tiles_files_16_17_31.pt,1,test
GigaPath_embeddings_LBC_test/1/e4f9d4ac-0e18-426c-920a-56da5042a2b6_pyramid_tiles_files_16_24_29.pt,1,test
GigaPath_embeddings_LBC_test/1/7136f225-b00f-4314-8e03-bf7cc8c675f6_pyramid_tiles_files_16_24_29.pt,1,test
GigaPath_embeddings_LBC_test/1/3a922671-4cfc-4650-8cc9-51db2c72c8d4_pyramid_tiles_files_16_17_31.pt,1,test
GigaPath_embeddings_LBC_test/1/34ba83db-88de-4125-8d7e-fc129b494468_pyramid_tiles_files_16_22_29.pt,1,test
GigaPath_embeddings_LBC_test/1/ee421114-146a-4aee-beaf-c14dae8a13a4_pyramid_tiles_files_16_22_29.pt,1,test
GigaPath_embeddings_LBC_test/1/9832fea5-5b1a-41d2-9319-e953a420307d_pyramid_tiles_files_16_25_28.pt,1,test
GigaPath_embeddings_LBC_test/1/a8b605b6-b00f-4588-80f7-a3f04b5daaa3_pyramid_tiles_files_16_16_19.pt,1,test
GigaPath_embeddings_LBC_test/1/4ca4cdf5-ff38-4a76-8a6d-b63e824f6685_pyramid_tiles_files_16_25_29.pt,1,test
GigaPath_embeddings_LBC_test/1/a422fe88-c84c-4c11-998c-29ec63c8cc3b_pyramid_tiles_files_17_23_73.pt,1,test
GigaPath_embeddings_LBC_test/1/f9e2d87e-82ee-4e66-a710-97cf70cdb392_pyramid_tiles_files_16_22_29.pt,1,test
GigaPath_embeddings_LBC_test/1/1900bdd5-ff4b-47e3-8384-0c7aa7b67c96_pyramid_tiles_files_16_21_28.pt,1,test
GigaPath_embeddings_LBC_test/1/6f1af507-f025-4d67-9b07-ff9b2e562a67_pyramid_tiles_files_16_25_28.pt,1,test
GigaPath_embeddings_LBC_test/1/f5a044fa-6bad-49f3-b270-aa635a369748_pyramid_tiles_files_16_23_29.pt,1,test
GigaPath_embeddings_LBC_test/1/1a491f9b-142c-45d3-813a-98c82ebad222_pyramid_tiles_files_17_14_19.pt,1,test
GigaPath_embeddings_LBC_test/1/f38d2bb8-7326-47e7-a2b4-17154c5f2c0c_pyramid_tiles_files_16_16_20.pt,1,test
GigaPath_embeddings_LBC_test/1/f53d7c4b-bc70-4adc-88ff-a136722e0ef0_pyramid_tiles_files_16_22_28.pt,1,test
GigaPath_embeddings_LBC_test/1/f8cdd598-f195-4e7f-9140-9230a7341e8d_pyramid_tiles_files_16_18_30.pt,1,test
GigaPath_embeddings_LBC_test/1/a6a6a107-4162-4090-90ff-d4521738c55e_pyramid_tiles_files_16_25_27.pt,1,test
GigaPath_embeddings_LBC_test/1/df4a0635-dc3f-4ccb-a2d9-0f89a4692a93_pyramid_tiles_files_16_22_28.pt,1,test
GigaPath_embeddings_LBC_test/1/6f1af507-f025-4d67-9b07-ff9b2e562a67_pyramid_tiles_files_16_19_31.pt,1,test
GigaPath_embeddings_LBC_test/1/2349a7ef-89f1-44c5-a16c-93cd50a5160a_pyramid_tiles_files_17_24_72.pt,1,test
GigaPath_embeddings_LBC_test/1/e4f9d4ac-0e18-426c-920a-56da5042a2b6_pyramid_tiles_files_16_19_30.pt,1,test
GigaPath_embeddings_LBC_test/1/f8cdd598-f195-4e7f-9140-9230a7341e8d_pyramid_tiles_files_16_18_31.pt,1,test
GigaPath_embeddings_LBC_test/1/7cdca764-efc1-4f0d-9faa-10e29288c6f8_pyramid_tiles_files_16_17_19.pt,1,test
GigaPath_embeddings_LBC_test/1/11e4ec67-ab0a-4e7e-8e7d-4ad3fdd05682_pyramid_tiles_files_17_24_73.pt,1,test
GigaPath_embeddings_LBC_test/1/e0ee1714-9f42-4c7e-9c29-6b808c24073f_pyramid_tiles_files_16_18_20.pt,1,test
GigaPath_embeddings_LBC_test/1/a8b605b6-b00f-4588-80f7-a3f04b5daaa3_pyramid_tiles_files_16_17_20.pt,1,test
GigaPath_embeddings_LBC_test/1/438ea06e-54ae-4f07-98fc-b849cd1edc72_pyramid_tiles_files_17_17_40.pt,1,test
GigaPath_embeddings_LBC_test/1/eeace26f-0d61-42b0-8a7e-38cc2f0bd7e5_pyramid_tiles_files_16_22_28.pt,1,test
GigaPath_embeddings_LBC_test/1/d78bfaab-dd1d-48d2-a839-ff33e9041001_pyramid_tiles_files_16_25_29.pt,1,test
GigaPath_embeddings_LBC_test/1/6f1af507-f025-4d67-9b07-ff9b2e562a67_pyramid_tiles_files_16_17_31.pt,1,test
GigaPath_embeddings_LBC_test/1/82df266a-7b42-4683-abfd-df06c24c0095_pyramid_tiles_files_17_18_40.pt,1,test
GigaPath_embeddings_LBC_test/1/cfa1a36d-1290-4546-8c41-a23a9c66188d_pyramid_tiles_files_16_18_31.pt,1,test
GigaPath_embeddings_LBC_test/1/2675f262-0e7c-483d-971e-00500ac47587_pyramid_tiles_files_16_16_20.pt,1,test
GigaPath_embeddings_LBC_test/1/a7129833-faa2-4c97-826d-e43b75b7cb05_pyramid_tiles_files_16_25_29.pt,1,test
GigaPath_embeddings_LBC_test/1/e38679b5-dfb1-4d9b-9cd1-51d23497d166_pyramid_tiles_files_16_19_30.pt,1,test
GigaPath_embeddings_LBC_test/1/a30139a7-46bc-430e-9a88-053af9aa1784_pyramid_tiles_files_17_17_40.pt,1,test
GigaPath_embeddings_LBC_test/1/fb34db15-00ea-425c-89e7-8f6bf844e9e8_pyramid_tiles_files_16_18_20.pt,1,test
GigaPath_embeddings_LBC_test/1/971a85a8-c488-4a63-a524-48dc9cc05cb6_pyramid_tiles_files_17_24_73.pt,1,test
GigaPath_embeddings_LBC_test/1/a88839a2-827d-4c30-85d3-1eebce71509a_pyramid_tiles_files_16_17_19.pt,1,test
GigaPath_embeddings_LBC_test/1/ec7e06ff-bd57-4558-9c73-41bfe0e295ba_pyramid_tiles_files_17_24_73.pt,1,test
GigaPath_embeddings_LBC_test/1/2e2cf6c2-259d-4579-9fd6-5e463f70329d_pyramid_tiles_files_17_17_40.pt,1,test
GigaPath_embeddings_LBC_test/1/7136f225-b00f-4314-8e03-bf7cc8c675f6_pyramid_tiles_files_16_25_28.pt,1,test
GigaPath_embeddings_LBC_test/1/7d2da7f8-aa22-429e-9690-f6ff7fbfb9c6_pyramid_tiles_files_17_23_72.pt,1,test
GigaPath_embeddings_LBC_test/1/a6cbace4-4145-454d-bea2-a9043abe08d8_pyramid_tiles_files_17_24_72.pt,1,test
GigaPath_embeddings_LBC_test/1/f5a044fa-6bad-49f3-b270-aa635a369748_pyramid_tiles_files_16_25_28.pt,1,test
GigaPath_embeddings_LBC_test/1/34ba83db-88de-4125-8d7e-fc129b494468_pyramid_tiles_files_16_18_31.pt,1,test
GigaPath_embeddings_LBC_test/1/1df6ad4f-b95e-468a-b96d-fc28fa16bf7d_pyramid_tiles_files_16_19_31.pt,1,test
GigaPath_embeddings_LBC_test/1/f38d2bb8-7326-47e7-a2b4-17154c5f2c0c_pyramid_tiles_files_16_21_29.pt,1,test
GigaPath_embeddings_LBC_test/1/d14ee81b-590d-49f1-b9c1-f25c022331b9_pyramid_tiles_files_16_25_27.pt,1,test
GigaPath_embeddings_LBC_test/1/35529ea9-ab7d-4e67-9be2-7faddf0afbed_pyramid_tiles_files_16_22_28.pt,1,test
GigaPath_embeddings_LBC_test/1/e0ee1714-9f42-4c7e-9c29-6b808c24073f_pyramid_tiles_files_16_17_30.pt,1,test
GigaPath_embeddings_LBC_test/1/7a711946-6d6d-4089-84cc-fa4cac2dca59_pyramid_tiles_files_16_17_30.pt,1,test
GigaPath_embeddings_LBC_test/1/ff7ed6b1-de79-4426-84ce-1eb0993ce5ad_pyramid_tiles_files_16_18_31.pt,1,test
GigaPath_embeddings_LBC_test/1/a88839a2-827d-4c30-85d3-1eebce71509a_pyramid_tiles_files_16_24_28.pt,1,test
GigaPath_embeddings_LBC_test/1/39551161-80cc-47c6-9219-cb30f7cb3283_pyramid_tiles_files_16_23_28.pt,1,test
GigaPath_embeddings_LBC_test/1/848883dc-0a70-410a-b42c-42818e6bce8a_pyramid_tiles_files_16_18_31.pt,1,test
GigaPath_embeddings_LBC_test/1/e55b9872-ce3b-4a05-a062-8297e68e1f6e_pyramid_tiles_files_16_17_20.pt,1,test
GigaPath_embeddings_LBC_test/1/40490219-ecc2-40c6-bd90-10f007f8f579_pyramid_tiles_files_17_15_19.pt,1,test
GigaPath_embeddings_LBC_test/1/6863a74b-12b6-41e5-8beb-60b571303b26_pyramid_tiles_files_17_15_19.pt,1,test
GigaPath_embeddings_LBC_test/1/00c2a168-0bc9-4031-954f-d620d13a798e_pyramid_tiles_files_17_18_40.pt,1,test
GigaPath_embeddings_LBC_test/1/ff7ed6b1-de79-4426-84ce-1eb0993ce5ad_pyramid_tiles_files_16_18_30.pt,1,test
GigaPath_embeddings_LBC_test/1/1900bdd5-ff4b-47e3-8384-0c7aa7b67c96_pyramid_tiles_files_16_18_19.pt,1,test
GigaPath_embeddings_LBC_test/1/7f90fbd0-c09c-45ef-b603-f0059d32e4af_pyramid_tiles_files_16_18_30.pt,1,test
GigaPath_embeddings_LBC_test/1/9fac65c4-3967-4e89-8188-01be7914423b_pyramid_tiles_files_16_23_28.pt,1,test
GigaPath_embeddings_LBC_test/1/2675f262-0e7c-483d-971e-00500ac47587_pyramid_tiles_files_16_21_28.pt,1,test
GigaPath_embeddings_LBC_test/1/ff572c84-b664-461e-9d63-1421cae3c7c0_pyramid_tiles_files_17_18_40.pt,1,test
GigaPath_embeddings_LBC_test/1/25ef0e93-9216-4b33-af45-158bf3cef8ee_pyramid_tiles_files_17_22_73.pt,1,test
GigaPath_embeddings_LBC_test/1/ead8e571-832f-48cf-ac10-dbf23a23e118_pyramid_tiles_files_16_24_28.pt,1,test
GigaPath_embeddings_LBC_test/1/efbff1b0-e29a-4b52-9676-b20fbd72d3b5_pyramid_tiles_files_16_24_27.pt,1,test
GigaPath_embeddings_LBC_test/1/eeace26f-0d61-42b0-8a7e-38cc2f0bd7e5_pyramid_tiles_files_16_16_20.pt,1,test
GigaPath_embeddings_LBC_test/1/5e11fd38-061e-465e-b3aa-6ce8e54632a3_pyramid_tiles_files_16_16_20.pt,1,test
GigaPath_embeddings_LBC_test/1/878e391e-4957-471f-bea3-e02bf882cfd1_pyramid_tiles_files_17_14_19.pt,1,test
GigaPath_embeddings_LBC_test/1/6863a74b-12b6-41e5-8beb-60b571303b26_pyramid_tiles_files_17_14_19.pt,1,test
GigaPath_embeddings_LBC_test/1/848883dc-0a70-410a-b42c-42818e6bce8a_pyramid_tiles_files_16_25_28.pt,1,test
GigaPath_embeddings_LBC_test/1/8ba06d0e-ba28-481e-a2a9-c95807391113_pyramid_tiles_files_16_18_20.pt,1,test
GigaPath_embeddings_LBC_test/1/e0ee1714-9f42-4c7e-9c29-6b808c24073f_pyramid_tiles_files_16_24_29.pt,1,test
GigaPath_embeddings_LBC_test/1/d98d1466-b08e-4cdc-81c2-66b38375028f_pyramid_tiles_files_16_18_31.pt,1,test
GigaPath_embeddings_LBC_test/1/d78bfaab-dd1d-48d2-a839-ff33e9041001_pyramid_tiles_files_16_18_30.pt,1,test
GigaPath_embeddings_LBC_test/1/cfa1a36d-1290-4546-8c41-a23a9c66188d_pyramid_tiles_files_16_25_29.pt,1,test
GigaPath_embeddings_LBC_test/1/05a7c75a-3a19-42fe-bef4-46321b96503c_pyramid_tiles_files_16_18_19.pt,1,test
GigaPath_embeddings_LBC_test/1/9e3412ec-231c-40a8-8c17-e358744efb5a_pyramid_tiles_files_16_23_29.pt,1,test
GigaPath_embeddings_LBC_test/1/1561b271-ed0a-4bba-968f-ec730f2a5707_pyramid_tiles_files_16_19_30.pt,1,test
GigaPath_embeddings_LBC_test/1/cfad50f3-e318-44ef-9136-da9e38305cd5_pyramid_tiles_files_17_17_41.pt,1,test
GigaPath_embeddings_LBC_test/1/848883dc-0a70-410a-b42c-42818e6bce8a_pyramid_tiles_files_16_21_28.pt,1,test
GigaPath_embeddings_LBC_test/1/215b875c-5819-41d9-857a-da2311a99480_pyramid_tiles_files_17_14_18.pt,1,test
GigaPath_embeddings_LBC_test/1/3051d836-91a4-4aff-9bf2-7cf31904a2ea_pyramid_tiles_files_16_24_29.pt,1,test
GigaPath_embeddings_LBC_test/1/15d579c8-fab5-414e-8293-453d8f51c4c8_pyramid_tiles_files_17_22_72.pt,1,test
GigaPath_embeddings_LBC_test/1/9f9025f6-3cb2-4e63-9f09-1c25957cd8e3_pyramid_tiles_files_17_24_72.pt,1,test
GigaPath_embeddings_LBC_test/1/9e3412ec-231c-40a8-8c17-e358744efb5a_pyramid_tiles_files_16_16_19.pt,1,test
GigaPath_embeddings_LBC_test/1/770f5bc2-09e8-4f6f-80f2-7c32080268a6_pyramid_tiles_files_16_17_31.pt,1,test
GigaPath_embeddings_LBC_test/1/99658cf5-d1dc-4436-ac7c-24f303817fb0_pyramid_tiles_files_16_24_29.pt,1,test
GigaPath_embeddings_LBC_test/1/d5e5cbb6-7fcb-47e0-871f-7d31770b7acc_pyramid_tiles_files_16_18_31.pt,1,test
GigaPath_embeddings_LBC_test/1/1561b271-ed0a-4bba-968f-ec730f2a5707_pyramid_tiles_files_16_21_28.pt,1,test
GigaPath_embeddings_LBC_test/1/3c4ac5df-b116-4847-8737-79d4db791a7e_pyramid_tiles_files_17_24_73.pt,1,test
GigaPath_embeddings_LBC_test/1/0809f883-07ae-4ef2-8963-32424d1b2310_pyramid_tiles_files_16_23_29.pt,1,test
GigaPath_embeddings_LBC_test/1/b34b3227-38a8-47fe-8920-18c280edcff6_pyramid_tiles_files_16_23_29.pt,1,test
GigaPath_embeddings_LBC_test/1/fc9cbd08-d93b-4d8d-8b07-fa43079c9d4f_pyramid_tiles_files_17_22_72.pt,1,test
GigaPath_embeddings_LBC_test/1/df5e8063-ae40-4800-9387-61920bf91339_pyramid_tiles_files_16_23_29.pt,1,test
GigaPath_embeddings_LBC_test/1/fb34db15-00ea-425c-89e7-8f6bf844e9e8_pyramid_tiles_files_16_18_19.pt,1,test
GigaPath_embeddings_LBC_test/1/a88839a2-827d-4c30-85d3-1eebce71509a_pyramid_tiles_files_16_25_28.pt,1,test
GigaPath_embeddings_LBC_test/1/a1d1235e-32f4-49da-b297-9b4cfd582499_pyramid_tiles_files_17_24_72.pt,1,test
GigaPath_embeddings_LBC_test/1/103910a7-ef17-49d6-b722-31806bc8c3a5_pyramid_tiles_files_16_23_29.pt,1,test
GigaPath_embeddings_LBC_test/1/88fa9c4b-c50b-46b6-8f70-3cb245539b47_pyramid_tiles_files_16_25_29.pt,1,test
GigaPath_embeddings_LBC_test/1/7cdca764-efc1-4f0d-9faa-10e29288c6f8_pyramid_tiles_files_16_21_28.pt,1,test
GigaPath_embeddings_LBC_test/1/eed8a45e-5400-44f3-bec9-acad9bffabe6_pyramid_tiles_files_16_25_28.pt,1,test
GigaPath_embeddings_LBC_test/1/3f15feb9-c91a-40ce-a257-3d25dfab60d8_pyramid_tiles_files_16_19_30.pt,1,test
GigaPath_embeddings_LBC_test/1/4e16344b-da3a-4d92-819c-19c4cecff67b_pyramid_tiles_files_17_24_72.pt,1,test
GigaPath_embeddings_LBC_test/1/2154bc6d-2b7b-4c63-ba32-d877a60f2cff_pyramid_tiles_files_16_16_20.pt,1,test
GigaPath_embeddings_LBC_test/1/910ae3a4-0161-408b-bc72-41e06bd37102_pyramid_tiles_files_16_19_30.pt,1,test
GigaPath_embeddings_LBC_test/1/a422fe88-c84c-4c11-998c-29ec63c8cc3b_pyramid_tiles_files_17_17_41.pt,1,test
GigaPath_embeddings_LBC_test/1/ec591c22-e5c9-426f-928f-2a4910f26cfe_pyramid_tiles_files_16_18_30.pt,1,test
GigaPath_embeddings_LBC_test/1/05a7c75a-3a19-42fe-bef4-46321b96503c_pyramid_tiles_files_16_19_31.pt,1,test
GigaPath_embeddings_LBC_test/1/4ca4cdf5-ff38-4a76-8a6d-b63e824f6685_pyramid_tiles_files_16_25_28.pt,1,test
GigaPath_embeddings_LBC_test/1/252dbee6-7f3b-41fd-a63c-faf8e39aa257_pyramid_tiles_files_17_24_73.pt,1,test
GigaPath_embeddings_LBC_test/1/2dfb8fa9-c394-4fa6-bc69-22550436978d_pyramid_tiles_files_17_14_18.pt,1,test
GigaPath_embeddings_LBC_test/1/11e4ec67-ab0a-4e7e-8e7d-4ad3fdd05682_pyramid_tiles_files_17_24_72.pt,1,test
GigaPath_embeddings_LBC_test/1/4c84cdfb-d548-4bf1-9598-98c0a3d934e1_pyramid_tiles_files_17_17_40.pt,1,test
GigaPath_embeddings_LBC_test/1/49b7db50-8c64-4aed-aeec-f61e6432f3fd_pyramid_tiles_files_17_15_18.pt,1,test
GigaPath_embeddings_LBC_test/1/bcb241e8-5c96-4eae-aef2-0494615c7332_pyramid_tiles_files_16_25_27.pt,1,test
GigaPath_embeddings_LBC_test/1/dd2bbc91-721e-4adb-99a2-23a9f68362ef_pyramid_tiles_files_16_18_31.pt,1,test
GigaPath_embeddings_LBC_test/1/fc9cbd08-d93b-4d8d-8b07-fa43079c9d4f_pyramid_tiles_files_17_15_18.pt,1,test
GigaPath_embeddings_LBC_test/1/7d2da7f8-aa22-429e-9690-f6ff7fbfb9c6_pyramid_tiles_files_17_24_72.pt,1,test
GigaPath_embeddings_LBC_test/1/f5a044fa-6bad-49f3-b270-aa635a369748_pyramid_tiles_files_16_17_20.pt,1,test
GigaPath_embeddings_LBC_test/1/7136f225-b00f-4314-8e03-bf7cc8c675f6_pyramid_tiles_files_16_19_31.pt,1,test
GigaPath_embeddings_LBC_test/1/7a711946-6d6d-4089-84cc-fa4cac2dca59_pyramid_tiles_files_16_18_31.pt,1,test
GigaPath_embeddings_LBC_test/1/d98d1466-b08e-4cdc-81c2-66b38375028f_pyramid_tiles_files_16_19_30.pt,1,test
GigaPath_embeddings_LBC_test/1/860e3689-9c98-41b1-a40c-82ecedb84773_pyramid_tiles_files_17_23_72.pt,1,test
GigaPath_embeddings_LBC_test/1/7f084246-fcef-4879-82dd-17c18cc3481b_pyramid_tiles_files_16_25_29.pt,1,test
GigaPath_embeddings_LBC_test/1/e0ee1714-9f42-4c7e-9c29-6b808c24073f_pyramid_tiles_files_16_24_27.pt,1,test
GigaPath_embeddings_LBC_test/1/215b875c-5819-41d9-857a-da2311a99480_pyramid_tiles_files_17_22_72.pt,1,test
GigaPath_embeddings_LBC_test/1/b71e073f-25c7-43e2-9e4a-7809d0613d87_pyramid_tiles_files_16_24_28.pt,1,test
GigaPath_embeddings_LBC_test/1/53cd3df9-c1cf-4391-9f95-43ebac8dd8f0_pyramid_tiles_files_17_14_19.pt,1,test
GigaPath_embeddings_LBC_test/1/deb52381-ec34-4586-a9ba-461702954557_pyramid_tiles_files_17_18_40.pt,1,test
GigaPath_embeddings_LBC_test/1/deb52381-ec34-4586-a9ba-461702954557_pyramid_tiles_files_17_17_41.pt,1,test
GigaPath_embeddings_LBC_test/1/a6a6a107-4162-4090-90ff-d4521738c55e_pyramid_tiles_files_16_19_31.pt,1,test
GigaPath_embeddings_LBC_test/1/f845a584-75e9-4272-b88a-3ab2ae175011_pyramid_tiles_files_16_23_28.pt,1,test
GigaPath_embeddings_LBC_test/1/3051d836-91a4-4aff-9bf2-7cf31904a2ea_pyramid_tiles_files_16_22_28.pt,1,test
GigaPath_embeddings_LBC_test/1/68b65586-1dd1-4c9e-9287-324e0907ce17_pyramid_tiles_files_16_17_20.pt,1,test
GigaPath_embeddings_LBC_test/1/df5e8063-ae40-4800-9387-61920bf91339_pyramid_tiles_files_16_18_19.pt,1,test
GigaPath_embeddings_LBC_test/1/1de50383-a38d-4e77-8672-3cae59401c9e_pyramid_tiles_files_17_18_40.pt,1,test
GigaPath_embeddings_LBC_test/1/3f15feb9-c91a-40ce-a257-3d25dfab60d8_pyramid_tiles_files_16_23_29.pt,1,test
GigaPath_embeddings_LBC_test/1/770f5bc2-09e8-4f6f-80f2-7c32080268a6_pyramid_tiles_files_16_16_20.pt,1,test
GigaPath_embeddings_LBC_test/1/971a85a8-c488-4a63-a524-48dc9cc05cb6_pyramid_tiles_files_17_23_72.pt,1,test
GigaPath_embeddings_LBC_test/1/d98d1466-b08e-4cdc-81c2-66b38375028f_pyramid_tiles_files_16_24_29.pt,1,test
GigaPath_embeddings_LBC_test/1/103910a7-ef17-49d6-b722-31806bc8c3a5_pyramid_tiles_files_16_19_30.pt,1,test
GigaPath_embeddings_LBC_test/1/8622536e-861a-4e45-8c03-1337f35267fb_pyramid_tiles_files_16_18_19.pt,1,test
GigaPath_embeddings_LBC_test/1/3edcf025-1da1-4b54-aefd-54ca01f4f0eb_pyramid_tiles_files_17_23_73.pt,1,test
GigaPath_embeddings_LBC_test/1/dd2bbc91-721e-4adb-99a2-23a9f68362ef_pyramid_tiles_files_16_17_19.pt,1,test
GigaPath_embeddings_LBC_test/1/ed470fa7-2231-4856-bbdb-9c45ada10876_pyramid_tiles_files_16_19_30.pt,1,test
GigaPath_embeddings_LBC_test/1/27f952da-cb0e-4b86-9464-3b31671933ce_pyramid_tiles_files_17_17_40.pt,1,test
GigaPath_embeddings_LBC_test/1/3908d14b-0319-46ce-9d7c-d9f484d4e6c5_pyramid_tiles_files_16_23_28.pt,1,test
GigaPath_embeddings_LBC_test/1/a422fe88-c84c-4c11-998c-29ec63c8cc3b_pyramid_tiles_files_17_22_72.pt,1,test
GigaPath_embeddings_LBC_test/1/f9e2d87e-82ee-4e66-a710-97cf70cdb392_pyramid_tiles_files_16_19_30.pt,1,test
GigaPath_embeddings_LBC_test/1/39551161-80cc-47c6-9219-cb30f7cb3283_pyramid_tiles_files_16_18_19.pt,1,test
GigaPath_embeddings_LBC_test/1/e0ee1714-9f42-4c7e-9c29-6b808c24073f_pyramid_tiles_files_16_17_19.pt,1,test
GigaPath_embeddings_LBC_test/1/d750d161-f794-40ee-90a4-c79c85733209_pyramid_tiles_files_17_18_40.pt,1,test
GigaPath_embeddings_LBC_test/1/f21c730f-c4c5-4db2-843c-5bc29f2cc708_pyramid_tiles_files_17_18_41.pt,1,test
GigaPath_embeddings_LBC_test/1/bfda3d1a-59f1-447b-b964-0774d6564648_pyramid_tiles_files_16_24_27.pt,1,test
GigaPath_embeddings_LBC_test/1/1df6ad4f-b95e-468a-b96d-fc28fa16bf7d_pyramid_tiles_files_16_18_19.pt,1,test
GigaPath_embeddings_LBC_test/1/d0b24e86-0df9-4e80-9802-77f3f8a44a4e_pyramid_tiles_files_16_21_29.pt,1,test
GigaPath_embeddings_LBC_test/1/0c815d19-6b10-43b9-b403-e8bcd96c88c9_pyramid_tiles_files_16_17_20.pt,1,test
GigaPath_embeddings_LBC_test/1/ec591c22-e5c9-426f-928f-2a4910f26cfe_pyramid_tiles_files_16_25_28.pt,1,test
GigaPath_embeddings_LBC_test/1/d0b24e86-0df9-4e80-9802-77f3f8a44a4e_pyramid_tiles_files_16_22_28.pt,1,test
GigaPath_embeddings_LBC_test/1/af452c1d-404b-40d7-8523-afab97ce3fe7_pyramid_tiles_files_17_17_41.pt,1,test
GigaPath_embeddings_LBC_test/1/2bb9b118-1d4c-468f-ba3d-1240e98da375_pyramid_tiles_files_17_15_19.pt,1,test
GigaPath_embeddings_LBC_test/1/e4490c8a-c816-48d4-acfb-690e781a304a_pyramid_tiles_files_16_17_19.pt,1,test
GigaPath_embeddings_LBC_test/1/d5e5cbb6-7fcb-47e0-871f-7d31770b7acc_pyramid_tiles_files_16_17_20.pt,1,test
GigaPath_embeddings_LBC_test/1/cb17d14a-587d-45e7-9da8-7fc29c867d68_pyramid_tiles_files_17_24_73.pt,1,test
GigaPath_embeddings_LBC_test/1/ff572c84-b664-461e-9d63-1421cae3c7c0_pyramid_tiles_files_17_23_73.pt,1,test
GigaPath_embeddings_LBC_test/1/daea7c93-5f94-4fa6-b95d-ec43c7bf721d_pyramid_tiles_files_17_22_72.pt,1,test
GigaPath_embeddings_LBC_test/1/f5a044fa-6bad-49f3-b270-aa635a369748_pyramid_tiles_files_16_17_31.pt,1,test
GigaPath_embeddings_LBC_test/1/9832fea5-5b1a-41d2-9319-e953a420307d_pyramid_tiles_files_16_17_19.pt,1,test
GigaPath_embeddings_LBC_test/1/1f648a7a-3d12-4d96-a35d-8328e2c2c766_pyramid_tiles_files_17_18_40.pt,1,test
GigaPath_embeddings_LBC_test/1/bfda3d1a-59f1-447b-b964-0774d6564648_pyramid_tiles_files_16_25_29.pt,1,test
GigaPath_embeddings_LBC_test/1/ed470fa7-2231-4856-bbdb-9c45ada10876_pyramid_tiles_files_16_21_28.pt,1,test
GigaPath_embeddings_LBC_test/1/9c22e271-a48a-45a0-8682-b151a03d336a_pyramid_tiles_files_17_22_72.pt,1,test
GigaPath_embeddings_LBC_test/1/d78bfaab-dd1d-48d2-a839-ff33e9041001_pyramid_tiles_files_16_25_27.pt,1,test
GigaPath_embeddings_LBC_test/1/2f9ace47-773d-432b-95c0-4c79d09ca789_pyramid_tiles_files_17_22_72.pt,1,test
GigaPath_embeddings_LBC_test/1/d282c089-5b1a-48ca-80c6-5cd67f281d5c_pyramid_tiles_files_17_18_41.pt,1,test
GigaPath_embeddings_LBC_test/1/1900bdd5-ff4b-47e3-8384-0c7aa7b67c96_pyramid_tiles_files_16_23_29.pt,1,test
GigaPath_embeddings_LBC_test/1/f5a044fa-6bad-49f3-b270-aa635a369748_pyramid_tiles_files_16_21_28.pt,1,test
GigaPath_embeddings_LBC_test/1/2675f262-0e7c-483d-971e-00500ac47587_pyramid_tiles_files_16_24_28.pt,1,test
GigaPath_embeddings_LBC_test/1/1f648a7a-3d12-4d96-a35d-8328e2c2c766_pyramid_tiles_files_17_15_19.pt,1,test
GigaPath_embeddings_LBC_test/1/88a9d8e1-7333-4408-801b-6b56b5efe148_pyramid_tiles_files_17_14_19.pt,1,test
GigaPath_embeddings_LBC_test/1/41295260-4748-4a7d-9689-d22f4d1bf6c1_pyramid_tiles_files_16_19_31.pt,1,test
GigaPath_embeddings_LBC_test/1/d5e5cbb6-7fcb-47e0-871f-7d31770b7acc_pyramid_tiles_files_16_22_29.pt,1,test
GigaPath_embeddings_LBC_test/1/ec591c22-e5c9-426f-928f-2a4910f26cfe_pyramid_tiles_files_16_18_20.pt,1,test
GigaPath_embeddings_LBC_test/1/efbff1b0-e29a-4b52-9676-b20fbd72d3b5_pyramid_tiles_files_16_17_31.pt,1,test
GigaPath_embeddings_LBC_test/1/5e11fd38-061e-465e-b3aa-6ce8e54632a3_pyramid_tiles_files_16_22_29.pt,1,test
GigaPath_embeddings_LBC_test/1/c6396b76-347c-4c7e-83b6-f23bc75f38fb_pyramid_tiles_files_17_23_72.pt,1,test
GigaPath_embeddings_LBC_test/1/49b89d48-2f98-4969-93ac-ab3721e48228_pyramid_tiles_files_17_24_73.pt,1,test
GigaPath_embeddings_LBC_test/1/ff572c84-b664-461e-9d63-1421cae3c7c0_pyramid_tiles_files_17_24_72.pt,1,test
GigaPath_embeddings_LBC_test/1/3edcf025-1da1-4b54-aefd-54ca01f4f0eb_pyramid_tiles_files_17_17_40.pt,1,test
GigaPath_embeddings_LBC_test/1/8f61c5c1-e549-489c-b24f-bb3906df8b40_pyramid_tiles_files_16_25_27.pt,1,test
GigaPath_embeddings_LBC_test/1/6f1af507-f025-4d67-9b07-ff9b2e562a67_pyramid_tiles_files_16_22_28.pt,1,test
GigaPath_embeddings_LBC_test/1/667596ff-485c-41f9-ac32-9f91f8cc66c0_pyramid_tiles_files_17_14_19.pt,1,test
GigaPath_embeddings_LBC_test/1/09022f45-72f6-41d4-b741-d102f2ae2fdc_pyramid_tiles_files_16_24_29.pt,1,test
GigaPath_embeddings_LBC_test/1/e4f9d4ac-0e18-426c-920a-56da5042a2b6_pyramid_tiles_files_16_16_19.pt,1,test
GigaPath_embeddings_LBC_test/1/667596ff-485c-41f9-ac32-9f91f8cc66c0_pyramid_tiles_files_17_15_18.pt,1,test
GigaPath_embeddings_LBC_test/1/2675f262-0e7c-483d-971e-00500ac47587_pyramid_tiles_files_16_17_30.pt,1,test
GigaPath_embeddings_LBC_valid/0/cbbb7a3f-b6d5-44d3-9eef-69757a914f2f_pyramid_tiles_files_16_31_6.pt,0,valid
GigaPath_embeddings_LBC_valid/0/2b545ce7-ebd8-4b3b-98fa-2f442d48bc5e_pyramid_tiles_files_16_3_28.pt,0,valid
GigaPath_embeddings_LBC_valid/0/2b545ce7-ebd8-4b3b-98fa-2f442d48bc5e_pyramid_tiles_files_16_22_16.pt,0,valid
GigaPath_embeddings_LBC_valid/0/cbbb7a3f-b6d5-44d3-9eef-69757a914f2f_pyramid_tiles_files_16_27_17.pt,0,valid
GigaPath_embeddings_LBC_valid/0/cbbb7a3f-b6d5-44d3-9eef-69757a914f2f_pyramid_tiles_files_16_29_6.pt,0,valid
GigaPath_embeddings_LBC_valid/0/3d2ea7da-d7a6-4b5a-8c3b-7ff4e99e614f_pyramid_tiles_files_16_28_34.pt,0,valid
GigaPath_embeddings_LBC_valid/0/3d2ea7da-d7a6-4b5a-8c3b-7ff4e99e614f_pyramid_tiles_files_16_37_19.pt,0,valid
GigaPath_embeddings_LBC_valid/0/2b545ce7-ebd8-4b3b-98fa-2f442d48bc5e_pyramid_tiles_files_16_4_23.pt,0,valid
GigaPath_embeddings_LBC_valid/0/2b545ce7-ebd8-4b3b-98fa-2f442d48bc5e_pyramid_tiles_files_16_1_18.pt,0,valid
GigaPath_embeddings_LBC_valid/0/cbbb7a3f-b6d5-44d3-9eef-69757a914f2f_pyramid_tiles_files_16_22_17.pt,0,valid
GigaPath_embeddings_LBC_valid/0/85f754fe-8760-404b-bedb-6d8ac74ced85_pyramid_tiles_files_16_10_24.pt,0,valid
GigaPath_embeddings_LBC_valid/0/cbbb7a3f-b6d5-44d3-9eef-69757a914f2f_pyramid_tiles_files_16_36_14.pt,0,valid
GigaPath_embeddings_LBC_valid/0/3d2ea7da-d7a6-4b5a-8c3b-7ff4e99e614f_pyramid_tiles_files_16_24_39.pt,0,valid
GigaPath_embeddings_LBC_valid/0/2b545ce7-ebd8-4b3b-98fa-2f442d48bc5e_pyramid_tiles_files_16_6_37.pt,0,valid
GigaPath_embeddings_LBC_valid/0/2b545ce7-ebd8-4b3b-98fa-2f442d48bc5e_pyramid_tiles_files_16_21_41.pt,0,valid
GigaPath_embeddings_LBC_valid/0/3d2ea7da-d7a6-4b5a-8c3b-7ff4e99e614f_pyramid_tiles_files_16_35_27.pt,0,valid
GigaPath_embeddings_LBC_valid/0/85f754fe-8760-404b-bedb-6d8ac74ced85_pyramid_tiles_files_16_14_29.pt,0,valid
GigaPath_embeddings_LBC_valid/0/4b71df3c-6e36-4b86-86cd-403d470980d8_pyramid_tiles_files_16_22_17.pt,0,valid
GigaPath_embeddings_LBC_valid/0/3d2ea7da-d7a6-4b5a-8c3b-7ff4e99e614f_pyramid_tiles_files_16_4_28.pt,0,valid
GigaPath_embeddings_LBC_valid/0/85f754fe-8760-404b-bedb-6d8ac74ced85_pyramid_tiles_files_16_28_17.pt,0,valid
GigaPath_embeddings_LBC_valid/0/2b545ce7-ebd8-4b3b-98fa-2f442d48bc5e_pyramid_tiles_files_16_23_10.pt,0,valid
GigaPath_embeddings_LBC_valid/0/85f754fe-8760-404b-bedb-6d8ac74ced85_pyramid_tiles_files_16_25_26.pt,0,valid
GigaPath_embeddings_LBC_valid/0/4b71df3c-6e36-4b86-86cd-403d470980d8_pyramid_tiles_files_16_31_4.pt,0,valid
GigaPath_embeddings_LBC_valid/0/2b545ce7-ebd8-4b3b-98fa-2f442d48bc5e_pyramid_tiles_files_16_31_21.pt,0,valid
GigaPath_embeddings_LBC_valid/0/4b71df3c-6e36-4b86-86cd-403d470980d8_pyramid_tiles_files_16_14_24.pt,0,valid
GigaPath_embeddings_LBC_valid/0/85f754fe-8760-404b-bedb-6d8ac74ced85_pyramid_tiles_files_16_31_26.pt,0,valid
GigaPath_embeddings_LBC_valid/0/3d2ea7da-d7a6-4b5a-8c3b-7ff4e99e614f_pyramid_tiles_files_16_17_1.pt,0,valid
GigaPath_embeddings_LBC_valid/0/cbbb7a3f-b6d5-44d3-9eef-69757a914f2f_pyramid_tiles_files_16_10_11.pt,0,valid
GigaPath_embeddings_LBC_valid/0/3d2ea7da-d7a6-4b5a-8c3b-7ff4e99e614f_pyramid_tiles_files_16_26_28.pt,0,valid
GigaPath_embeddings_LBC_valid/0/4b71df3c-6e36-4b86-86cd-403d470980d8_pyramid_tiles_files_16_29_10.pt,0,valid
GigaPath_embeddings_LBC_valid/0/4b71df3c-6e36-4b86-86cd-403d470980d8_pyramid_tiles_files_16_11_18.pt,0,valid
GigaPath_embeddings_LBC_valid/0/4b71df3c-6e36-4b86-86cd-403d470980d8_pyramid_tiles_files_16_6_6.pt,0,valid
GigaPath_embeddings_LBC_valid/0/2b545ce7-ebd8-4b3b-98fa-2f442d48bc5e_pyramid_tiles_files_16_18_32.pt,0,valid
GigaPath_embeddings_LBC_valid/0/3d2ea7da-d7a6-4b5a-8c3b-7ff4e99e614f_pyramid_tiles_files_16_28_21.pt,0,valid
GigaPath_embeddings_LBC_valid/0/cbbb7a3f-b6d5-44d3-9eef-69757a914f2f_pyramid_tiles_files_16_24_11.pt,0,valid
GigaPath_embeddings_LBC_valid/0/85f754fe-8760-404b-bedb-6d8ac74ced85_pyramid_tiles_files_16_11_8.pt,0,valid
GigaPath_embeddings_LBC_valid/0/cbbb7a3f-b6d5-44d3-9eef-69757a914f2f_pyramid_tiles_files_16_32_22.pt,0,valid
GigaPath_embeddings_LBC_valid/0/3d2ea7da-d7a6-4b5a-8c3b-7ff4e99e614f_pyramid_tiles_files_16_22_32.pt,0,valid
GigaPath_embeddings_LBC_valid/0/85f754fe-8760-404b-bedb-6d8ac74ced85_pyramid_tiles_files_16_22_2.pt,0,valid
GigaPath_embeddings_LBC_valid/0/2b545ce7-ebd8-4b3b-98fa-2f442d48bc5e_pyramid_tiles_files_16_14_28.pt,0,valid
GigaPath_embeddings_LBC_valid/0/85f754fe-8760-404b-bedb-6d8ac74ced85_pyramid_tiles_files_16_35_30.pt,0,valid
GigaPath_embeddings_LBC_valid/0/2b545ce7-ebd8-4b3b-98fa-2f442d48bc5e_pyramid_tiles_files_16_9_22.pt,0,valid
GigaPath_embeddings_LBC_valid/0/3d2ea7da-d7a6-4b5a-8c3b-7ff4e99e614f_pyramid_tiles_files_16_34_18.pt,0,valid
GigaPath_embeddings_LBC_valid/0/cbbb7a3f-b6d5-44d3-9eef-69757a914f2f_pyramid_tiles_files_16_17_28.pt,0,valid
GigaPath_embeddings_LBC_valid/0/2b545ce7-ebd8-4b3b-98fa-2f442d48bc5e_pyramid_tiles_files_16_7_7.pt,0,valid
GigaPath_embeddings_LBC_valid/0/4b71df3c-6e36-4b86-86cd-403d470980d8_pyramid_tiles_files_16_39_23.pt,0,valid
GigaPath_embeddings_LBC_valid/0/2b545ce7-ebd8-4b3b-98fa-2f442d48bc5e_pyramid_tiles_files_16_29_21.pt,0,valid
GigaPath_embeddings_LBC_valid/0/4b71df3c-6e36-4b86-86cd-403d470980d8_pyramid_tiles_files_16_30_1.pt,0,valid
GigaPath_embeddings_LBC_valid/0/2b545ce7-ebd8-4b3b-98fa-2f442d48bc5e_pyramid_tiles_files_16_2_45.pt,0,valid
GigaPath_embeddings_LBC_valid/0/3d2ea7da-d7a6-4b5a-8c3b-7ff4e99e614f_pyramid_tiles_files_16_33_24.pt,0,valid
GigaPath_embeddings_LBC_valid/0/85f754fe-8760-404b-bedb-6d8ac74ced85_pyramid_tiles_files_16_31_20.pt,0,valid
GigaPath_embeddings_LBC_valid/0/3d2ea7da-d7a6-4b5a-8c3b-7ff4e99e614f_pyramid_tiles_files_16_12_19.pt,0,valid
GigaPath_embeddings_LBC_valid/0/cbbb7a3f-b6d5-44d3-9eef-69757a914f2f_pyramid_tiles_files_16_2_18.pt,0,valid
GigaPath_embeddings_LBC_valid/0/3d2ea7da-d7a6-4b5a-8c3b-7ff4e99e614f_pyramid_tiles_files_16_24_32.pt,0,valid
GigaPath_embeddings_LBC_valid/0/3d2ea7da-d7a6-4b5a-8c3b-7ff4e99e614f_pyramid_tiles_files_16_20_41.pt,0,valid
GigaPath_embeddings_LBC_valid/0/85f754fe-8760-404b-bedb-6d8ac74ced85_pyramid_tiles_files_16_15_36.pt,0,valid
GigaPath_embeddings_LBC_valid/0/4b71df3c-6e36-4b86-86cd-403d470980d8_pyramid_tiles_files_16_27_21.pt,0,valid
GigaPath_embeddings_LBC_valid/0/4b71df3c-6e36-4b86-86cd-403d470980d8_pyramid_tiles_files_16_9_27.pt,0,valid
GigaPath_embeddings_LBC_valid/0/4b71df3c-6e36-4b86-86cd-403d470980d8_pyramid_tiles_files_16_22_18.pt,0,valid
GigaPath_embeddings_LBC_valid/0/85f754fe-8760-404b-bedb-6d8ac74ced85_pyramid_tiles_files_16_3_3.pt,0,valid
GigaPath_embeddings_LBC_valid/0/85f754fe-8760-404b-bedb-6d8ac74ced85_pyramid_tiles_files_16_20_16.pt,0,valid
GigaPath_embeddings_LBC_valid/0/4b71df3c-6e36-4b86-86cd-403d470980d8_pyramid_tiles_files_16_20_0.pt,0,valid
GigaPath_embeddings_LBC_valid/0/4b71df3c-6e36-4b86-86cd-403d470980d8_pyramid_tiles_files_16_34_17.pt,0,valid
GigaPath_embeddings_LBC_valid/0/3d2ea7da-d7a6-4b5a-8c3b-7ff4e99e614f_pyramid_tiles_files_16_31_28.pt,0,valid
GigaPath_embeddings_LBC_valid/0/3d2ea7da-d7a6-4b5a-8c3b-7ff4e99e614f_pyramid_tiles_files_16_24_25.pt,0,valid
GigaPath_embeddings_LBC_valid/0/cbbb7a3f-b6d5-44d3-9eef-69757a914f2f_pyramid_tiles_files_16_33_7.pt,0,valid
GigaPath_embeddings_LBC_valid/0/85f754fe-8760-404b-bedb-6d8ac74ced85_pyramid_tiles_files_16_6_24.pt,0,valid
GigaPath_embeddings_LBC_valid/0/85f754fe-8760-404b-bedb-6d8ac74ced85_pyramid_tiles_files_16_19_30.pt,0,valid
GigaPath_embeddings_LBC_valid/0/85f754fe-8760-404b-bedb-6d8ac74ced85_pyramid_tiles_files_16_8_8.pt,0,valid
GigaPath_embeddings_LBC_valid/0/3d2ea7da-d7a6-4b5a-8c3b-7ff4e99e614f_pyramid_tiles_files_16_10_31.pt,0,valid
GigaPath_embeddings_LBC_valid/0/2b545ce7-ebd8-4b3b-98fa-2f442d48bc5e_pyramid_tiles_files_16_6_15.pt,0,valid
GigaPath_embeddings_LBC_valid/0/cbbb7a3f-b6d5-44d3-9eef-69757a914f2f_pyramid_tiles_files_16_31_2.pt,0,valid
GigaPath_embeddings_LBC_valid/0/85f754fe-8760-404b-bedb-6d8ac74ced85_pyramid_tiles_files_16_32_21.pt,0,valid
GigaPath_embeddings_LBC_valid/0/85f754fe-8760-404b-bedb-6d8ac74ced85_pyramid_tiles_files_16_16_24.pt,0,valid
GigaPath_embeddings_LBC_valid/0/4b71df3c-6e36-4b86-86cd-403d470980d8_pyramid_tiles_files_16_35_14.pt,0,valid
GigaPath_embeddings_LBC_valid/0/4b71df3c-6e36-4b86-86cd-403d470980d8_pyramid_tiles_files_16_37_13.pt,0,valid
GigaPath_embeddings_LBC_valid/0/cbbb7a3f-b6d5-44d3-9eef-69757a914f2f_pyramid_tiles_files_16_7_8.pt,0,valid
GigaPath_embeddings_LBC_valid/0/4b71df3c-6e36-4b86-86cd-403d470980d8_pyramid_tiles_files_16_28_3.pt,0,valid
GigaPath_embeddings_LBC_valid/0/4b71df3c-6e36-4b86-86cd-403d470980d8_pyramid_tiles_files_16_9_26.pt,0,valid
GigaPath_embeddings_LBC_valid/0/3d2ea7da-d7a6-4b5a-8c3b-7ff4e99e614f_pyramid_tiles_files_16_13_9.pt,0,valid
GigaPath_embeddings_LBC_valid/0/2b545ce7-ebd8-4b3b-98fa-2f442d48bc5e_pyramid_tiles_files_16_34_38.pt,0,valid
GigaPath_embeddings_LBC_valid/0/4b71df3c-6e36-4b86-86cd-403d470980d8_pyramid_tiles_files_16_10_1.pt,0,valid
GigaPath_embeddings_LBC_valid/0/85f754fe-8760-404b-bedb-6d8ac74ced85_pyramid_tiles_files_16_15_13.pt,0,valid
GigaPath_embeddings_LBC_valid/0/cbbb7a3f-b6d5-44d3-9eef-69757a914f2f_pyramid_tiles_files_16_40_27.pt,0,valid
GigaPath_embeddings_LBC_valid/0/3d2ea7da-d7a6-4b5a-8c3b-7ff4e99e614f_pyramid_tiles_files_16_9_22.pt,0,valid
GigaPath_embeddings_LBC_valid/0/85f754fe-8760-404b-bedb-6d8ac74ced85_pyramid_tiles_files_16_27_3.pt,0,valid
GigaPath_embeddings_LBC_valid/0/cbbb7a3f-b6d5-44d3-9eef-69757a914f2f_pyramid_tiles_files_16_23_12.pt,0,valid
GigaPath_embeddings_LBC_valid/0/3d2ea7da-d7a6-4b5a-8c3b-7ff4e99e614f_pyramid_tiles_files_16_17_9.pt,0,valid
GigaPath_embeddings_LBC_valid/0/cbbb7a3f-b6d5-44d3-9eef-69757a914f2f_pyramid_tiles_files_16_4_32.pt,0,valid
GigaPath_embeddings_LBC_valid/0/85f754fe-8760-404b-bedb-6d8ac74ced85_pyramid_tiles_files_16_23_34.pt,0,valid
GigaPath_embeddings_LBC_valid/0/4b71df3c-6e36-4b86-86cd-403d470980d8_pyramid_tiles_files_16_5_10.pt,0,valid
GigaPath_embeddings_LBC_valid/0/85f754fe-8760-404b-bedb-6d8ac74ced85_pyramid_tiles_files_16_1_22.pt,0,valid
GigaPath_embeddings_LBC_valid/0/85f754fe-8760-404b-bedb-6d8ac74ced85_pyramid_tiles_files_16_34_20.pt,0,valid
GigaPath_embeddings_LBC_valid/0/4b71df3c-6e36-4b86-86cd-403d470980d8_pyramid_tiles_files_16_4_15.pt,0,valid
GigaPath_embeddings_LBC_valid/0/85f754fe-8760-404b-bedb-6d8ac74ced85_pyramid_tiles_files_16_25_11.pt,0,valid
GigaPath_embeddings_LBC_valid/0/85f754fe-8760-404b-bedb-6d8ac74ced85_pyramid_tiles_files_16_16_21.pt,0,valid
GigaPath_embeddings_LBC_valid/0/3d2ea7da-d7a6-4b5a-8c3b-7ff4e99e614f_pyramid_tiles_files_16_35_22.pt,0,valid
GigaPath_embeddings_LBC_valid/0/cbbb7a3f-b6d5-44d3-9eef-69757a914f2f_pyramid_tiles_files_16_15_36.pt,0,valid
GigaPath_embeddings_LBC_valid/0/3d2ea7da-d7a6-4b5a-8c3b-7ff4e99e614f_pyramid_tiles_files_16_23_5.pt,0,valid
GigaPath_embeddings_LBC_valid/0/4b71df3c-6e36-4b86-86cd-403d470980d8_pyramid_tiles_files_16_20_15.pt,0,valid
GigaPath_embeddings_LBC_valid/0/4b71df3c-6e36-4b86-86cd-403d470980d8_pyramid_tiles_files_16_18_16.pt,0,valid
GigaPath_embeddings_LBC_valid/0/cbbb7a3f-b6d5-44d3-9eef-69757a914f2f_pyramid_tiles_files_16_38_11.pt,0,valid
GigaPath_embeddings_LBC_valid/0/cbbb7a3f-b6d5-44d3-9eef-69757a914f2f_pyramid_tiles_files_16_11_24.pt,0,valid
GigaPath_embeddings_LBC_valid/0/85f754fe-8760-404b-bedb-6d8ac74ced85_pyramid_tiles_files_16_30_16.pt,0,valid
GigaPath_embeddings_LBC_valid/0/2b545ce7-ebd8-4b3b-98fa-2f442d48bc5e_pyramid_tiles_files_16_14_10.pt,0,valid
GigaPath_embeddings_LBC_valid/0/cbbb7a3f-b6d5-44d3-9eef-69757a914f2f_pyramid_tiles_files_16_20_26.pt,0,valid
GigaPath_embeddings_LBC_valid/0/2b545ce7-ebd8-4b3b-98fa-2f442d48bc5e_pyramid_tiles_files_16_25_47.pt,0,valid
GigaPath_embeddings_LBC_valid/0/3d2ea7da-d7a6-4b5a-8c3b-7ff4e99e614f_pyramid_tiles_files_16_30_17.pt,0,valid
GigaPath_embeddings_LBC_valid/0/85f754fe-8760-404b-bedb-6d8ac74ced85_pyramid_tiles_files_16_26_26.pt,0,valid
GigaPath_embeddings_LBC_valid/0/2b545ce7-ebd8-4b3b-98fa-2f442d48bc5e_pyramid_tiles_files_16_4_19.pt,0,valid
GigaPath_embeddings_LBC_valid/0/4b71df3c-6e36-4b86-86cd-403d470980d8_pyramid_tiles_files_16_28_14.pt,0,valid
GigaPath_embeddings_LBC_valid/0/cbbb7a3f-b6d5-44d3-9eef-69757a914f2f_pyramid_tiles_files_16_4_18.pt,0,valid
GigaPath_embeddings_LBC_valid/0/cbbb7a3f-b6d5-44d3-9eef-69757a914f2f_pyramid_tiles_files_16_32_20.pt,0,valid
GigaPath_embeddings_LBC_valid/0/4b71df3c-6e36-4b86-86cd-403d470980d8_pyramid_tiles_files_16_16_32.pt,0,valid
GigaPath_embeddings_LBC_valid/0/85f754fe-8760-404b-bedb-6d8ac74ced85_pyramid_tiles_files_16_14_0.pt,0,valid
GigaPath_embeddings_LBC_valid/0/cbbb7a3f-b6d5-44d3-9eef-69757a914f2f_pyramid_tiles_files_16_22_9.pt,0,valid
GigaPath_embeddings_LBC_valid/0/4b71df3c-6e36-4b86-86cd-403d470980d8_pyramid_tiles_files_16_32_4.pt,0,valid
GigaPath_embeddings_LBC_valid/0/85f754fe-8760-404b-bedb-6d8ac74ced85_pyramid_tiles_files_16_31_6.pt,0,valid
GigaPath_embeddings_LBC_valid/0/cbbb7a3f-b6d5-44d3-9eef-69757a914f2f_pyramid_tiles_files_16_28_33.pt,0,valid
GigaPath_embeddings_LBC_valid/0/4b71df3c-6e36-4b86-86cd-403d470980d8_pyramid_tiles_files_16_16_21.pt,0,valid
GigaPath_embeddings_LBC_valid/0/cbbb7a3f-b6d5-44d3-9eef-69757a914f2f_pyramid_tiles_files_16_30_38.pt,0,valid
GigaPath_embeddings_LBC_valid/0/cbbb7a3f-b6d5-44d3-9eef-69757a914f2f_pyramid_tiles_files_16_17_8.pt,0,valid
GigaPath_embeddings_LBC_valid/0/2b545ce7-ebd8-4b3b-98fa-2f442d48bc5e_pyramid_tiles_files_16_9_23.pt,0,valid
GigaPath_embeddings_LBC_valid/0/3d2ea7da-d7a6-4b5a-8c3b-7ff4e99e614f_pyramid_tiles_files_16_1_13.pt,0,valid
GigaPath_embeddings_LBC_valid/0/2b545ce7-ebd8-4b3b-98fa-2f442d48bc5e_pyramid_tiles_files_16_35_35.pt,0,valid
GigaPath_embeddings_LBC_valid/0/cbbb7a3f-b6d5-44d3-9eef-69757a914f2f_pyramid_tiles_files_16_33_34.pt,0,valid
GigaPath_embeddings_LBC_valid/0/85f754fe-8760-404b-bedb-6d8ac74ced85_pyramid_tiles_files_16_30_7.pt,0,valid
GigaPath_embeddings_LBC_valid/0/cbbb7a3f-b6d5-44d3-9eef-69757a914f2f_pyramid_tiles_files_16_4_34.pt,0,valid
GigaPath_embeddings_LBC_valid/0/4b71df3c-6e36-4b86-86cd-403d470980d8_pyramid_tiles_files_16_39_5.pt,0,valid
GigaPath_embeddings_LBC_valid/0/cbbb7a3f-b6d5-44d3-9eef-69757a914f2f_pyramid_tiles_files_16_11_12.pt,0,valid
GigaPath_embeddings_LBC_valid/0/2b545ce7-ebd8-4b3b-98fa-2f442d48bc5e_pyramid_tiles_files_16_15_41.pt,0,valid
GigaPath_embeddings_LBC_valid/0/85f754fe-8760-404b-bedb-6d8ac74ced85_pyramid_tiles_files_16_17_18.pt,0,valid
GigaPath_embeddings_LBC_valid/0/4b71df3c-6e36-4b86-86cd-403d470980d8_pyramid_tiles_files_16_21_19.pt,0,valid
GigaPath_embeddings_LBC_valid/0/4b71df3c-6e36-4b86-86cd-403d470980d8_pyramid_tiles_files_16_4_14.pt,0,valid
GigaPath_embeddings_LBC_valid/0/2b545ce7-ebd8-4b3b-98fa-2f442d48bc5e_pyramid_tiles_files_16_11_12.pt,0,valid
GigaPath_embeddings_LBC_valid/0/cbbb7a3f-b6d5-44d3-9eef-69757a914f2f_pyramid_tiles_files_16_24_34.pt,0,valid
GigaPath_embeddings_LBC_valid/0/2b545ce7-ebd8-4b3b-98fa-2f442d48bc5e_pyramid_tiles_files_16_30_41.pt,0,valid
GigaPath_embeddings_LBC_valid/0/85f754fe-8760-404b-bedb-6d8ac74ced85_pyramid_tiles_files_16_3_12.pt,0,valid
GigaPath_embeddings_LBC_valid/0/2b545ce7-ebd8-4b3b-98fa-2f442d48bc5e_pyramid_tiles_files_16_20_44.pt,0,valid
GigaPath_embeddings_LBC_valid/0/4b71df3c-6e36-4b86-86cd-403d470980d8_pyramid_tiles_files_16_15_11.pt,0,valid
GigaPath_embeddings_LBC_valid/0/4b71df3c-6e36-4b86-86cd-403d470980d8_pyramid_tiles_files_16_35_7.pt,0,valid
GigaPath_embeddings_LBC_valid/0/85f754fe-8760-404b-bedb-6d8ac74ced85_pyramid_tiles_files_16_13_0.pt,0,valid
GigaPath_embeddings_LBC_valid/0/3d2ea7da-d7a6-4b5a-8c3b-7ff4e99e614f_pyramid_tiles_files_16_28_7.pt,0,valid
GigaPath_embeddings_LBC_valid/0/cbbb7a3f-b6d5-44d3-9eef-69757a914f2f_pyramid_tiles_files_16_5_29.pt,0,valid
GigaPath_embeddings_LBC_valid/0/cbbb7a3f-b6d5-44d3-9eef-69757a914f2f_pyramid_tiles_files_16_9_19.pt,0,valid
GigaPath_embeddings_LBC_valid/0/cbbb7a3f-b6d5-44d3-9eef-69757a914f2f_pyramid_tiles_files_16_23_5.pt,0,valid
GigaPath_embeddings_LBC_valid/0/3d2ea7da-d7a6-4b5a-8c3b-7ff4e99e614f_pyramid_tiles_files_16_16_15.pt,0,valid
GigaPath_embeddings_LBC_valid/0/85f754fe-8760-404b-bedb-6d8ac74ced85_pyramid_tiles_files_16_21_34.pt,0,valid
GigaPath_embeddings_LBC_valid/0/3d2ea7da-d7a6-4b5a-8c3b-7ff4e99e614f_pyramid_tiles_files_16_15_22.pt,0,valid
GigaPath_embeddings_LBC_valid/0/2b545ce7-ebd8-4b3b-98fa-2f442d48bc5e_pyramid_tiles_files_16_22_45.pt,0,valid
GigaPath_embeddings_LBC_valid/0/3d2ea7da-d7a6-4b5a-8c3b-7ff4e99e614f_pyramid_tiles_files_16_36_9.pt,0,valid
GigaPath_embeddings_LBC_valid/0/3d2ea7da-d7a6-4b5a-8c3b-7ff4e99e614f_pyramid_tiles_files_16_24_1.pt,0,valid
GigaPath_embeddings_LBC_valid/0/3d2ea7da-d7a6-4b5a-8c3b-7ff4e99e614f_pyramid_tiles_files_16_34_25.pt,0,valid
GigaPath_embeddings_LBC_valid/0/2b545ce7-ebd8-4b3b-98fa-2f442d48bc5e_pyramid_tiles_files_16_27_13.pt,0,valid
GigaPath_embeddings_LBC_valid/0/3d2ea7da-d7a6-4b5a-8c3b-7ff4e99e614f_pyramid_tiles_files_16_10_24.pt,0,valid
GigaPath_embeddings_LBC_valid/0/2b545ce7-ebd8-4b3b-98fa-2f442d48bc5e_pyramid_tiles_files_16_27_12.pt,0,valid
GigaPath_embeddings_LBC_valid/0/cbbb7a3f-b6d5-44d3-9eef-69757a914f2f_pyramid_tiles_files_16_19_28.pt,0,valid
GigaPath_embeddings_LBC_valid/0/3d2ea7da-d7a6-4b5a-8c3b-7ff4e99e614f_pyramid_tiles_files_16_15_34.pt,0,valid
GigaPath_embeddings_LBC_valid/0/cbbb7a3f-b6d5-44d3-9eef-69757a914f2f_pyramid_tiles_files_16_13_40.pt,0,valid
GigaPath_embeddings_LBC_valid/0/cbbb7a3f-b6d5-44d3-9eef-69757a914f2f_pyramid_tiles_files_16_16_22.pt,0,valid
GigaPath_embeddings_LBC_valid/0/4b71df3c-6e36-4b86-86cd-403d470980d8_pyramid_tiles_files_16_30_14.pt,0,valid
GigaPath_embeddings_LBC_valid/0/85f754fe-8760-404b-bedb-6d8ac74ced85_pyramid_tiles_files_16_17_34.pt,0,valid
GigaPath_embeddings_LBC_valid/0/4b71df3c-6e36-4b86-86cd-403d470980d8_pyramid_tiles_files_16_33_15.pt,0,valid
GigaPath_embeddings_LBC_valid/0/cbbb7a3f-b6d5-44d3-9eef-69757a914f2f_pyramid_tiles_files_16_5_15.pt,0,valid
GigaPath_embeddings_LBC_valid/0/85f754fe-8760-404b-bedb-6d8ac74ced85_pyramid_tiles_files_16_22_9.pt,0,valid
GigaPath_embeddings_LBC_valid/0/85f754fe-8760-404b-bedb-6d8ac74ced85_pyramid_tiles_files_16_33_25.pt,0,valid
GigaPath_embeddings_LBC_valid/0/cbbb7a3f-b6d5-44d3-9eef-69757a914f2f_pyramid_tiles_files_16_11_20.pt,0,valid
GigaPath_embeddings_LBC_valid/0/2b545ce7-ebd8-4b3b-98fa-2f442d48bc5e_pyramid_tiles_files_16_20_32.pt,0,valid
GigaPath_embeddings_LBC_valid/0/4b71df3c-6e36-4b86-86cd-403d470980d8_pyramid_tiles_files_16_33_14.pt,0,valid
GigaPath_embeddings_LBC_valid/0/cbbb7a3f-b6d5-44d3-9eef-69757a914f2f_pyramid_tiles_files_16_35_29.pt,0,valid
GigaPath_embeddings_LBC_valid/0/2b545ce7-ebd8-4b3b-98fa-2f442d48bc5e_pyramid_tiles_files_16_23_24.pt,0,valid
GigaPath_embeddings_LBC_valid/0/85f754fe-8760-404b-bedb-6d8ac74ced85_pyramid_tiles_files_16_16_1.pt,0,valid
GigaPath_embeddings_LBC_valid/0/3d2ea7da-d7a6-4b5a-8c3b-7ff4e99e614f_pyramid_tiles_files_16_13_13.pt,0,valid
GigaPath_embeddings_LBC_valid/0/3d2ea7da-d7a6-4b5a-8c3b-7ff4e99e614f_pyramid_tiles_files_16_24_17.pt,0,valid
GigaPath_embeddings_LBC_valid/0/3d2ea7da-d7a6-4b5a-8c3b-7ff4e99e614f_pyramid_tiles_files_16_32_27.pt,0,valid
GigaPath_embeddings_LBC_valid/0/2b545ce7-ebd8-4b3b-98fa-2f442d48bc5e_pyramid_tiles_files_16_1_19.pt,0,valid
GigaPath_embeddings_LBC_valid/0/cbbb7a3f-b6d5-44d3-9eef-69757a914f2f_pyramid_tiles_files_16_34_11.pt,0,valid
GigaPath_embeddings_LBC_valid/0/4b71df3c-6e36-4b86-86cd-403d470980d8_pyramid_tiles_files_16_14_37.pt,0,valid
GigaPath_embeddings_LBC_valid/0/85f754fe-8760-404b-bedb-6d8ac74ced85_pyramid_tiles_files_16_13_18.pt,0,valid
GigaPath_embeddings_LBC_valid/0/4b71df3c-6e36-4b86-86cd-403d470980d8_pyramid_tiles_files_16_26_12.pt,0,valid
GigaPath_embeddings_LBC_valid/0/3d2ea7da-d7a6-4b5a-8c3b-7ff4e99e614f_pyramid_tiles_files_16_12_24.pt,0,valid
GigaPath_embeddings_LBC_valid/0/85f754fe-8760-404b-bedb-6d8ac74ced85_pyramid_tiles_files_16_14_19.pt,0,valid
GigaPath_embeddings_LBC_valid/0/4b71df3c-6e36-4b86-86cd-403d470980d8_pyramid_tiles_files_16_24_13.pt,0,valid
GigaPath_embeddings_LBC_valid/0/2b545ce7-ebd8-4b3b-98fa-2f442d48bc5e_pyramid_tiles_files_16_13_45.pt,0,valid
GigaPath_embeddings_LBC_valid/0/cbbb7a3f-b6d5-44d3-9eef-69757a914f2f_pyramid_tiles_files_16_13_30.pt,0,valid
GigaPath_embeddings_LBC_valid/0/cbbb7a3f-b6d5-44d3-9eef-69757a914f2f_pyramid_tiles_files_16_17_24.pt,0,valid
GigaPath_embeddings_LBC_valid/0/2b545ce7-ebd8-4b3b-98fa-2f442d48bc5e_pyramid_tiles_files_16_11_36.pt,0,valid
GigaPath_embeddings_LBC_valid/0/4b71df3c-6e36-4b86-86cd-403d470980d8_pyramid_tiles_files_16_25_27.pt,0,valid
GigaPath_embeddings_LBC_valid/0/4b71df3c-6e36-4b86-86cd-403d470980d8_pyramid_tiles_files_16_11_30.pt,0,valid
GigaPath_embeddings_LBC_valid/0/85f754fe-8760-404b-bedb-6d8ac74ced85_pyramid_tiles_files_16_17_36.pt,0,valid
GigaPath_embeddings_LBC_valid/0/2b545ce7-ebd8-4b3b-98fa-2f442d48bc5e_pyramid_tiles_files_16_7_12.pt,0,valid
GigaPath_embeddings_LBC_valid/0/4b71df3c-6e36-4b86-86cd-403d470980d8_pyramid_tiles_files_16_15_29.pt,0,valid
GigaPath_embeddings_LBC_valid/0/85f754fe-8760-404b-bedb-6d8ac74ced85_pyramid_tiles_files_16_31_31.pt,0,valid
GigaPath_embeddings_LBC_valid/0/3d2ea7da-d7a6-4b5a-8c3b-7ff4e99e614f_pyramid_tiles_files_16_15_24.pt,0,valid
GigaPath_embeddings_LBC_valid/0/cbbb7a3f-b6d5-44d3-9eef-69757a914f2f_pyramid_tiles_files_16_22_39.pt,0,valid
GigaPath_embeddings_LBC_valid/0/4b71df3c-6e36-4b86-86cd-403d470980d8_pyramid_tiles_files_16_39_21.pt,0,valid
GigaPath_embeddings_LBC_valid/0/2b545ce7-ebd8-4b3b-98fa-2f442d48bc5e_pyramid_tiles_files_16_17_13.pt,0,valid
GigaPath_embeddings_LBC_valid/0/2b545ce7-ebd8-4b3b-98fa-2f442d48bc5e_pyramid_tiles_files_16_5_21.pt,0,valid
GigaPath_embeddings_LBC_valid/0/3d2ea7da-d7a6-4b5a-8c3b-7ff4e99e614f_pyramid_tiles_files_16_28_28.pt,0,valid
GigaPath_embeddings_LBC_valid/0/3d2ea7da-d7a6-4b5a-8c3b-7ff4e99e614f_pyramid_tiles_files_16_25_20.pt,0,valid
GigaPath_embeddings_LBC_valid/0/4b71df3c-6e36-4b86-86cd-403d470980d8_pyramid_tiles_files_16_8_8.pt,0,valid
GigaPath_embeddings_LBC_valid/0/85f754fe-8760-404b-bedb-6d8ac74ced85_pyramid_tiles_files_16_25_19.pt,0,valid
GigaPath_embeddings_LBC_valid/0/85f754fe-8760-404b-bedb-6d8ac74ced85_pyramid_tiles_files_16_5_14.pt,0,valid
GigaPath_embeddings_LBC_valid/0/85f754fe-8760-404b-bedb-6d8ac74ced85_pyramid_tiles_files_16_17_8.pt,0,valid
GigaPath_embeddings_LBC_valid/0/4b71df3c-6e36-4b86-86cd-403d470980d8_pyramid_tiles_files_16_38_5.pt,0,valid
GigaPath_embeddings_LBC_valid/0/cbbb7a3f-b6d5-44d3-9eef-69757a914f2f_pyramid_tiles_files_16_14_21.pt,0,valid
GigaPath_embeddings_LBC_valid/0/85f754fe-8760-404b-bedb-6d8ac74ced85_pyramid_tiles_files_16_7_9.pt,0,valid
GigaPath_embeddings_LBC_valid/0/cbbb7a3f-b6d5-44d3-9eef-69757a914f2f_pyramid_tiles_files_16_30_36.pt,0,valid
GigaPath_embeddings_LBC_valid/0/3d2ea7da-d7a6-4b5a-8c3b-7ff4e99e614f_pyramid_tiles_files_16_21_40.pt,0,valid
GigaPath_embeddings_LBC_valid/0/85f754fe-8760-404b-bedb-6d8ac74ced85_pyramid_tiles_files_16_34_27.pt,0,valid
GigaPath_embeddings_LBC_valid/0/cbbb7a3f-b6d5-44d3-9eef-69757a914f2f_pyramid_tiles_files_16_19_18.pt,0,valid
GigaPath_embeddings_LBC_valid/0/2b545ce7-ebd8-4b3b-98fa-2f442d48bc5e_pyramid_tiles_files_16_16_26.pt,0,valid
GigaPath_embeddings_LBC_valid/0/cbbb7a3f-b6d5-44d3-9eef-69757a914f2f_pyramid_tiles_files_16_4_25.pt,0,valid
GigaPath_embeddings_LBC_valid/0/3d2ea7da-d7a6-4b5a-8c3b-7ff4e99e614f_pyramid_tiles_files_16_18_3.pt,0,valid
GigaPath_embeddings_LBC_valid/0/2b545ce7-ebd8-4b3b-98fa-2f442d48bc5e_pyramid_tiles_files_16_25_44.pt,0,valid
GigaPath_embeddings_LBC_valid/0/85f754fe-8760-404b-bedb-6d8ac74ced85_pyramid_tiles_files_16_29_2.pt,0,valid
GigaPath_embeddings_LBC_valid/0/3d2ea7da-d7a6-4b5a-8c3b-7ff4e99e614f_pyramid_tiles_files_16_25_6.pt,0,valid
GigaPath_embeddings_LBC_valid/0/4b71df3c-6e36-4b86-86cd-403d470980d8_pyramid_tiles_files_16_15_9.pt,0,valid
GigaPath_embeddings_LBC_valid/0/2b545ce7-ebd8-4b3b-98fa-2f442d48bc5e_pyramid_tiles_files_16_10_20.pt,0,valid
GigaPath_embeddings_LBC_valid/0/3d2ea7da-d7a6-4b5a-8c3b-7ff4e99e614f_pyramid_tiles_files_16_29_38.pt,0,valid
GigaPath_embeddings_LBC_valid/0/cbbb7a3f-b6d5-44d3-9eef-69757a914f2f_pyramid_tiles_files_16_18_9.pt,0,valid
GigaPath_embeddings_LBC_valid/0/85f754fe-8760-404b-bedb-6d8ac74ced85_pyramid_tiles_files_16_19_8.pt,0,valid
GigaPath_embeddings_LBC_valid/0/85f754fe-8760-404b-bedb-6d8ac74ced85_pyramid_tiles_files_16_18_26.pt,0,valid
GigaPath_embeddings_LBC_valid/0/85f754fe-8760-404b-bedb-6d8ac74ced85_pyramid_tiles_files_16_26_25.pt,0,valid
GigaPath_embeddings_LBC_valid/0/85f754fe-8760-404b-bedb-6d8ac74ced85_pyramid_tiles_files_16_9_25.pt,0,valid
GigaPath_embeddings_LBC_valid/0/4b71df3c-6e36-4b86-86cd-403d470980d8_pyramid_tiles_files_16_39_18.pt,0,valid
GigaPath_embeddings_LBC_valid/0/3d2ea7da-d7a6-4b5a-8c3b-7ff4e99e614f_pyramid_tiles_files_16_5_13.pt,0,valid
GigaPath_embeddings_LBC_valid/0/cbbb7a3f-b6d5-44d3-9eef-69757a914f2f_pyramid_tiles_files_16_32_29.pt,0,valid
GigaPath_embeddings_LBC_valid/0/cbbb7a3f-b6d5-44d3-9eef-69757a914f2f_pyramid_tiles_files_16_33_25.pt,0,valid
GigaPath_embeddings_LBC_valid/0/3d2ea7da-d7a6-4b5a-8c3b-7ff4e99e614f_pyramid_tiles_files_16_24_38.pt,0,valid
GigaPath_embeddings_LBC_valid/0/3d2ea7da-d7a6-4b5a-8c3b-7ff4e99e614f_pyramid_tiles_files_16_29_30.pt,0,valid
GigaPath_embeddings_LBC_valid/0/cbbb7a3f-b6d5-44d3-9eef-69757a914f2f_pyramid_tiles_files_16_21_31.pt,0,valid
GigaPath_embeddings_LBC_valid/0/3d2ea7da-d7a6-4b5a-8c3b-7ff4e99e614f_pyramid_tiles_files_16_34_10.pt,0,valid
GigaPath_embeddings_LBC_valid/0/3d2ea7da-d7a6-4b5a-8c3b-7ff4e99e614f_pyramid_tiles_files_16_21_25.pt,0,valid
GigaPath_embeddings_LBC_valid/0/85f754fe-8760-404b-bedb-6d8ac74ced85_pyramid_tiles_files_16_27_16.pt,0,valid
GigaPath_embeddings_LBC_valid/0/2b545ce7-ebd8-4b3b-98fa-2f442d48bc5e_pyramid_tiles_files_16_10_30.pt,0,valid
GigaPath_embeddings_LBC_valid/0/85f754fe-8760-404b-bedb-6d8ac74ced85_pyramid_tiles_files_16_24_18.pt,0,valid
GigaPath_embeddings_LBC_valid/0/2b545ce7-ebd8-4b3b-98fa-2f442d48bc5e_pyramid_tiles_files_16_33_41.pt,0,valid
GigaPath_embeddings_LBC_valid/0/cbbb7a3f-b6d5-44d3-9eef-69757a914f2f_pyramid_tiles_files_16_29_37.pt,0,valid
GigaPath_embeddings_LBC_valid/0/2b545ce7-ebd8-4b3b-98fa-2f442d48bc5e_pyramid_tiles_files_16_16_33.pt,0,valid
GigaPath_embeddings_LBC_valid/0/3d2ea7da-d7a6-4b5a-8c3b-7ff4e99e614f_pyramid_tiles_files_16_8_12.pt,0,valid
GigaPath_embeddings_LBC_valid/0/3d2ea7da-d7a6-4b5a-8c3b-7ff4e99e614f_pyramid_tiles_files_16_24_5.pt,0,valid
GigaPath_embeddings_LBC_valid/0/4b71df3c-6e36-4b86-86cd-403d470980d8_pyramid_tiles_files_16_3_10.pt,0,valid
GigaPath_embeddings_LBC_valid/0/cbbb7a3f-b6d5-44d3-9eef-69757a914f2f_pyramid_tiles_files_16_7_22.pt,0,valid
GigaPath_embeddings_LBC_valid/0/4b71df3c-6e36-4b86-86cd-403d470980d8_pyramid_tiles_files_16_39_29.pt,0,valid
GigaPath_embeddings_LBC_valid/0/85f754fe-8760-404b-bedb-6d8ac74ced85_pyramid_tiles_files_16_14_23.pt,0,valid
GigaPath_embeddings_LBC_valid/0/4b71df3c-6e36-4b86-86cd-403d470980d8_pyramid_tiles_files_16_10_3.pt,0,valid
GigaPath_embeddings_LBC_valid/0/85f754fe-8760-404b-bedb-6d8ac74ced85_pyramid_tiles_files_16_29_18.pt,0,valid
GigaPath_embeddings_LBC_valid/0/4b71df3c-6e36-4b86-86cd-403d470980d8_pyramid_tiles_files_16_9_14.pt,0,valid
GigaPath_embeddings_LBC_valid/0/2b545ce7-ebd8-4b3b-98fa-2f442d48bc5e_pyramid_tiles_files_16_20_16.pt,0,valid
GigaPath_embeddings_LBC_valid/0/3d2ea7da-d7a6-4b5a-8c3b-7ff4e99e614f_pyramid_tiles_files_16_28_6.pt,0,valid
GigaPath_embeddings_LBC_valid/0/4b71df3c-6e36-4b86-86cd-403d470980d8_pyramid_tiles_files_16_3_16.pt,0,valid
GigaPath_embeddings_LBC_valid/0/85f754fe-8760-404b-bedb-6d8ac74ced85_pyramid_tiles_files_16_29_10.pt,0,valid
GigaPath_embeddings_LBC_valid/0/2b545ce7-ebd8-4b3b-98fa-2f442d48bc5e_pyramid_tiles_files_16_13_40.pt,0,valid
GigaPath_embeddings_LBC_valid/0/cbbb7a3f-b6d5-44d3-9eef-69757a914f2f_pyramid_tiles_files_16_0_24.pt,0,valid
GigaPath_embeddings_LBC_valid/0/2b545ce7-ebd8-4b3b-98fa-2f442d48bc5e_pyramid_tiles_files_16_24_45.pt,0,valid
GigaPath_embeddings_LBC_valid/0/4b71df3c-6e36-4b86-86cd-403d470980d8_pyramid_tiles_files_16_34_1.pt,0,valid
GigaPath_embeddings_LBC_valid/0/4b71df3c-6e36-4b86-86cd-403d470980d8_pyramid_tiles_files_16_18_26.pt,0,valid
GigaPath_embeddings_LBC_valid/0/4b71df3c-6e36-4b86-86cd-403d470980d8_pyramid_tiles_files_16_19_36.pt,0,valid
GigaPath_embeddings_LBC_valid/0/cbbb7a3f-b6d5-44d3-9eef-69757a914f2f_pyramid_tiles_files_16_28_39.pt,0,valid
GigaPath_embeddings_LBC_valid/0/4b71df3c-6e36-4b86-86cd-403d470980d8_pyramid_tiles_files_16_27_19.pt,0,valid
GigaPath_embeddings_LBC_valid/0/3d2ea7da-d7a6-4b5a-8c3b-7ff4e99e614f_pyramid_tiles_files_16_9_21.pt,0,valid
GigaPath_embeddings_LBC_valid/0/2b545ce7-ebd8-4b3b-98fa-2f442d48bc5e_pyramid_tiles_files_16_23_37.pt,0,valid
GigaPath_embeddings_LBC_valid/0/3d2ea7da-d7a6-4b5a-8c3b-7ff4e99e614f_pyramid_tiles_files_16_32_3.pt,0,valid
GigaPath_embeddings_LBC_valid/0/2b545ce7-ebd8-4b3b-98fa-2f442d48bc5e_pyramid_tiles_files_16_1_20.pt,0,valid
GigaPath_embeddings_LBC_valid/0/cbbb7a3f-b6d5-44d3-9eef-69757a914f2f_pyramid_tiles_files_16_7_11.pt,0,valid
GigaPath_embeddings_LBC_valid/0/4b71df3c-6e36-4b86-86cd-403d470980d8_pyramid_tiles_files_16_25_14.pt,0,valid
GigaPath_embeddings_LBC_valid/0/85f754fe-8760-404b-bedb-6d8ac74ced85_pyramid_tiles_files_16_19_35.pt,0,valid
GigaPath_embeddings_LBC_valid/0/4b71df3c-6e36-4b86-86cd-403d470980d8_pyramid_tiles_files_16_7_16.pt,0,valid
GigaPath_embeddings_LBC_valid/0/85f754fe-8760-404b-bedb-6d8ac74ced85_pyramid_tiles_files_16_25_5.pt,0,valid
GigaPath_embeddings_LBC_valid/0/2b545ce7-ebd8-4b3b-98fa-2f442d48bc5e_pyramid_tiles_files_16_22_47.pt,0,valid
GigaPath_embeddings_LBC_valid/0/4b71df3c-6e36-4b86-86cd-403d470980d8_pyramid_tiles_files_16_8_5.pt,0,valid
GigaPath_embeddings_LBC_valid/0/2b545ce7-ebd8-4b3b-98fa-2f442d48bc5e_pyramid_tiles_files_16_20_9.pt,0,valid
GigaPath_embeddings_LBC_valid/0/cbbb7a3f-b6d5-44d3-9eef-69757a914f2f_pyramid_tiles_files_16_37_23.pt,0,valid
GigaPath_embeddings_LBC_valid/0/4b71df3c-6e36-4b86-86cd-403d470980d8_pyramid_tiles_files_16_18_0.pt,0,valid
GigaPath_embeddings_LBC_valid/0/cbbb7a3f-b6d5-44d3-9eef-69757a914f2f_pyramid_tiles_files_16_8_21.pt,0,valid
GigaPath_embeddings_LBC_valid/0/4b71df3c-6e36-4b86-86cd-403d470980d8_pyramid_tiles_files_16_22_4.pt,0,valid
GigaPath_embeddings_LBC_valid/0/85f754fe-8760-404b-bedb-6d8ac74ced85_pyramid_tiles_files_16_35_10.pt,0,valid
GigaPath_embeddings_LBC_valid/0/4b71df3c-6e36-4b86-86cd-403d470980d8_pyramid_tiles_files_16_21_31.pt,0,valid
GigaPath_embeddings_LBC_valid/0/3d2ea7da-d7a6-4b5a-8c3b-7ff4e99e614f_pyramid_tiles_files_16_35_28.pt,0,valid
GigaPath_embeddings_LBC_valid/0/2b545ce7-ebd8-4b3b-98fa-2f442d48bc5e_pyramid_tiles_files_16_12_15.pt,0,valid
GigaPath_embeddings_LBC_valid/0/85f754fe-8760-404b-bedb-6d8ac74ced85_pyramid_tiles_files_16_30_10.pt,0,valid
GigaPath_embeddings_LBC_valid/0/85f754fe-8760-404b-bedb-6d8ac74ced85_pyramid_tiles_files_16_6_32.pt,0,valid
GigaPath_embeddings_LBC_valid/0/cbbb7a3f-b6d5-44d3-9eef-69757a914f2f_pyramid_tiles_files_16_5_21.pt,0,valid
GigaPath_embeddings_LBC_valid/0/2b545ce7-ebd8-4b3b-98fa-2f442d48bc5e_pyramid_tiles_files_16_29_40.pt,0,valid
GigaPath_embeddings_LBC_valid/0/85f754fe-8760-404b-bedb-6d8ac74ced85_pyramid_tiles_files_16_8_19.pt,0,valid
GigaPath_embeddings_LBC_valid/0/3d2ea7da-d7a6-4b5a-8c3b-7ff4e99e614f_pyramid_tiles_files_16_29_25.pt,0,valid
GigaPath_embeddings_LBC_valid/0/4b71df3c-6e36-4b86-86cd-403d470980d8_pyramid_tiles_files_16_2_18.pt,0,valid
GigaPath_embeddings_LBC_valid/0/cbbb7a3f-b6d5-44d3-9eef-69757a914f2f_pyramid_tiles_files_16_15_12.pt,0,valid
GigaPath_embeddings_LBC_valid/0/2b545ce7-ebd8-4b3b-98fa-2f442d48bc5e_pyramid_tiles_files_16_15_18.pt,0,valid
GigaPath_embeddings_LBC_valid/0/2b545ce7-ebd8-4b3b-98fa-2f442d48bc5e_pyramid_tiles_files_16_23_46.pt,0,valid
GigaPath_embeddings_LBC_valid/0/cbbb7a3f-b6d5-44d3-9eef-69757a914f2f_pyramid_tiles_files_16_0_21.pt,0,valid
GigaPath_embeddings_LBC_valid/0/85f754fe-8760-404b-bedb-6d8ac74ced85_pyramid_tiles_files_16_7_11.pt,0,valid
GigaPath_embeddings_LBC_valid/0/2b545ce7-ebd8-4b3b-98fa-2f442d48bc5e_pyramid_tiles_files_16_32_22.pt,0,valid
GigaPath_embeddings_LBC_valid/0/3d2ea7da-d7a6-4b5a-8c3b-7ff4e99e614f_pyramid_tiles_files_16_22_41.pt,0,valid
GigaPath_embeddings_LBC_valid/0/3d2ea7da-d7a6-4b5a-8c3b-7ff4e99e614f_pyramid_tiles_files_16_15_16.pt,0,valid
GigaPath_embeddings_LBC_valid/0/cbbb7a3f-b6d5-44d3-9eef-69757a914f2f_pyramid_tiles_files_16_12_16.pt,0,valid
GigaPath_embeddings_LBC_valid/0/2b545ce7-ebd8-4b3b-98fa-2f442d48bc5e_pyramid_tiles_files_16_26_33.pt,0,valid
GigaPath_embeddings_LBC_valid/0/4b71df3c-6e36-4b86-86cd-403d470980d8_pyramid_tiles_files_16_34_12.pt,0,valid
GigaPath_embeddings_LBC_valid/0/cbbb7a3f-b6d5-44d3-9eef-69757a914f2f_pyramid_tiles_files_16_11_35.pt,0,valid
GigaPath_embeddings_LBC_valid/0/85f754fe-8760-404b-bedb-6d8ac74ced85_pyramid_tiles_files_16_3_14.pt,0,valid
GigaPath_embeddings_LBC_valid/0/cbbb7a3f-b6d5-44d3-9eef-69757a914f2f_pyramid_tiles_files_16_18_37.pt,0,valid
GigaPath_embeddings_LBC_valid/0/4b71df3c-6e36-4b86-86cd-403d470980d8_pyramid_tiles_files_16_26_8.pt,0,valid
GigaPath_embeddings_LBC_valid/0/4b71df3c-6e36-4b86-86cd-403d470980d8_pyramid_tiles_files_16_21_16.pt,0,valid
GigaPath_embeddings_LBC_valid/0/cbbb7a3f-b6d5-44d3-9eef-69757a914f2f_pyramid_tiles_files_16_33_33.pt,0,valid
GigaPath_embeddings_LBC_valid/0/3d2ea7da-d7a6-4b5a-8c3b-7ff4e99e614f_pyramid_tiles_files_16_17_26.pt,0,valid
GigaPath_embeddings_LBC_valid/0/2b545ce7-ebd8-4b3b-98fa-2f442d48bc5e_pyramid_tiles_files_16_5_16.pt,0,valid
GigaPath_embeddings_LBC_valid/0/85f754fe-8760-404b-bedb-6d8ac74ced85_pyramid_tiles_files_16_34_5.pt,0,valid
GigaPath_embeddings_LBC_valid/0/2b545ce7-ebd8-4b3b-98fa-2f442d48bc5e_pyramid_tiles_files_16_35_26.pt,0,valid
GigaPath_embeddings_LBC_valid/0/2b545ce7-ebd8-4b3b-98fa-2f442d48bc5e_pyramid_tiles_files_16_14_13.pt,0,valid
GigaPath_embeddings_LBC_valid/0/3d2ea7da-d7a6-4b5a-8c3b-7ff4e99e614f_pyramid_tiles_files_16_29_26.pt,0,valid
GigaPath_embeddings_LBC_valid/0/3d2ea7da-d7a6-4b5a-8c3b-7ff4e99e614f_pyramid_tiles_files_16_24_27.pt,0,valid
GigaPath_embeddings_LBC_valid/0/4b71df3c-6e36-4b86-86cd-403d470980d8_pyramid_tiles_files_16_4_13.pt,0,valid
GigaPath_embeddings_LBC_valid/0/85f754fe-8760-404b-bedb-6d8ac74ced85_pyramid_tiles_files_16_33_9.pt,0,valid
GigaPath_embeddings_LBC_valid/0/cbbb7a3f-b6d5-44d3-9eef-69757a914f2f_pyramid_tiles_files_16_36_30.pt,0,valid
GigaPath_embeddings_LBC_valid/0/3d2ea7da-d7a6-4b5a-8c3b-7ff4e99e614f_pyramid_tiles_files_16_25_26.pt,0,valid
GigaPath_embeddings_LBC_valid/0/4b71df3c-6e36-4b86-86cd-403d470980d8_pyramid_tiles_files_16_36_2.pt,0,valid
GigaPath_embeddings_LBC_valid/0/4b71df3c-6e36-4b86-86cd-403d470980d8_pyramid_tiles_files_16_31_24.pt,0,valid
GigaPath_embeddings_LBC_valid/0/cbbb7a3f-b6d5-44d3-9eef-69757a914f2f_pyramid_tiles_files_16_22_1.pt,0,valid
GigaPath_embeddings_LBC_valid/0/4b71df3c-6e36-4b86-86cd-403d470980d8_pyramid_tiles_files_16_20_36.pt,0,valid
GigaPath_embeddings_LBC_valid/0/2b545ce7-ebd8-4b3b-98fa-2f442d48bc5e_pyramid_tiles_files_16_30_42.pt,0,valid
GigaPath_embeddings_LBC_valid/0/3d2ea7da-d7a6-4b5a-8c3b-7ff4e99e614f_pyramid_tiles_files_16_25_15.pt,0,valid
GigaPath_embeddings_LBC_valid/0/3d2ea7da-d7a6-4b5a-8c3b-7ff4e99e614f_pyramid_tiles_files_16_22_1.pt,0,valid
GigaPath_embeddings_LBC_valid/0/cbbb7a3f-b6d5-44d3-9eef-69757a914f2f_pyramid_tiles_files_16_35_13.pt,0,valid
GigaPath_embeddings_LBC_valid/0/85f754fe-8760-404b-bedb-6d8ac74ced85_pyramid_tiles_files_16_5_27.pt,0,valid
GigaPath_embeddings_LBC_valid/0/4b71df3c-6e36-4b86-86cd-403d470980d8_pyramid_tiles_files_16_28_33.pt,0,valid
GigaPath_embeddings_LBC_valid/0/85f754fe-8760-404b-bedb-6d8ac74ced85_pyramid_tiles_files_16_19_1.pt,0,valid
GigaPath_embeddings_LBC_valid/0/4b71df3c-6e36-4b86-86cd-403d470980d8_pyramid_tiles_files_16_15_36.pt,0,valid
GigaPath_embeddings_LBC_valid/0/3d2ea7da-d7a6-4b5a-8c3b-7ff4e99e614f_pyramid_tiles_files_16_23_11.pt,0,valid
GigaPath_embeddings_LBC_valid/0/cbbb7a3f-b6d5-44d3-9eef-69757a914f2f_pyramid_tiles_files_16_33_31.pt,0,valid
GigaPath_embeddings_LBC_valid/0/3d2ea7da-d7a6-4b5a-8c3b-7ff4e99e614f_pyramid_tiles_files_16_2_16.pt,0,valid
GigaPath_embeddings_LBC_valid/0/3d2ea7da-d7a6-4b5a-8c3b-7ff4e99e614f_pyramid_tiles_files_16_0_23.pt,0,valid
GigaPath_embeddings_LBC_valid/0/3d2ea7da-d7a6-4b5a-8c3b-7ff4e99e614f_pyramid_tiles_files_16_4_17.pt,0,valid
GigaPath_embeddings_LBC_valid/0/4b71df3c-6e36-4b86-86cd-403d470980d8_pyramid_tiles_files_16_33_26.pt,0,valid
GigaPath_embeddings_LBC_valid/0/cbbb7a3f-b6d5-44d3-9eef-69757a914f2f_pyramid_tiles_files_16_14_13.pt,0,valid
GigaPath_embeddings_LBC_valid/0/4b71df3c-6e36-4b86-86cd-403d470980d8_pyramid_tiles_files_16_22_32.pt,0,valid
GigaPath_embeddings_LBC_valid/0/cbbb7a3f-b6d5-44d3-9eef-69757a914f2f_pyramid_tiles_files_16_36_8.pt,0,valid
GigaPath_embeddings_LBC_valid/0/85f754fe-8760-404b-bedb-6d8ac74ced85_pyramid_tiles_files_16_36_17.pt,0,valid
GigaPath_embeddings_LBC_valid/0/85f754fe-8760-404b-bedb-6d8ac74ced85_pyramid_tiles_files_16_28_13.pt,0,valid
GigaPath_embeddings_LBC_valid/0/4b71df3c-6e36-4b86-86cd-403d470980d8_pyramid_tiles_files_16_40_6.pt,0,valid
GigaPath_embeddings_LBC_valid/0/85f754fe-8760-404b-bedb-6d8ac74ced85_pyramid_tiles_files_16_32_31.pt,0,valid
GigaPath_embeddings_LBC_valid/0/2b545ce7-ebd8-4b3b-98fa-2f442d48bc5e_pyramid_tiles_files_16_22_28.pt,0,valid
GigaPath_embeddings_LBC_valid/0/cbbb7a3f-b6d5-44d3-9eef-69757a914f2f_pyramid_tiles_files_16_8_22.pt,0,valid
GigaPath_embeddings_LBC_valid/0/cbbb7a3f-b6d5-44d3-9eef-69757a914f2f_pyramid_tiles_files_16_22_34.pt,0,valid
GigaPath_embeddings_LBC_valid/0/4b71df3c-6e36-4b86-86cd-403d470980d8_pyramid_tiles_files_16_29_23.pt,0,valid
GigaPath_embeddings_LBC_valid/0/4b71df3c-6e36-4b86-86cd-403d470980d8_pyramid_tiles_files_16_12_22.pt,0,valid
GigaPath_embeddings_LBC_valid/0/3d2ea7da-d7a6-4b5a-8c3b-7ff4e99e614f_pyramid_tiles_files_16_16_39.pt,0,valid
GigaPath_embeddings_LBC_valid/0/85f754fe-8760-404b-bedb-6d8ac74ced85_pyramid_tiles_files_16_7_24.pt,0,valid
GigaPath_embeddings_LBC_valid/0/2b545ce7-ebd8-4b3b-98fa-2f442d48bc5e_pyramid_tiles_files_16_17_47.pt,0,valid
GigaPath_embeddings_LBC_valid/0/cbbb7a3f-b6d5-44d3-9eef-69757a914f2f_pyramid_tiles_files_16_0_23.pt,0,valid
GigaPath_embeddings_LBC_valid/0/3d2ea7da-d7a6-4b5a-8c3b-7ff4e99e614f_pyramid_tiles_files_16_25_12.pt,0,valid
GigaPath_embeddings_LBC_valid/0/4b71df3c-6e36-4b86-86cd-403d470980d8_pyramid_tiles_files_16_11_20.pt,0,valid
GigaPath_embeddings_LBC_valid/0/cbbb7a3f-b6d5-44d3-9eef-69757a914f2f_pyramid_tiles_files_16_24_9.pt,0,valid
GigaPath_embeddings_LBC_valid/0/cbbb7a3f-b6d5-44d3-9eef-69757a914f2f_pyramid_tiles_files_16_7_20.pt,0,valid
GigaPath_embeddings_LBC_valid/0/3d2ea7da-d7a6-4b5a-8c3b-7ff4e99e614f_pyramid_tiles_files_16_39_23.pt,0,valid
GigaPath_embeddings_LBC_valid/0/cbbb7a3f-b6d5-44d3-9eef-69757a914f2f_pyramid_tiles_files_16_9_23.pt,0,valid
GigaPath_embeddings_LBC_valid/0/cbbb7a3f-b6d5-44d3-9eef-69757a914f2f_pyramid_tiles_files_16_8_27.pt,0,valid
GigaPath_embeddings_LBC_valid/0/85f754fe-8760-404b-bedb-6d8ac74ced85_pyramid_tiles_files_16_15_6.pt,0,valid
GigaPath_embeddings_LBC_valid/0/3d2ea7da-d7a6-4b5a-8c3b-7ff4e99e614f_pyramid_tiles_files_16_26_39.pt,0,valid
GigaPath_embeddings_LBC_valid/0/2b545ce7-ebd8-4b3b-98fa-2f442d48bc5e_pyramid_tiles_files_16_8_16.pt,0,valid
GigaPath_embeddings_LBC_valid/0/2b545ce7-ebd8-4b3b-98fa-2f442d48bc5e_pyramid_tiles_files_16_30_37.pt,0,valid
GigaPath_embeddings_LBC_valid/0/85f754fe-8760-404b-bedb-6d8ac74ced85_pyramid_tiles_files_16_17_1.pt,0,valid
GigaPath_embeddings_LBC_valid/0/2b545ce7-ebd8-4b3b-98fa-2f442d48bc5e_pyramid_tiles_files_16_11_30.pt,0,valid
GigaPath_embeddings_LBC_valid/0/3d2ea7da-d7a6-4b5a-8c3b-7ff4e99e614f_pyramid_tiles_files_16_8_29.pt,0,valid
GigaPath_embeddings_LBC_valid/0/4b71df3c-6e36-4b86-86cd-403d470980d8_pyramid_tiles_files_16_12_17.pt,0,valid
GigaPath_embeddings_LBC_valid/0/2b545ce7-ebd8-4b3b-98fa-2f442d48bc5e_pyramid_tiles_files_16_28_26.pt,0,valid
GigaPath_embeddings_LBC_valid/0/cbbb7a3f-b6d5-44d3-9eef-69757a914f2f_pyramid_tiles_files_16_2_26.pt,0,valid
GigaPath_embeddings_LBC_valid/0/2b545ce7-ebd8-4b3b-98fa-2f442d48bc5e_pyramid_tiles_files_16_19_22.pt,0,valid
GigaPath_embeddings_LBC_valid/0/4b71df3c-6e36-4b86-86cd-403d470980d8_pyramid_tiles_files_16_12_21.pt,0,valid
GigaPath_embeddings_LBC_valid/0/4b71df3c-6e36-4b86-86cd-403d470980d8_pyramid_tiles_files_16_6_21.pt,0,valid
GigaPath_embeddings_LBC_valid/0/4b71df3c-6e36-4b86-86cd-403d470980d8_pyramid_tiles_files_16_35_17.pt,0,valid
GigaPath_embeddings_LBC_valid/0/cbbb7a3f-b6d5-44d3-9eef-69757a914f2f_pyramid_tiles_files_16_21_34.pt,0,valid
GigaPath_embeddings_LBC_valid/0/3d2ea7da-d7a6-4b5a-8c3b-7ff4e99e614f_pyramid_tiles_files_16_4_12.pt,0,valid
GigaPath_embeddings_LBC_valid/0/2b545ce7-ebd8-4b3b-98fa-2f442d48bc5e_pyramid_tiles_files_16_24_26.pt,0,valid
GigaPath_embeddings_LBC_valid/0/3d2ea7da-d7a6-4b5a-8c3b-7ff4e99e614f_pyramid_tiles_files_16_28_35.pt,0,valid
GigaPath_embeddings_LBC_valid/0/2b545ce7-ebd8-4b3b-98fa-2f442d48bc5e_pyramid_tiles_files_16_1_33.pt,0,valid
GigaPath_embeddings_LBC_valid/0/3d2ea7da-d7a6-4b5a-8c3b-7ff4e99e614f_pyramid_tiles_files_16_20_38.pt,0,valid
GigaPath_embeddings_LBC_valid/0/2b545ce7-ebd8-4b3b-98fa-2f442d48bc5e_pyramid_tiles_files_16_21_21.pt,0,valid
GigaPath_embeddings_LBC_valid/0/85f754fe-8760-404b-bedb-6d8ac74ced85_pyramid_tiles_files_16_17_33.pt,0,valid
GigaPath_embeddings_LBC_valid/0/3d2ea7da-d7a6-4b5a-8c3b-7ff4e99e614f_pyramid_tiles_files_16_36_20.pt,0,valid
GigaPath_embeddings_LBC_valid/0/cbbb7a3f-b6d5-44d3-9eef-69757a914f2f_pyramid_tiles_files_16_19_34.pt,0,valid
GigaPath_embeddings_LBC_valid/0/2b545ce7-ebd8-4b3b-98fa-2f442d48bc5e_pyramid_tiles_files_16_8_31.pt,0,valid
GigaPath_embeddings_LBC_valid/0/2b545ce7-ebd8-4b3b-98fa-2f442d48bc5e_pyramid_tiles_files_16_15_11.pt,0,valid
GigaPath_embeddings_LBC_valid/0/3d2ea7da-d7a6-4b5a-8c3b-7ff4e99e614f_pyramid_tiles_files_16_4_13.pt,0,valid
GigaPath_embeddings_LBC_valid/0/2b545ce7-ebd8-4b3b-98fa-2f442d48bc5e_pyramid_tiles_files_16_5_37.pt,0,valid
GigaPath_embeddings_LBC_valid/0/3d2ea7da-d7a6-4b5a-8c3b-7ff4e99e614f_pyramid_tiles_files_16_27_24.pt,0,valid
GigaPath_embeddings_LBC_valid/0/2b545ce7-ebd8-4b3b-98fa-2f442d48bc5e_pyramid_tiles_files_16_29_24.pt,0,valid
GigaPath_embeddings_LBC_valid/0/4b71df3c-6e36-4b86-86cd-403d470980d8_pyramid_tiles_files_16_31_8.pt,0,valid
GigaPath_embeddings_LBC_valid/0/85f754fe-8760-404b-bedb-6d8ac74ced85_pyramid_tiles_files_16_15_35.pt,0,valid
GigaPath_embeddings_LBC_valid/0/4b71df3c-6e36-4b86-86cd-403d470980d8_pyramid_tiles_files_16_3_15.pt,0,valid
GigaPath_embeddings_LBC_valid/0/3d2ea7da-d7a6-4b5a-8c3b-7ff4e99e614f_pyramid_tiles_files_16_5_17.pt,0,valid
GigaPath_embeddings_LBC_valid/0/4b71df3c-6e36-4b86-86cd-403d470980d8_pyramid_tiles_files_16_38_22.pt,0,valid
GigaPath_embeddings_LBC_valid/0/2b545ce7-ebd8-4b3b-98fa-2f442d48bc5e_pyramid_tiles_files_16_13_24.pt,0,valid
GigaPath_embeddings_LBC_valid/0/4b71df3c-6e36-4b86-86cd-403d470980d8_pyramid_tiles_files_16_39_16.pt,0,valid
GigaPath_embeddings_LBC_valid/0/3d2ea7da-d7a6-4b5a-8c3b-7ff4e99e614f_pyramid_tiles_files_16_30_14.pt,0,valid
GigaPath_embeddings_LBC_valid/0/4b71df3c-6e36-4b86-86cd-403d470980d8_pyramid_tiles_files_16_8_0.pt,0,valid
GigaPath_embeddings_LBC_valid/0/3d2ea7da-d7a6-4b5a-8c3b-7ff4e99e614f_pyramid_tiles_files_16_14_16.pt,0,valid
GigaPath_embeddings_LBC_valid/0/4b71df3c-6e36-4b86-86cd-403d470980d8_pyramid_tiles_files_16_29_12.pt,0,valid
GigaPath_embeddings_LBC_valid/0/cbbb7a3f-b6d5-44d3-9eef-69757a914f2f_pyramid_tiles_files_16_9_35.pt,0,valid
GigaPath_embeddings_LBC_valid/0/4b71df3c-6e36-4b86-86cd-403d470980d8_pyramid_tiles_files_16_18_29.pt,0,valid
GigaPath_embeddings_LBC_valid/0/cbbb7a3f-b6d5-44d3-9eef-69757a914f2f_pyramid_tiles_files_16_26_2.pt,0,valid
GigaPath_embeddings_LBC_valid/0/2b545ce7-ebd8-4b3b-98fa-2f442d48bc5e_pyramid_tiles_files_16_9_14.pt,0,valid
GigaPath_embeddings_LBC_valid/0/4b71df3c-6e36-4b86-86cd-403d470980d8_pyramid_tiles_files_16_34_29.pt,0,valid
GigaPath_embeddings_LBC_valid/0/cbbb7a3f-b6d5-44d3-9eef-69757a914f2f_pyramid_tiles_files_16_34_12.pt,0,valid
GigaPath_embeddings_LBC_valid/0/cbbb7a3f-b6d5-44d3-9eef-69757a914f2f_pyramid_tiles_files_16_7_21.pt,0,valid
GigaPath_embeddings_LBC_valid/0/3d2ea7da-d7a6-4b5a-8c3b-7ff4e99e614f_pyramid_tiles_files_16_11_33.pt,0,valid
GigaPath_embeddings_LBC_valid/0/2b545ce7-ebd8-4b3b-98fa-2f442d48bc5e_pyramid_tiles_files_16_1_28.pt,0,valid
GigaPath_embeddings_LBC_valid/0/4b71df3c-6e36-4b86-86cd-403d470980d8_pyramid_tiles_files_16_32_16.pt,0,valid
GigaPath_embeddings_LBC_valid/0/2b545ce7-ebd8-4b3b-98fa-2f442d48bc5e_pyramid_tiles_files_16_4_18.pt,0,valid
GigaPath_embeddings_LBC_valid/0/2b545ce7-ebd8-4b3b-98fa-2f442d48bc5e_pyramid_tiles_files_16_26_9.pt,0,valid
GigaPath_embeddings_LBC_valid/0/2b545ce7-ebd8-4b3b-98fa-2f442d48bc5e_pyramid_tiles_files_16_22_11.pt,0,valid
GigaPath_embeddings_LBC_valid/0/4b71df3c-6e36-4b86-86cd-403d470980d8_pyramid_tiles_files_16_24_10.pt,0,valid
GigaPath_embeddings_LBC_valid/0/2b545ce7-ebd8-4b3b-98fa-2f442d48bc5e_pyramid_tiles_files_16_14_35.pt,0,valid
GigaPath_embeddings_LBC_valid/0/3d2ea7da-d7a6-4b5a-8c3b-7ff4e99e614f_pyramid_tiles_files_16_30_29.pt,0,valid
GigaPath_embeddings_LBC_valid/0/3d2ea7da-d7a6-4b5a-8c3b-7ff4e99e614f_pyramid_tiles_files_16_21_23.pt,0,valid
GigaPath_embeddings_LBC_valid/0/cbbb7a3f-b6d5-44d3-9eef-69757a914f2f_pyramid_tiles_files_16_5_22.pt,0,valid
GigaPath_embeddings_LBC_valid/0/3d2ea7da-d7a6-4b5a-8c3b-7ff4e99e614f_pyramid_tiles_files_16_18_24.pt,0,valid
GigaPath_embeddings_LBC_valid/0/cbbb7a3f-b6d5-44d3-9eef-69757a914f2f_pyramid_tiles_files_16_11_9.pt,0,valid
GigaPath_embeddings_LBC_valid/0/cbbb7a3f-b6d5-44d3-9eef-69757a914f2f_pyramid_tiles_files_16_3_22.pt,0,valid
GigaPath_embeddings_LBC_valid/0/cbbb7a3f-b6d5-44d3-9eef-69757a914f2f_pyramid_tiles_files_16_9_13.pt,0,valid
GigaPath_embeddings_LBC_valid/0/cbbb7a3f-b6d5-44d3-9eef-69757a914f2f_pyramid_tiles_files_16_32_38.pt,0,valid
GigaPath_embeddings_LBC_valid/0/85f754fe-8760-404b-bedb-6d8ac74ced85_pyramid_tiles_files_16_9_6.pt,0,valid
GigaPath_embeddings_LBC_valid/0/4b71df3c-6e36-4b86-86cd-403d470980d8_pyramid_tiles_files_16_20_11.pt,0,valid
GigaPath_embeddings_LBC_valid/0/4b71df3c-6e36-4b86-86cd-403d470980d8_pyramid_tiles_files_16_11_14.pt,0,valid
GigaPath_embeddings_LBC_valid/0/4b71df3c-6e36-4b86-86cd-403d470980d8_pyramid_tiles_files_16_13_4.pt,0,valid
GigaPath_embeddings_LBC_valid/0/4b71df3c-6e36-4b86-86cd-403d470980d8_pyramid_tiles_files_16_11_29.pt,0,valid
GigaPath_embeddings_LBC_valid/0/cbbb7a3f-b6d5-44d3-9eef-69757a914f2f_pyramid_tiles_files_16_20_18.pt,0,valid
GigaPath_embeddings_LBC_valid/0/85f754fe-8760-404b-bedb-6d8ac74ced85_pyramid_tiles_files_16_31_28.pt,0,valid
GigaPath_embeddings_LBC_valid/0/cbbb7a3f-b6d5-44d3-9eef-69757a914f2f_pyramid_tiles_files_16_31_18.pt,0,valid
GigaPath_embeddings_LBC_valid/0/4b71df3c-6e36-4b86-86cd-403d470980d8_pyramid_tiles_files_16_23_34.pt,0,valid
GigaPath_embeddings_LBC_valid/0/cbbb7a3f-b6d5-44d3-9eef-69757a914f2f_pyramid_tiles_files_16_17_35.pt,0,valid
GigaPath_embeddings_LBC_valid/0/85f754fe-8760-404b-bedb-6d8ac74ced85_pyramid_tiles_files_16_34_7.pt,0,valid
GigaPath_embeddings_LBC_valid/0/3d2ea7da-d7a6-4b5a-8c3b-7ff4e99e614f_pyramid_tiles_files_16_13_26.pt,0,valid
GigaPath_embeddings_LBC_valid/0/85f754fe-8760-404b-bedb-6d8ac74ced85_pyramid_tiles_files_16_21_22.pt,0,valid
GigaPath_embeddings_LBC_valid/0/cbbb7a3f-b6d5-44d3-9eef-69757a914f2f_pyramid_tiles_files_16_31_17.pt,0,valid
GigaPath_embeddings_LBC_valid/0/cbbb7a3f-b6d5-44d3-9eef-69757a914f2f_pyramid_tiles_files_16_19_19.pt,0,valid
GigaPath_embeddings_LBC_valid/0/4b71df3c-6e36-4b86-86cd-403d470980d8_pyramid_tiles_files_16_28_28.pt,0,valid
GigaPath_embeddings_LBC_valid/0/3d2ea7da-d7a6-4b5a-8c3b-7ff4e99e614f_pyramid_tiles_files_16_11_11.pt,0,valid
GigaPath_embeddings_LBC_valid/0/2b545ce7-ebd8-4b3b-98fa-2f442d48bc5e_pyramid_tiles_files_16_24_10.pt,0,valid
GigaPath_embeddings_LBC_valid/0/cbbb7a3f-b6d5-44d3-9eef-69757a914f2f_pyramid_tiles_files_16_29_22.pt,0,valid
GigaPath_embeddings_LBC_valid/0/cbbb7a3f-b6d5-44d3-9eef-69757a914f2f_pyramid_tiles_files_16_7_24.pt,0,valid
GigaPath_embeddings_LBC_valid/0/85f754fe-8760-404b-bedb-6d8ac74ced85_pyramid_tiles_files_16_27_30.pt,0,valid
GigaPath_embeddings_LBC_valid/0/cbbb7a3f-b6d5-44d3-9eef-69757a914f2f_pyramid_tiles_files_16_26_9.pt,0,valid
GigaPath_embeddings_LBC_valid/0/2b545ce7-ebd8-4b3b-98fa-2f442d48bc5e_pyramid_tiles_files_16_14_11.pt,0,valid
GigaPath_embeddings_LBC_valid/0/3d2ea7da-d7a6-4b5a-8c3b-7ff4e99e614f_pyramid_tiles_files_16_32_26.pt,0,valid
GigaPath_embeddings_LBC_valid/0/85f754fe-8760-404b-bedb-6d8ac74ced85_pyramid_tiles_files_16_9_30.pt,0,valid
GigaPath_embeddings_LBC_valid/0/85f754fe-8760-404b-bedb-6d8ac74ced85_pyramid_tiles_files_16_29_14.pt,0,valid
GigaPath_embeddings_LBC_valid/0/3d2ea7da-d7a6-4b5a-8c3b-7ff4e99e614f_pyramid_tiles_files_16_20_21.pt,0,valid
GigaPath_embeddings_LBC_valid/0/4b71df3c-6e36-4b86-86cd-403d470980d8_pyramid_tiles_files_16_33_0.pt,0,valid
GigaPath_embeddings_LBC_valid/0/cbbb7a3f-b6d5-44d3-9eef-69757a914f2f_pyramid_tiles_files_16_28_30.pt,0,valid
GigaPath_embeddings_LBC_valid/0/cbbb7a3f-b6d5-44d3-9eef-69757a914f2f_pyramid_tiles_files_16_27_8.pt,0,valid
GigaPath_embeddings_LBC_valid/0/2b545ce7-ebd8-4b3b-98fa-2f442d48bc5e_pyramid_tiles_files_16_4_28.pt,0,valid
GigaPath_embeddings_LBC_valid/0/4b71df3c-6e36-4b86-86cd-403d470980d8_pyramid_tiles_files_16_37_26.pt,0,valid
GigaPath_embeddings_LBC_valid/0/4b71df3c-6e36-4b86-86cd-403d470980d8_pyramid_tiles_files_16_15_35.pt,0,valid
GigaPath_embeddings_LBC_valid/0/cbbb7a3f-b6d5-44d3-9eef-69757a914f2f_pyramid_tiles_files_16_26_27.pt,0,valid
GigaPath_embeddings_LBC_valid/0/cbbb7a3f-b6d5-44d3-9eef-69757a914f2f_pyramid_tiles_files_16_3_25.pt,0,valid
GigaPath_embeddings_LBC_valid/0/cbbb7a3f-b6d5-44d3-9eef-69757a914f2f_pyramid_tiles_files_16_10_31.pt,0,valid
GigaPath_embeddings_LBC_valid/0/cbbb7a3f-b6d5-44d3-9eef-69757a914f2f_pyramid_tiles_files_16_36_13.pt,0,valid
GigaPath_embeddings_LBC_valid/0/85f754fe-8760-404b-bedb-6d8ac74ced85_pyramid_tiles_files_16_14_26.pt,0,valid
GigaPath_embeddings_LBC_valid/0/85f754fe-8760-404b-bedb-6d8ac74ced85_pyramid_tiles_files_16_20_34.pt,0,valid
GigaPath_embeddings_LBC_valid/0/3d2ea7da-d7a6-4b5a-8c3b-7ff4e99e614f_pyramid_tiles_files_16_22_22.pt,0,valid
GigaPath_embeddings_LBC_valid/0/85f754fe-8760-404b-bedb-6d8ac74ced85_pyramid_tiles_files_16_18_11.pt,0,valid
GigaPath_embeddings_LBC_valid/0/cbbb7a3f-b6d5-44d3-9eef-69757a914f2f_pyramid_tiles_files_16_15_1.pt,0,valid
GigaPath_embeddings_LBC_valid/0/cbbb7a3f-b6d5-44d3-9eef-69757a914f2f_pyramid_tiles_files_16_26_4.pt,0,valid
GigaPath_embeddings_LBC_valid/0/cbbb7a3f-b6d5-44d3-9eef-69757a914f2f_pyramid_tiles_files_16_29_14.pt,0,valid
GigaPath_embeddings_LBC_valid/0/3d2ea7da-d7a6-4b5a-8c3b-7ff4e99e614f_pyramid_tiles_files_16_19_41.pt,0,valid
GigaPath_embeddings_LBC_valid/0/3d2ea7da-d7a6-4b5a-8c3b-7ff4e99e614f_pyramid_tiles_files_16_25_10.pt,0,valid
GigaPath_embeddings_LBC_valid/0/cbbb7a3f-b6d5-44d3-9eef-69757a914f2f_pyramid_tiles_files_16_21_13.pt,0,valid
GigaPath_embeddings_LBC_valid/0/85f754fe-8760-404b-bedb-6d8ac74ced85_pyramid_tiles_files_16_12_32.pt,0,valid
GigaPath_embeddings_LBC_valid/0/3d2ea7da-d7a6-4b5a-8c3b-7ff4e99e614f_pyramid_tiles_files_16_8_6.pt,0,valid
GigaPath_embeddings_LBC_valid/0/2b545ce7-ebd8-4b3b-98fa-2f442d48bc5e_pyramid_tiles_files_16_16_29.pt,0,valid
GigaPath_embeddings_LBC_valid/0/4b71df3c-6e36-4b86-86cd-403d470980d8_pyramid_tiles_files_16_24_26.pt,0,valid
GigaPath_embeddings_LBC_valid/0/3d2ea7da-d7a6-4b5a-8c3b-7ff4e99e614f_pyramid_tiles_files_16_1_21.pt,0,valid
GigaPath_embeddings_LBC_valid/0/2b545ce7-ebd8-4b3b-98fa-2f442d48bc5e_pyramid_tiles_files_16_26_14.pt,0,valid
GigaPath_embeddings_LBC_valid/0/4b71df3c-6e36-4b86-86cd-403d470980d8_pyramid_tiles_files_16_23_32.pt,0,valid
GigaPath_embeddings_LBC_valid/0/cbbb7a3f-b6d5-44d3-9eef-69757a914f2f_pyramid_tiles_files_16_30_10.pt,0,valid
GigaPath_embeddings_LBC_valid/0/4b71df3c-6e36-4b86-86cd-403d470980d8_pyramid_tiles_files_16_25_33.pt,0,valid
GigaPath_embeddings_LBC_valid/0/2b545ce7-ebd8-4b3b-98fa-2f442d48bc5e_pyramid_tiles_files_16_33_17.pt,0,valid
GigaPath_embeddings_LBC_valid/0/2b545ce7-ebd8-4b3b-98fa-2f442d48bc5e_pyramid_tiles_files_16_11_14.pt,0,valid
GigaPath_embeddings_LBC_valid/0/cbbb7a3f-b6d5-44d3-9eef-69757a914f2f_pyramid_tiles_files_16_38_18.pt,0,valid
GigaPath_embeddings_LBC_valid/0/4b71df3c-6e36-4b86-86cd-403d470980d8_pyramid_tiles_files_16_30_19.pt,0,valid
GigaPath_embeddings_LBC_valid/0/cbbb7a3f-b6d5-44d3-9eef-69757a914f2f_pyramid_tiles_files_16_20_19.pt,0,valid
GigaPath_embeddings_LBC_valid/0/4b71df3c-6e36-4b86-86cd-403d470980d8_pyramid_tiles_files_16_28_13.pt,0,valid
GigaPath_embeddings_LBC_valid/0/2b545ce7-ebd8-4b3b-98fa-2f442d48bc5e_pyramid_tiles_files_16_18_12.pt,0,valid
GigaPath_embeddings_LBC_valid/0/3d2ea7da-d7a6-4b5a-8c3b-7ff4e99e614f_pyramid_tiles_files_16_11_8.pt,0,valid
GigaPath_embeddings_LBC_valid/0/4b71df3c-6e36-4b86-86cd-403d470980d8_pyramid_tiles_files_16_41_22.pt,0,valid
GigaPath_embeddings_LBC_valid/0/2b545ce7-ebd8-4b3b-98fa-2f442d48bc5e_pyramid_tiles_files_16_24_12.pt,0,valid
GigaPath_embeddings_LBC_valid/0/3d2ea7da-d7a6-4b5a-8c3b-7ff4e99e614f_pyramid_tiles_files_16_11_17.pt,0,valid
GigaPath_embeddings_LBC_valid/0/cbbb7a3f-b6d5-44d3-9eef-69757a914f2f_pyramid_tiles_files_16_29_30.pt,0,valid
GigaPath_embeddings_LBC_valid/0/2b545ce7-ebd8-4b3b-98fa-2f442d48bc5e_pyramid_tiles_files_16_10_28.pt,0,valid
GigaPath_embeddings_LBC_valid/0/85f754fe-8760-404b-bedb-6d8ac74ced85_pyramid_tiles_files_16_27_31.pt,0,valid
GigaPath_embeddings_LBC_valid/0/cbbb7a3f-b6d5-44d3-9eef-69757a914f2f_pyramid_tiles_files_16_14_37.pt,0,valid
GigaPath_embeddings_LBC_valid/0/4b71df3c-6e36-4b86-86cd-403d470980d8_pyramid_tiles_files_16_9_9.pt,0,valid
GigaPath_embeddings_LBC_valid/0/3d2ea7da-d7a6-4b5a-8c3b-7ff4e99e614f_pyramid_tiles_files_16_0_19.pt,0,valid
GigaPath_embeddings_LBC_valid/0/2b545ce7-ebd8-4b3b-98fa-2f442d48bc5e_pyramid_tiles_files_16_31_35.pt,0,valid
GigaPath_embeddings_LBC_valid/0/4b71df3c-6e36-4b86-86cd-403d470980d8_pyramid_tiles_files_16_30_11.pt,0,valid
GigaPath_embeddings_LBC_valid/0/3d2ea7da-d7a6-4b5a-8c3b-7ff4e99e614f_pyramid_tiles_files_16_31_27.pt,0,valid
GigaPath_embeddings_LBC_valid/0/85f754fe-8760-404b-bedb-6d8ac74ced85_pyramid_tiles_files_16_3_23.pt,0,valid
GigaPath_embeddings_LBC_valid/0/2b545ce7-ebd8-4b3b-98fa-2f442d48bc5e_pyramid_tiles_files_16_28_19.pt,0,valid
GigaPath_embeddings_LBC_valid/0/85f754fe-8760-404b-bedb-6d8ac74ced85_pyramid_tiles_files_16_13_8.pt,0,valid
GigaPath_embeddings_LBC_valid/0/2b545ce7-ebd8-4b3b-98fa-2f442d48bc5e_pyramid_tiles_files_16_8_30.pt,0,valid
GigaPath_embeddings_LBC_valid/0/2b545ce7-ebd8-4b3b-98fa-2f442d48bc5e_pyramid_tiles_files_16_7_16.pt,0,valid
GigaPath_embeddings_LBC_valid/0/cbbb7a3f-b6d5-44d3-9eef-69757a914f2f_pyramid_tiles_files_16_22_13.pt,0,valid
GigaPath_embeddings_LBC_valid/0/2b545ce7-ebd8-4b3b-98fa-2f442d48bc5e_pyramid_tiles_files_16_9_29.pt,0,valid
GigaPath_embeddings_LBC_valid/0/85f754fe-8760-404b-bedb-6d8ac74ced85_pyramid_tiles_files_16_6_10.pt,0,valid
GigaPath_embeddings_LBC_valid/0/4b71df3c-6e36-4b86-86cd-403d470980d8_pyramid_tiles_files_16_8_12.pt,0,valid
GigaPath_embeddings_LBC_valid/0/85f754fe-8760-404b-bedb-6d8ac74ced85_pyramid_tiles_files_16_27_8.pt,0,valid
GigaPath_embeddings_LBC_valid/0/cbbb7a3f-b6d5-44d3-9eef-69757a914f2f_pyramid_tiles_files_16_16_7.pt,0,valid
GigaPath_embeddings_LBC_valid/0/2b545ce7-ebd8-4b3b-98fa-2f442d48bc5e_pyramid_tiles_files_16_21_43.pt,0,valid
GigaPath_embeddings_LBC_valid/0/cbbb7a3f-b6d5-44d3-9eef-69757a914f2f_pyramid_tiles_files_16_11_5.pt,0,valid
GigaPath_embeddings_LBC_valid/0/3d2ea7da-d7a6-4b5a-8c3b-7ff4e99e614f_pyramid_tiles_files_16_24_13.pt,0,valid
GigaPath_embeddings_LBC_valid/0/4b71df3c-6e36-4b86-86cd-403d470980d8_pyramid_tiles_files_16_25_30.pt,0,valid
GigaPath_embeddings_LBC_valid/0/3d2ea7da-d7a6-4b5a-8c3b-7ff4e99e614f_pyramid_tiles_files_16_21_27.pt,0,valid
GigaPath_embeddings_LBC_valid/0/2b545ce7-ebd8-4b3b-98fa-2f442d48bc5e_pyramid_tiles_files_16_15_33.pt,0,valid
GigaPath_embeddings_LBC_valid/0/2b545ce7-ebd8-4b3b-98fa-2f442d48bc5e_pyramid_tiles_files_16_33_19.pt,0,valid
GigaPath_embeddings_LBC_valid/0/4b71df3c-6e36-4b86-86cd-403d470980d8_pyramid_tiles_files_16_16_14.pt,0,valid
GigaPath_embeddings_LBC_valid/0/2b545ce7-ebd8-4b3b-98fa-2f442d48bc5e_pyramid_tiles_files_16_4_40.pt,0,valid
GigaPath_embeddings_LBC_valid/0/85f754fe-8760-404b-bedb-6d8ac74ced85_pyramid_tiles_files_16_28_15.pt,0,valid
GigaPath_embeddings_LBC_valid/0/2b545ce7-ebd8-4b3b-98fa-2f442d48bc5e_pyramid_tiles_files_16_32_40.pt,0,valid
GigaPath_embeddings_LBC_valid/0/3d2ea7da-d7a6-4b5a-8c3b-7ff4e99e614f_pyramid_tiles_files_16_18_20.pt,0,valid
GigaPath_embeddings_LBC_valid/0/85f754fe-8760-404b-bedb-6d8ac74ced85_pyramid_tiles_files_16_6_7.pt,0,valid
GigaPath_embeddings_LBC_valid/0/3d2ea7da-d7a6-4b5a-8c3b-7ff4e99e614f_pyramid_tiles_files_16_15_18.pt,0,valid
GigaPath_embeddings_LBC_valid/0/3d2ea7da-d7a6-4b5a-8c3b-7ff4e99e614f_pyramid_tiles_files_16_22_9.pt,0,valid
GigaPath_embeddings_LBC_valid/0/2b545ce7-ebd8-4b3b-98fa-2f442d48bc5e_pyramid_tiles_files_16_13_16.pt,0,valid
GigaPath_embeddings_LBC_valid/0/4b71df3c-6e36-4b86-86cd-403d470980d8_pyramid_tiles_files_16_24_32.pt,0,valid
GigaPath_embeddings_LBC_valid/0/3d2ea7da-d7a6-4b5a-8c3b-7ff4e99e614f_pyramid_tiles_files_16_35_23.pt,0,valid
GigaPath_embeddings_LBC_valid/0/cbbb7a3f-b6d5-44d3-9eef-69757a914f2f_pyramid_tiles_files_16_38_25.pt,0,valid
GigaPath_embeddings_LBC_valid/0/85f754fe-8760-404b-bedb-6d8ac74ced85_pyramid_tiles_files_16_29_30.pt,0,valid
GigaPath_embeddings_LBC_valid/0/2b545ce7-ebd8-4b3b-98fa-2f442d48bc5e_pyramid_tiles_files_16_20_8.pt,0,valid
GigaPath_embeddings_LBC_valid/0/cbbb7a3f-b6d5-44d3-9eef-69757a914f2f_pyramid_tiles_files_16_23_3.pt,0,valid
GigaPath_embeddings_LBC_valid/0/4b71df3c-6e36-4b86-86cd-403d470980d8_pyramid_tiles_files_16_30_33.pt,0,valid
GigaPath_embeddings_LBC_valid/0/cbbb7a3f-b6d5-44d3-9eef-69757a914f2f_pyramid_tiles_files_16_34_20.pt,0,valid
GigaPath_embeddings_LBC_valid/0/4b71df3c-6e36-4b86-86cd-403d470980d8_pyramid_tiles_files_16_9_33.pt,0,valid
GigaPath_embeddings_LBC_valid/0/3d2ea7da-d7a6-4b5a-8c3b-7ff4e99e614f_pyramid_tiles_files_16_0_24.pt,0,valid
GigaPath_embeddings_LBC_valid/0/4b71df3c-6e36-4b86-86cd-403d470980d8_pyramid_tiles_files_16_37_3.pt,0,valid
GigaPath_embeddings_LBC_valid/0/cbbb7a3f-b6d5-44d3-9eef-69757a914f2f_pyramid_tiles_files_16_10_6.pt,0,valid
GigaPath_embeddings_LBC_valid/0/2b545ce7-ebd8-4b3b-98fa-2f442d48bc5e_pyramid_tiles_files_16_20_41.pt,0,valid
GigaPath_embeddings_LBC_valid/0/4b71df3c-6e36-4b86-86cd-403d470980d8_pyramid_tiles_files_16_1_21.pt,0,valid
GigaPath_embeddings_LBC_valid/0/2b545ce7-ebd8-4b3b-98fa-2f442d48bc5e_pyramid_tiles_files_16_16_32.pt,0,valid
GigaPath_embeddings_LBC_valid/0/4b71df3c-6e36-4b86-86cd-403d470980d8_pyramid_tiles_files_16_35_27.pt,0,valid
GigaPath_embeddings_LBC_valid/0/cbbb7a3f-b6d5-44d3-9eef-69757a914f2f_pyramid_tiles_files_16_1_24.pt,0,valid
GigaPath_embeddings_LBC_valid/0/cbbb7a3f-b6d5-44d3-9eef-69757a914f2f_pyramid_tiles_files_16_28_17.pt,0,valid
GigaPath_embeddings_LBC_valid/0/4b71df3c-6e36-4b86-86cd-403d470980d8_pyramid_tiles_files_16_9_18.pt,0,valid
GigaPath_embeddings_LBC_valid/0/85f754fe-8760-404b-bedb-6d8ac74ced85_pyramid_tiles_files_16_36_18.pt,0,valid
GigaPath_embeddings_LBC_valid/0/85f754fe-8760-404b-bedb-6d8ac74ced85_pyramid_tiles_files_16_13_1.pt,0,valid
GigaPath_embeddings_LBC_valid/0/85f754fe-8760-404b-bedb-6d8ac74ced85_pyramid_tiles_files_16_21_27.pt,0,valid
GigaPath_embeddings_LBC_valid/0/2b545ce7-ebd8-4b3b-98fa-2f442d48bc5e_pyramid_tiles_files_16_12_39.pt,0,valid
GigaPath_embeddings_LBC_valid/0/3d2ea7da-d7a6-4b5a-8c3b-7ff4e99e614f_pyramid_tiles_files_16_34_7.pt,0,valid
GigaPath_embeddings_LBC_valid/0/cbbb7a3f-b6d5-44d3-9eef-69757a914f2f_pyramid_tiles_files_16_4_11.pt,0,valid
GigaPath_embeddings_LBC_valid/0/cbbb7a3f-b6d5-44d3-9eef-69757a914f2f_pyramid_tiles_files_16_15_16.pt,0,valid
GigaPath_embeddings_LBC_valid/0/2b545ce7-ebd8-4b3b-98fa-2f442d48bc5e_pyramid_tiles_files_16_35_21.pt,0,valid
GigaPath_embeddings_LBC_valid/0/4b71df3c-6e36-4b86-86cd-403d470980d8_pyramid_tiles_files_16_11_25.pt,0,valid
GigaPath_embeddings_LBC_valid/0/4b71df3c-6e36-4b86-86cd-403d470980d8_pyramid_tiles_files_16_41_19.pt,0,valid
GigaPath_embeddings_LBC_valid/0/2b545ce7-ebd8-4b3b-98fa-2f442d48bc5e_pyramid_tiles_files_16_29_18.pt,0,valid
GigaPath_embeddings_LBC_valid/0/3d2ea7da-d7a6-4b5a-8c3b-7ff4e99e614f_pyramid_tiles_files_16_29_9.pt,0,valid
GigaPath_embeddings_LBC_valid/0/cbbb7a3f-b6d5-44d3-9eef-69757a914f2f_pyramid_tiles_files_16_26_31.pt,0,valid
GigaPath_embeddings_LBC_valid/0/3d2ea7da-d7a6-4b5a-8c3b-7ff4e99e614f_pyramid_tiles_files_16_23_34.pt,0,valid
GigaPath_embeddings_LBC_valid/0/85f754fe-8760-404b-bedb-6d8ac74ced85_pyramid_tiles_files_16_26_35.pt,0,valid
GigaPath_embeddings_LBC_valid/0/3d2ea7da-d7a6-4b5a-8c3b-7ff4e99e614f_pyramid_tiles_files_16_26_27.pt,0,valid
GigaPath_embeddings_LBC_valid/0/cbbb7a3f-b6d5-44d3-9eef-69757a914f2f_pyramid_tiles_files_16_32_24.pt,0,valid
GigaPath_embeddings_LBC_valid/0/2b545ce7-ebd8-4b3b-98fa-2f442d48bc5e_pyramid_tiles_files_16_31_23.pt,0,valid
GigaPath_embeddings_LBC_valid/0/cbbb7a3f-b6d5-44d3-9eef-69757a914f2f_pyramid_tiles_files_16_12_15.pt,0,valid
GigaPath_embeddings_LBC_valid/0/85f754fe-8760-404b-bedb-6d8ac74ced85_pyramid_tiles_files_16_37_26.pt,0,valid
GigaPath_embeddings_LBC_valid/0/3d2ea7da-d7a6-4b5a-8c3b-7ff4e99e614f_pyramid_tiles_files_16_8_25.pt,0,valid
GigaPath_embeddings_LBC_valid/0/3d2ea7da-d7a6-4b5a-8c3b-7ff4e99e614f_pyramid_tiles_files_16_17_23.pt,0,valid
GigaPath_embeddings_LBC_valid/0/4b71df3c-6e36-4b86-86cd-403d470980d8_pyramid_tiles_files_16_17_4.pt,0,valid
GigaPath_embeddings_LBC_valid/0/3d2ea7da-d7a6-4b5a-8c3b-7ff4e99e614f_pyramid_tiles_files_16_21_31.pt,0,valid
GigaPath_embeddings_LBC_valid/0/cbbb7a3f-b6d5-44d3-9eef-69757a914f2f_pyramid_tiles_files_16_16_2.pt,0,valid
GigaPath_embeddings_LBC_valid/0/3d2ea7da-d7a6-4b5a-8c3b-7ff4e99e614f_pyramid_tiles_files_16_14_38.pt,0,valid
GigaPath_embeddings_LBC_valid/0/cbbb7a3f-b6d5-44d3-9eef-69757a914f2f_pyramid_tiles_files_16_16_14.pt,0,valid
GigaPath_embeddings_LBC_valid/0/cbbb7a3f-b6d5-44d3-9eef-69757a914f2f_pyramid_tiles_files_16_25_31.pt,0,valid
GigaPath_embeddings_LBC_valid/0/85f754fe-8760-404b-bedb-6d8ac74ced85_pyramid_tiles_files_16_2_14.pt,0,valid
GigaPath_embeddings_LBC_valid/0/3d2ea7da-d7a6-4b5a-8c3b-7ff4e99e614f_pyramid_tiles_files_16_22_5.pt,0,valid
GigaPath_embeddings_LBC_valid/0/3d2ea7da-d7a6-4b5a-8c3b-7ff4e99e614f_pyramid_tiles_files_16_34_34.pt,0,valid
GigaPath_embeddings_LBC_valid/0/cbbb7a3f-b6d5-44d3-9eef-69757a914f2f_pyramid_tiles_files_16_15_24.pt,0,valid
GigaPath_embeddings_LBC_valid/0/2b545ce7-ebd8-4b3b-98fa-2f442d48bc5e_pyramid_tiles_files_16_16_42.pt,0,valid
GigaPath_embeddings_LBC_valid/0/4b71df3c-6e36-4b86-86cd-403d470980d8_pyramid_tiles_files_16_40_7.pt,0,valid
GigaPath_embeddings_LBC_valid/0/cbbb7a3f-b6d5-44d3-9eef-69757a914f2f_pyramid_tiles_files_16_2_25.pt,0,valid
GigaPath_embeddings_LBC_valid/0/2b545ce7-ebd8-4b3b-98fa-2f442d48bc5e_pyramid_tiles_files_16_28_45.pt,0,valid
GigaPath_embeddings_LBC_valid/0/85f754fe-8760-404b-bedb-6d8ac74ced85_pyramid_tiles_files_16_28_14.pt,0,valid
GigaPath_embeddings_LBC_valid/0/3d2ea7da-d7a6-4b5a-8c3b-7ff4e99e614f_pyramid_tiles_files_16_36_15.pt,0,valid
GigaPath_embeddings_LBC_valid/0/2b545ce7-ebd8-4b3b-98fa-2f442d48bc5e_pyramid_tiles_files_16_24_9.pt,0,valid
GigaPath_embeddings_LBC_valid/0/85f754fe-8760-404b-bedb-6d8ac74ced85_pyramid_tiles_files_16_22_34.pt,0,valid
GigaPath_embeddings_LBC_valid/1/d0b24e86-0df9-4e80-9802-77f3f8a44a4e_pyramid_tiles_files_16_16_20.pt,1,valid
GigaPath_embeddings_LBC_valid/1/a38ab9be-f8f2-4144-bb92-ceab9f408c98_pyramid_tiles_files_17_22_73.pt,1,valid
GigaPath_embeddings_LBC_valid/1/4d43ca02-898e-471a-89ff-38e030d7d3f8_pyramid_tiles_files_16_16_20.pt,1,valid
GigaPath_embeddings_LBC_valid/1/7a711946-6d6d-4089-84cc-fa4cac2dca59_pyramid_tiles_files_16_22_29.pt,1,valid
GigaPath_embeddings_LBC_valid/1/9ccdfd46-597a-4148-b9b0-7853d9ead11a_pyramid_tiles_files_17_22_73.pt,1,valid
GigaPath_embeddings_LBC_valid/1/42d0b3fd-f8a3-46b8-9661-e9a432105fcd_pyramid_tiles_files_17_18_40.pt,1,valid
GigaPath_embeddings_LBC_valid/1/2edb0236-8fca-4fab-a0e9-300304e2a20a_pyramid_tiles_files_17_17_40.pt,1,valid
GigaPath_embeddings_LBC_valid/1/4ca4cdf5-ff38-4a76-8a6d-b63e824f6685_pyramid_tiles_files_16_23_28.pt,1,valid
GigaPath_embeddings_LBC_valid/1/5a9c4ce1-e317-4782-9740-fea86e490f04_pyramid_tiles_files_16_25_28.pt,1,valid
GigaPath_embeddings_LBC_valid/1/09022f45-72f6-41d4-b741-d102f2ae2fdc_pyramid_tiles_files_16_21_29.pt,1,valid
GigaPath_embeddings_LBC_valid/1/d7165445-b5e9-4b9e-844c-84e4e10e76b8_pyramid_tiles_files_16_17_20.pt,1,valid
GigaPath_embeddings_LBC_valid/1/b3370ef8-cc53-43e1-a77d-36fb77932b0f_pyramid_tiles_files_16_25_27.pt,1,valid
GigaPath_embeddings_LBC_valid/1/ec591c22-e5c9-426f-928f-2a4910f26cfe_pyramid_tiles_files_16_18_19.pt,1,valid
GigaPath_embeddings_LBC_valid/1/cfad50f3-e318-44ef-9136-da9e38305cd5_pyramid_tiles_files_17_14_19.pt,1,valid
GigaPath_embeddings_LBC_valid/1/b5f02412-10be-4039-99db-d0fde541487a_pyramid_tiles_files_17_22_73.pt,1,valid
GigaPath_embeddings_LBC_valid/1/0aaa3037-e4d2-4bb5-9f20-bda58da5c3fe_pyramid_tiles_files_17_24_73.pt,1,valid
GigaPath_embeddings_LBC_valid/1/40490219-ecc2-40c6-bd90-10f007f8f579_pyramid_tiles_files_17_18_40.pt,1,valid
GigaPath_embeddings_LBC_valid/1/c96df772-ba66-4d32-8de8-134fa7427d0c_pyramid_tiles_files_17_23_72.pt,1,valid
GigaPath_embeddings_LBC_valid/1/fb34db15-00ea-425c-89e7-8f6bf844e9e8_pyramid_tiles_files_16_16_19.pt,1,valid
GigaPath_embeddings_LBC_valid/1/f737654c-9f44-4233-b852-5e28e74e8a38_pyramid_tiles_files_17_18_40.pt,1,valid
GigaPath_embeddings_LBC_valid/1/53cd3df9-c1cf-4391-9f95-43ebac8dd8f0_pyramid_tiles_files_17_22_72.pt,1,valid
GigaPath_embeddings_LBC_valid/1/b34b3227-38a8-47fe-8920-18c280edcff6_pyramid_tiles_files_16_25_27.pt,1,valid
GigaPath_embeddings_LBC_valid/1/5a9c4ce1-e317-4782-9740-fea86e490f04_pyramid_tiles_files_16_17_31.pt,1,valid
GigaPath_embeddings_LBC_valid/1/cb17d14a-587d-45e7-9da8-7fc29c867d68_pyramid_tiles_files_17_22_72.pt,1,valid
GigaPath_embeddings_LBC_valid/1/dd2f13fc-3d5f-40e0-8d49-cc94b041616c_pyramid_tiles_files_16_16_20.pt,1,valid
GigaPath_embeddings_LBC_valid/1/6f1af507-f025-4d67-9b07-ff9b2e562a67_pyramid_tiles_files_16_16_19.pt,1,valid
GigaPath_embeddings_LBC_valid/1/dd2bbc91-721e-4adb-99a2-23a9f68362ef_pyramid_tiles_files_16_16_20.pt,1,valid
GigaPath_embeddings_LBC_valid/1/e535b22d-c4ba-4191-805a-4338d4452be1_pyramid_tiles_files_16_25_27.pt,1,valid
GigaPath_embeddings_LBC_valid/1/e4297377-db96-43c0-981f-bb482a083296_pyramid_tiles_files_17_24_72.pt,1,valid
GigaPath_embeddings_LBC_valid/1/f845a584-75e9-4272-b88a-3ab2ae175011_pyramid_tiles_files_16_17_19.pt,1,valid
GigaPath_embeddings_LBC_valid/1/2154bc6d-2b7b-4c63-ba32-d877a60f2cff_pyramid_tiles_files_16_23_28.pt,1,valid
GigaPath_embeddings_LBC_valid/1/1561b271-ed0a-4bba-968f-ec730f2a5707_pyramid_tiles_files_16_25_29.pt,1,valid
GigaPath_embeddings_LBC_valid/1/25ef0e93-9216-4b33-af45-158bf3cef8ee_pyramid_tiles_files_17_18_41.pt,1,valid
GigaPath_embeddings_LBC_valid/1/68b65586-1dd1-4c9e-9287-324e0907ce17_pyramid_tiles_files_16_19_31.pt,1,valid
GigaPath_embeddings_LBC_valid/1/15d579c8-fab5-414e-8293-453d8f51c4c8_pyramid_tiles_files_17_15_19.pt,1,valid
GigaPath_embeddings_LBC_valid/1/28b2c9da-27e9-4c9a-8989-7902bd4829ec_pyramid_tiles_files_17_17_41.pt,1,valid
GigaPath_embeddings_LBC_valid/1/0aaa3037-e4d2-4bb5-9f20-bda58da5c3fe_pyramid_tiles_files_17_23_73.pt,1,valid
GigaPath_embeddings_LBC_valid/1/d8e98d99-2dd8-4f57-b442-3218a7acf30a_pyramid_tiles_files_16_19_30.pt,1,valid
GigaPath_embeddings_LBC_valid/1/f737654c-9f44-4233-b852-5e28e74e8a38_pyramid_tiles_files_17_22_72.pt,1,valid
GigaPath_embeddings_LBC_valid/1/e535b22d-c4ba-4191-805a-4338d4452be1_pyramid_tiles_files_16_19_31.pt,1,valid
GigaPath_embeddings_LBC_valid/1/e91eb178-776c-4b3a-b589-36a0e68408ce_pyramid_tiles_files_16_23_29.pt,1,valid
GigaPath_embeddings_LBC_valid/1/4c84cdfb-d548-4bf1-9598-98c0a3d934e1_pyramid_tiles_files_17_24_72.pt,1,valid
GigaPath_embeddings_LBC_valid/1/f38d2bb8-7326-47e7-a2b4-17154c5f2c0c_pyramid_tiles_files_16_17_19.pt,1,valid
GigaPath_embeddings_LBC_valid/1/49b89d48-2f98-4969-93ac-ab3721e48228_pyramid_tiles_files_17_17_40.pt,1,valid
GigaPath_embeddings_LBC_valid/1/97aab5f3-09ef-4dc8-9566-bdabb5ca08b0_pyramid_tiles_files_17_17_40.pt,1,valid
GigaPath_embeddings_LBC_valid/1/2dfb8fa9-c394-4fa6-bc69-22550436978d_pyramid_tiles_files_17_23_73.pt,1,valid
GigaPath_embeddings_LBC_valid/1/5ebe19b1-612c-45d3-9add-3e9a1c06d880_pyramid_tiles_files_17_23_72.pt,1,valid
GigaPath_embeddings_LBC_valid/1/d282c089-5b1a-48ca-80c6-5cd67f281d5c_pyramid_tiles_files_17_22_73.pt,1,valid
GigaPath_embeddings_LBC_valid/1/3908d14b-0319-46ce-9d7c-d9f484d4e6c5_pyramid_tiles_files_16_18_20.pt,1,valid
GigaPath_embeddings_LBC_valid/1/ff7ed6b1-de79-4426-84ce-1eb0993ce5ad_pyramid_tiles_files_16_16_20.pt,1,valid
GigaPath_embeddings_LBC_valid/1/af452c1d-404b-40d7-8523-afab97ce3fe7_pyramid_tiles_files_17_24_73.pt,1,valid
GigaPath_embeddings_LBC_valid/1/add1b48f-081c-4cda-8e37-55d222e8d813_pyramid_tiles_files_17_15_18.pt,1,valid
GigaPath_embeddings_LBC_valid/1/ec7e06ff-bd57-4558-9c73-41bfe0e295ba_pyramid_tiles_files_17_17_40.pt,1,valid
GigaPath_embeddings_LBC_valid/1/ba1eb208-7671-4d89-b931-9438a6c52423_pyramid_tiles_files_17_14_18.pt,1,valid
GigaPath_embeddings_LBC_valid/1/c99b0491-5d02-4e58-90c0-67838b0b2500_pyramid_tiles_files_16_18_30.pt,1,valid
GigaPath_embeddings_LBC_valid/1/ed470fa7-2231-4856-bbdb-9c45ada10876_pyramid_tiles_files_16_25_29.pt,1,valid
GigaPath_embeddings_LBC_valid/1/7d2da7f8-aa22-429e-9690-f6ff7fbfb9c6_pyramid_tiles_files_17_22_73.pt,1,valid
GigaPath_embeddings_LBC_valid/1/40490219-ecc2-40c6-bd90-10f007f8f579_pyramid_tiles_files_17_15_18.pt,1,valid
GigaPath_embeddings_LBC_valid/1/3f15feb9-c91a-40ce-a257-3d25dfab60d8_pyramid_tiles_files_16_16_19.pt,1,valid
GigaPath_embeddings_LBC_valid/1/215b875c-5819-41d9-857a-da2311a99480_pyramid_tiles_files_17_24_73.pt,1,valid
GigaPath_embeddings_LBC_valid/1/2bb9b118-1d4c-468f-ba3d-1240e98da375_pyramid_tiles_files_17_17_41.pt,1,valid
GigaPath_embeddings_LBC_valid/1/a30139a7-46bc-430e-9a88-053af9aa1784_pyramid_tiles_files_17_14_19.pt,1,valid
GigaPath_embeddings_LBC_valid/1/7dcf5c3f-c90d-4884-97a6-2a341140819f_pyramid_tiles_files_17_18_40.pt,1,valid
GigaPath_embeddings_LBC_valid/1/f8cdd598-f195-4e7f-9140-9230a7341e8d_pyramid_tiles_files_16_23_28.pt,1,valid
GigaPath_embeddings_LBC_valid/1/e91eb178-776c-4b3a-b589-36a0e68408ce_pyramid_tiles_files_16_18_31.pt,1,valid
GigaPath_embeddings_LBC_valid/1/a30139a7-46bc-430e-9a88-053af9aa1784_pyramid_tiles_files_17_23_72.pt,1,valid
GigaPath_embeddings_LBC_valid/1/99658cf5-d1dc-4436-ac7c-24f303817fb0_pyramid_tiles_files_16_24_28.pt,1,valid
GigaPath_embeddings_LBC_valid/1/41295260-4748-4a7d-9689-d22f4d1bf6c1_pyramid_tiles_files_16_21_28.pt,1,valid
GigaPath_embeddings_LBC_valid/1/3f15feb9-c91a-40ce-a257-3d25dfab60d8_pyramid_tiles_files_16_22_29.pt,1,valid
GigaPath_embeddings_LBC_valid/1/15d579c8-fab5-414e-8293-453d8f51c4c8_pyramid_tiles_files_17_17_41.pt,1,valid
GigaPath_embeddings_LBC_valid/1/3908d14b-0319-46ce-9d7c-d9f484d4e6c5_pyramid_tiles_files_16_24_27.pt,1,valid
GigaPath_embeddings_LBC_valid/1/1df6ad4f-b95e-468a-b96d-fc28fa16bf7d_pyramid_tiles_files_16_24_29.pt,1,valid
GigaPath_embeddings_LBC_valid/1/8f61c5c1-e549-489c-b24f-bb3906df8b40_pyramid_tiles_files_16_23_28.pt,1,valid
GigaPath_embeddings_LBC_valid/1/a162a4e4-226c-41cb-b60b-475042441e74_pyramid_tiles_files_16_25_27.pt,1,valid
GigaPath_embeddings_LBC_valid/1/8ba06d0e-ba28-481e-a2a9-c95807391113_pyramid_tiles_files_16_17_20.pt,1,valid
GigaPath_embeddings_LBC_valid/1/a6a6a107-4162-4090-90ff-d4521738c55e_pyramid_tiles_files_16_17_31.pt,1,valid
GigaPath_embeddings_LBC_valid/1/eeace26f-0d61-42b0-8a7e-38cc2f0bd7e5_pyramid_tiles_files_16_19_30.pt,1,valid
GigaPath_embeddings_LBC_valid/1/f4198852-0424-4491-953a-d3301aaa0524_pyramid_tiles_files_17_24_73.pt,1,valid
GigaPath_embeddings_LBC_valid/1/b71e073f-25c7-43e2-9e4a-7809d0613d87_pyramid_tiles_files_16_17_19.pt,1,valid
GigaPath_embeddings_LBC_valid/1/d282c089-5b1a-48ca-80c6-5cd67f281d5c_pyramid_tiles_files_17_23_73.pt,1,valid
GigaPath_embeddings_LBC_valid/1/8622536e-861a-4e45-8c03-1337f35267fb_pyramid_tiles_files_16_18_20.pt,1,valid
GigaPath_embeddings_LBC_valid/1/05a7c75a-3a19-42fe-bef4-46321b96503c_pyramid_tiles_files_16_21_28.pt,1,valid
GigaPath_embeddings_LBC_valid/1/e4297377-db96-43c0-981f-bb482a083296_pyramid_tiles_files_17_18_40.pt,1,valid
GigaPath_embeddings_LBC_valid/1/0809f883-07ae-4ef2-8963-32424d1b2310_pyramid_tiles_files_16_19_31.pt,1,valid
GigaPath_embeddings_LBC_valid/1/9ccdfd46-597a-4148-b9b0-7853d9ead11a_pyramid_tiles_files_17_14_18.pt,1,valid
GigaPath_embeddings_LBC_valid/1/34ba83db-88de-4125-8d7e-fc129b494468_pyramid_tiles_files_16_22_28.pt,1,valid
GigaPath_embeddings_LBC_valid/1/eeace26f-0d61-42b0-8a7e-38cc2f0bd7e5_pyramid_tiles_files_16_21_29.pt,1,valid
GigaPath_embeddings_LBC_valid/1/537e700c-bb74-41c6-a61e-cbff213e450d_pyramid_tiles_files_16_21_28.pt,1,valid
GigaPath_embeddings_LBC_valid/1/41295260-4748-4a7d-9689-d22f4d1bf6c1_pyramid_tiles_files_16_24_28.pt,1,valid
GigaPath_embeddings_LBC_valid/1/d14ee81b-590d-49f1-b9c1-f25c022331b9_pyramid_tiles_files_16_23_29.pt,1,valid
GigaPath_embeddings_LBC_valid/1/537e700c-bb74-41c6-a61e-cbff213e450d_pyramid_tiles_files_16_17_30.pt,1,valid
GigaPath_embeddings_LBC_valid/1/d7165445-b5e9-4b9e-844c-84e4e10e76b8_pyramid_tiles_files_16_23_29.pt,1,valid
GigaPath_embeddings_LBC_valid/1/9218d0a5-c718-45cc-9612-23b0ac040e3e_pyramid_tiles_files_17_24_73.pt,1,valid
GigaPath_embeddings_LBC_valid/1/7adcd0ef-cbca-4984-aff5-724af95463a4_pyramid_tiles_files_16_17_19.pt,1,valid
GigaPath_embeddings_LBC_valid/1/df5e8063-ae40-4800-9387-61920bf91339_pyramid_tiles_files_16_19_31.pt,1,valid
GigaPath_embeddings_LBC_valid/1/8f61c5c1-e549-489c-b24f-bb3906df8b40_pyramid_tiles_files_16_17_31.pt,1,valid
GigaPath_embeddings_LBC_valid/1/7f084246-fcef-4879-82dd-17c18cc3481b_pyramid_tiles_files_16_18_30.pt,1,valid
GigaPath_embeddings_LBC_valid/1/b34b3227-38a8-47fe-8920-18c280edcff6_pyramid_tiles_files_16_16_20.pt,1,valid
GigaPath_embeddings_LBC_valid/1/ff572c84-b664-461e-9d63-1421cae3c7c0_pyramid_tiles_files_17_17_41.pt,1,valid
GigaPath_embeddings_LBC_valid/1/2b77e2fa-983e-4050-ab0f-5179f73a394e_pyramid_tiles_files_16_17_30.pt,1,valid
GigaPath_embeddings_LBC_valid/1/40200b8c-392e-4a30-a27d-935cb7e5c95c_pyramid_tiles_files_17_17_40.pt,1,valid
GigaPath_embeddings_LBC_valid/1/d78bfaab-dd1d-48d2-a839-ff33e9041001_pyramid_tiles_files_16_22_29.pt,1,valid
GigaPath_embeddings_LBC_valid/1/a162a4e4-226c-41cb-b60b-475042441e74_pyramid_tiles_files_16_17_31.pt,1,valid
GigaPath_embeddings_LBC_valid/1/7f90fbd0-c09c-45ef-b603-f0059d32e4af_pyramid_tiles_files_16_18_19.pt,1,valid
GigaPath_embeddings_LBC_valid/1/7f90fbd0-c09c-45ef-b603-f0059d32e4af_pyramid_tiles_files_16_16_20.pt,1,valid
GigaPath_embeddings_LBC_valid/1/daea7c93-5f94-4fa6-b95d-ec43c7bf721d_pyramid_tiles_files_17_17_40.pt,1,valid
GigaPath_embeddings_LBC_valid/1/11e4ec67-ab0a-4e7e-8e7d-4ad3fdd05682_pyramid_tiles_files_17_23_72.pt,1,valid
GigaPath_embeddings_LBC_valid/1/757bdca3-31ba-4a41-8837-436ae787b24e_pyramid_tiles_files_17_23_72.pt,1,valid
GigaPath_embeddings_LBC_valid/1/ff572c84-b664-461e-9d63-1421cae3c7c0_pyramid_tiles_files_17_15_19.pt,1,valid
GigaPath_embeddings_LBC_valid/1/c6396b76-347c-4c7e-83b6-f23bc75f38fb_pyramid_tiles_files_17_22_73.pt,1,valid
GigaPath_embeddings_LBC_valid/1/b34b3227-38a8-47fe-8920-18c280edcff6_pyramid_tiles_files_16_16_19.pt,1,valid
GigaPath_embeddings_LBC_valid/1/b3370ef8-cc53-43e1-a77d-36fb77932b0f_pyramid_tiles_files_16_19_31.pt,1,valid
GigaPath_embeddings_LBC_valid/1/7f084246-fcef-4879-82dd-17c18cc3481b_pyramid_tiles_files_16_18_20.pt,1,valid
GigaPath_embeddings_LBC_valid/1/eeace26f-0d61-42b0-8a7e-38cc2f0bd7e5_pyramid_tiles_files_16_19_31.pt,1,valid
GigaPath_embeddings_LBC_valid/1/d98d1466-b08e-4cdc-81c2-66b38375028f_pyramid_tiles_files_16_25_29.pt,1,valid
GigaPath_embeddings_LBC_valid/1/f4198852-0424-4491-953a-d3301aaa0524_pyramid_tiles_files_17_14_19.pt,1,valid
GigaPath_embeddings_LBC_valid/1/fc9cbd08-d93b-4d8d-8b07-fa43079c9d4f_pyramid_tiles_files_17_23_72.pt,1,valid
GigaPath_embeddings_LBC_valid/1/e0ee1714-9f42-4c7e-9c29-6b808c24073f_pyramid_tiles_files_16_17_20.pt,1,valid
GigaPath_embeddings_LBC_valid/1/d78bfaab-dd1d-48d2-a839-ff33e9041001_pyramid_tiles_files_16_24_29.pt,1,valid
GigaPath_embeddings_LBC_valid/1/9218d0a5-c718-45cc-9612-23b0ac040e3e_pyramid_tiles_files_17_17_40.pt,1,valid
GigaPath_embeddings_LBC_valid/1/88c29805-3f26-47c7-a33a-cf45d5ee6dc3_pyramid_tiles_files_16_21_29.pt,1,valid
GigaPath_embeddings_LBC_valid/1/f69d24a9-c04a-42d2-a9d5-c226f35f7dc6_pyramid_tiles_files_17_15_19.pt,1,valid
GigaPath_embeddings_LBC_valid/1/a8b605b6-b00f-4588-80f7-a3f04b5daaa3_pyramid_tiles_files_16_24_27.pt,1,valid
GigaPath_embeddings_LBC_valid/1/d2270a1f-26d5-424e-a6ac-6d9adb355bc7_pyramid_tiles_files_17_15_19.pt,1,valid
GigaPath_embeddings_LBC_valid/1/7cdca764-efc1-4f0d-9faa-10e29288c6f8_pyramid_tiles_files_16_18_31.pt,1,valid
GigaPath_embeddings_LBC_valid/1/df4a0635-dc3f-4ccb-a2d9-0f89a4692a93_pyramid_tiles_files_16_24_28.pt,1,valid
GigaPath_embeddings_LBC_valid/1/cfa1a36d-1290-4546-8c41-a23a9c66188d_pyramid_tiles_files_16_17_20.pt,1,valid
GigaPath_embeddings_LBC_valid/1/757bdca3-31ba-4a41-8837-436ae787b24e_pyramid_tiles_files_17_14_18.pt,1,valid
GigaPath_embeddings_LBC_valid/1/9218d0a5-c718-45cc-9612-23b0ac040e3e_pyramid_tiles_files_17_23_72.pt,1,valid
GigaPath_embeddings_LBC_valid/1/f4198852-0424-4491-953a-d3301aaa0524_pyramid_tiles_files_17_22_73.pt,1,valid
GigaPath_embeddings_LBC_valid/1/2b77e2fa-983e-4050-ab0f-5179f73a394e_pyramid_tiles_files_16_16_20.pt,1,valid
GigaPath_embeddings_LBC_valid/1/d5e5cbb6-7fcb-47e0-871f-7d31770b7acc_pyramid_tiles_files_16_21_29.pt,1,valid
GigaPath_embeddings_LBC_valid/1/39551161-80cc-47c6-9219-cb30f7cb3283_pyramid_tiles_files_16_18_31.pt,1,valid
GigaPath_embeddings_LBC_valid/1/2edb0236-8fca-4fab-a0e9-300304e2a20a_pyramid_tiles_files_17_15_19.pt,1,valid
GigaPath_embeddings_LBC_valid/1/0170e458-6934-43fb-b512-f08220d42a8d_pyramid_tiles_files_17_18_40.pt,1,valid
GigaPath_embeddings_LBC_valid/1/6f1af507-f025-4d67-9b07-ff9b2e562a67_pyramid_tiles_files_16_17_20.pt,1,valid
GigaPath_embeddings_LBC_valid/1/3908d14b-0319-46ce-9d7c-d9f484d4e6c5_pyramid_tiles_files_16_21_28.pt,1,valid
GigaPath_embeddings_LBC_valid/1/f69d24a9-c04a-42d2-a9d5-c226f35f7dc6_pyramid_tiles_files_17_22_73.pt,1,valid
GigaPath_embeddings_LBC_valid/1/9218d0a5-c718-45cc-9612-23b0ac040e3e_pyramid_tiles_files_17_17_41.pt,1,valid
GigaPath_embeddings_LBC_valid/1/7cdca764-efc1-4f0d-9faa-10e29288c6f8_pyramid_tiles_files_16_24_29.pt,1,valid
GigaPath_embeddings_LBC_valid/1/e154f668-55ba-46ed-8bbc-91218f1b9841_pyramid_tiles_files_17_14_19.pt,1,valid
GigaPath_embeddings_LBC_valid/1/34ba83db-88de-4125-8d7e-fc129b494468_pyramid_tiles_files_16_25_29.pt,1,valid
GigaPath_embeddings_LBC_valid/1/215b875c-5819-41d9-857a-da2311a99480_pyramid_tiles_files_17_23_72.pt,1,valid
GigaPath_embeddings_LBC_valid/1/82e90f71-8f5b-49f4-b5e0-fed220549a6d_pyramid_tiles_files_17_23_72.pt,1,valid
GigaPath_embeddings_LBC_valid/1/c0449d4d-ff24-491e-941b-b82f9910d51e_pyramid_tiles_files_17_24_73.pt,1,valid
GigaPath_embeddings_LBC_valid/1/e12c0ba4-b9b6-4f55-977d-42841e89f0e1_pyramid_tiles_files_17_17_41.pt,1,valid
GigaPath_embeddings_LBC_valid/1/103910a7-ef17-49d6-b722-31806bc8c3a5_pyramid_tiles_files_16_17_19.pt,1,valid
GigaPath_embeddings_LBC_valid/1/9ccdfd46-597a-4148-b9b0-7853d9ead11a_pyramid_tiles_files_17_24_72.pt,1,valid
GigaPath_embeddings_LBC_valid/1/c4dfb15f-1b2a-470a-b9ef-613a13d7d505_pyramid_tiles_files_17_14_19.pt,1,valid
GigaPath_embeddings_LBC_valid/1/d7165445-b5e9-4b9e-844c-84e4e10e76b8_pyramid_tiles_files_16_17_30.pt,1,valid
GigaPath_embeddings_LBC_valid/1/e84495a2-0920-47f9-95a9-f22b38b127ce_pyramid_tiles_files_16_24_29.pt,1,valid
GigaPath_embeddings_LBC_valid/1/49b7db50-8c64-4aed-aeec-f61e6432f3fd_pyramid_tiles_files_17_23_72.pt,1,valid
GigaPath_embeddings_LBC_valid/1/770f5bc2-09e8-4f6f-80f2-7c32080268a6_pyramid_tiles_files_16_24_27.pt,1,valid
GigaPath_embeddings_LBC_valid/1/e4490c8a-c816-48d4-acfb-690e781a304a_pyramid_tiles_files_16_25_29.pt,1,valid
GigaPath_embeddings_LBC_valid/1/e55b9872-ce3b-4a05-a062-8297e68e1f6e_pyramid_tiles_files_16_18_31.pt,1,valid
GigaPath_embeddings_LBC_valid/1/e4490c8a-c816-48d4-acfb-690e781a304a_pyramid_tiles_files_16_19_30.pt,1,valid
GigaPath_embeddings_LBC_valid/1/b34b3227-38a8-47fe-8920-18c280edcff6_pyramid_tiles_files_16_19_30.pt,1,valid
GigaPath_embeddings_LBC_valid/1/dd2bbc91-721e-4adb-99a2-23a9f68362ef_pyramid_tiles_files_16_24_28.pt,1,valid
GigaPath_embeddings_LBC_valid/1/7b35cee2-c730-4045-a69b-18802e2b4c8e_pyramid_tiles_files_17_17_40.pt,1,valid
GigaPath_embeddings_LBC_valid/1/1f648a7a-3d12-4d96-a35d-8328e2c2c766_pyramid_tiles_files_17_23_72.pt,1,valid
GigaPath_embeddings_LBC_valid/1/cfa1a36d-1290-4546-8c41-a23a9c66188d_pyramid_tiles_files_16_22_29.pt,1,valid
GigaPath_embeddings_LBC_valid/1/c0449d4d-ff24-491e-941b-b82f9910d51e_pyramid_tiles_files_17_15_19.pt,1,valid
GigaPath_embeddings_LBC_valid/1/ee421114-146a-4aee-beaf-c14dae8a13a4_pyramid_tiles_files_16_19_30.pt,1,valid
GigaPath_embeddings_LBC_valid/1/1f9396eb-107b-4eb2-a434-c7cb66eaa071_pyramid_tiles_files_16_24_27.pt,1,valid
GigaPath_embeddings_LBC_valid/1/f5a044fa-6bad-49f3-b270-aa635a369748_pyramid_tiles_files_16_25_27.pt,1,valid
GigaPath_embeddings_LBC_valid/1/9fac65c4-3967-4e89-8188-01be7914423b_pyramid_tiles_files_16_24_28.pt,1,valid
GigaPath_embeddings_LBC_valid/1/7adcd0ef-cbca-4984-aff5-724af95463a4_pyramid_tiles_files_16_24_27.pt,1,valid
GigaPath_embeddings_LBC_valid/1/d14ee81b-590d-49f1-b9c1-f25c022331b9_pyramid_tiles_files_16_16_19.pt,1,valid
GigaPath_embeddings_LBC_valid/1/8f61c5c1-e549-489c-b24f-bb3906df8b40_pyramid_tiles_files_16_16_20.pt,1,valid
GigaPath_embeddings_LBC_valid/1/f53d7c4b-bc70-4adc-88ff-a136722e0ef0_pyramid_tiles_files_16_18_20.pt,1,valid
GigaPath_embeddings_LBC_valid/1/9f9025f6-3cb2-4e63-9f09-1c25957cd8e3_pyramid_tiles_files_17_23_72.pt,1,valid
GigaPath_embeddings_LBC_valid/1/c99b0491-5d02-4e58-90c0-67838b0b2500_pyramid_tiles_files_16_25_27.pt,1,valid
GigaPath_embeddings_LBC_valid/1/8f61c5c1-e549-489c-b24f-bb3906df8b40_pyramid_tiles_files_16_19_31.pt,1,valid
GigaPath_embeddings_LBC_valid/1/9218d0a5-c718-45cc-9612-23b0ac040e3e_pyramid_tiles_files_17_14_19.pt,1,valid
GigaPath_embeddings_LBC_valid/1/3051d836-91a4-4aff-9bf2-7cf31904a2ea_pyramid_tiles_files_16_25_27.pt,1,valid
GigaPath_embeddings_LBC_valid/1/d98d1466-b08e-4cdc-81c2-66b38375028f_pyramid_tiles_files_16_23_29.pt,1,valid
GigaPath_embeddings_LBC_valid/1/deb52381-ec34-4586-a9ba-461702954557_pyramid_tiles_files_17_15_19.pt,1,valid
GigaPath_embeddings_LBC_valid/1/05f7516a-c717-491e-b5f2-b611c3789fa3_pyramid_tiles_files_16_23_28.pt,1,valid
GigaPath_embeddings_LBC_valid/1/dd2f13fc-3d5f-40e0-8d49-cc94b041616c_pyramid_tiles_files_16_18_31.pt,1,valid
GigaPath_embeddings_LBC_valid/1/f38d2bb8-7326-47e7-a2b4-17154c5f2c0c_pyramid_tiles_files_16_25_27.pt,1,valid
GigaPath_embeddings_LBC_valid/1/fc9cbd08-d93b-4d8d-8b07-fa43079c9d4f_pyramid_tiles_files_17_17_40.pt,1,valid
GigaPath_embeddings_LBC_valid/1/910ae3a4-0161-408b-bc72-41e06bd37102_pyramid_tiles_files_16_17_30.pt,1,valid
GigaPath_embeddings_LBC_valid/1/ba1eb208-7671-4d89-b931-9438a6c52423_pyramid_tiles_files_17_14_19.pt,1,valid
GigaPath_embeddings_LBC_valid/1/27f952da-cb0e-4b86-9464-3b31671933ce_pyramid_tiles_files_17_22_73.pt,1,valid
GigaPath_embeddings_LBC_valid/1/b34b3227-38a8-47fe-8920-18c280edcff6_pyramid_tiles_files_16_21_28.pt,1,valid
GigaPath_embeddings_LBC_valid/1/d7165445-b5e9-4b9e-844c-84e4e10e76b8_pyramid_tiles_files_16_19_31.pt,1,valid
GigaPath_embeddings_LBC_valid/1/3c4ac5df-b116-4847-8737-79d4db791a7e_pyramid_tiles_files_17_18_40.pt,1,valid
GigaPath_embeddings_LBC_valid/1/cf67a244-b7e8-46cf-81e4-fd444b2ccbc0_pyramid_tiles_files_17_17_41.pt,1,valid
GigaPath_embeddings_LBC_valid/1/2349a7ef-89f1-44c5-a16c-93cd50a5160a_pyramid_tiles_files_17_18_40.pt,1,valid
GigaPath_embeddings_LBC_valid/1/97aab5f3-09ef-4dc8-9566-bdabb5ca08b0_pyramid_tiles_files_17_14_19.pt,1,valid
GigaPath_embeddings_LBC_valid/1/848883dc-0a70-410a-b42c-42818e6bce8a_pyramid_tiles_files_16_25_29.pt,1,valid
GigaPath_embeddings_LBC_valid/1/42d0b3fd-f8a3-46b8-9661-e9a432105fcd_pyramid_tiles_files_17_14_19.pt,1,valid
GigaPath_embeddings_LBC_valid/1/f4198852-0424-4491-953a-d3301aaa0524_pyramid_tiles_files_17_17_40.pt,1,valid
GigaPath_embeddings_LBC_valid/1/ec591c22-e5c9-426f-928f-2a4910f26cfe_pyramid_tiles_files_16_23_28.pt,1,valid
GigaPath_embeddings_LBC_valid/1/8f61c5c1-e549-489c-b24f-bb3906df8b40_pyramid_tiles_files_16_24_28.pt,1,valid
GigaPath_embeddings_LBC_valid/1/a4047681-fe6c-4db0-8e38-c66ca50d77f7_pyramid_tiles_files_17_14_19.pt,1,valid
GigaPath_embeddings_LBC_valid/1/f69d24a9-c04a-42d2-a9d5-c226f35f7dc6_pyramid_tiles_files_17_18_40.pt,1,valid
GigaPath_embeddings_LBC_valid/1/667596ff-485c-41f9-ac32-9f91f8cc66c0_pyramid_tiles_files_17_22_72.pt,1,valid
GigaPath_embeddings_LBC_valid/1/99658cf5-d1dc-4436-ac7c-24f303817fb0_pyramid_tiles_files_16_22_28.pt,1,valid
GigaPath_embeddings_LBC_valid/1/d0b24e86-0df9-4e80-9802-77f3f8a44a4e_pyramid_tiles_files_16_19_31.pt,1,valid
GigaPath_embeddings_LBC_valid/1/41295260-4748-4a7d-9689-d22f4d1bf6c1_pyramid_tiles_files_16_24_27.pt,1,valid
GigaPath_embeddings_LBC_valid/1/f845a584-75e9-4272-b88a-3ab2ae175011_pyramid_tiles_files_16_16_20.pt,1,valid
GigaPath_embeddings_LBC_valid/1/88c29805-3f26-47c7-a33a-cf45d5ee6dc3_pyramid_tiles_files_16_18_19.pt,1,valid
GigaPath_embeddings_LBC_valid/1/a4047681-fe6c-4db0-8e38-c66ca50d77f7_pyramid_tiles_files_17_23_72.pt,1,valid
GigaPath_embeddings_LBC_valid/1/fb34db15-00ea-425c-89e7-8f6bf844e9e8_pyramid_tiles_files_16_24_28.pt,1,valid
GigaPath_embeddings_LBC_valid/1/33851c15-9a41-450a-bff1-d906c9acf6f3_pyramid_tiles_files_16_17_30.pt,1,valid
GigaPath_embeddings_LBC_valid/1/5d4f21ca-f7ae-4fca-8e36-fd6db89d841e_pyramid_tiles_files_17_14_19.pt,1,valid
GigaPath_embeddings_LBC_valid/1/b34b3227-38a8-47fe-8920-18c280edcff6_pyramid_tiles_files_16_24_28.pt,1,valid
GigaPath_embeddings_LBC_valid/1/42d0b3fd-f8a3-46b8-9661-e9a432105fcd_pyramid_tiles_files_17_24_72.pt,1,valid
GigaPath_embeddings_LBC_valid/1/ead8e571-832f-48cf-ac10-dbf23a23e118_pyramid_tiles_files_16_22_28.pt,1,valid
GigaPath_embeddings_LBC_valid/1/88fa9c4b-c50b-46b6-8f70-3cb245539b47_pyramid_tiles_files_16_25_28.pt,1,valid
GigaPath_embeddings_LBC_valid/1/c4dfb15f-1b2a-470a-b9ef-613a13d7d505_pyramid_tiles_files_17_23_72.pt,1,valid
GigaPath_embeddings_LBC_valid/1/7b35cee2-c730-4045-a69b-18802e2b4c8e_pyramid_tiles_files_17_18_41.pt,1,valid
GigaPath_embeddings_LBC_valid/1/2f9ace47-773d-432b-95c0-4c79d09ca789_pyramid_tiles_files_17_22_73.pt,1,valid
GigaPath_embeddings_LBC_valid/1/0809f883-07ae-4ef2-8963-32424d1b2310_pyramid_tiles_files_16_16_19.pt,1,valid
GigaPath_embeddings_LBC_valid/1/1900bdd5-ff4b-47e3-8384-0c7aa7b67c96_pyramid_tiles_files_16_25_27.pt,1,valid
GigaPath_embeddings_LBC_valid/1/7f90fbd0-c09c-45ef-b603-f0059d32e4af_pyramid_tiles_files_16_21_28.pt,1,valid
GigaPath_embeddings_LBC_valid/1/3051d836-91a4-4aff-9bf2-7cf31904a2ea_pyramid_tiles_files_16_16_19.pt,1,valid
GigaPath_embeddings_LBC_valid/1/34ba83db-88de-4125-8d7e-fc129b494468_pyramid_tiles_files_16_18_30.pt,1,valid
GigaPath_embeddings_LBC_valid/1/1fb96a41-129c-4275-b731-c359822ff033_pyramid_tiles_files_17_24_73.pt,1,valid
GigaPath_embeddings_LBC_valid/1/c4dfb15f-1b2a-470a-b9ef-613a13d7d505_pyramid_tiles_files_17_17_41.pt,1,valid
GigaPath_embeddings_LBC_valid/1/d14ee81b-590d-49f1-b9c1-f25c022331b9_pyramid_tiles_files_16_21_28.pt,1,valid
GigaPath_embeddings_LBC_valid/1/103910a7-ef17-49d6-b722-31806bc8c3a5_pyramid_tiles_files_16_19_31.pt,1,valid
GigaPath_embeddings_LBC_valid/1/4ca4cdf5-ff38-4a76-8a6d-b63e824f6685_pyramid_tiles_files_16_17_30.pt,1,valid
GigaPath_embeddings_LBC_valid/1/9fac65c4-3967-4e89-8188-01be7914423b_pyramid_tiles_files_16_22_28.pt,1,valid
GigaPath_embeddings_LBC_valid/1/00c2a168-0bc9-4031-954f-d620d13a798e_pyramid_tiles_files_17_15_19.pt,1,valid
GigaPath_embeddings_LBC_valid/1/2ae84759-5488-420a-b67a-2794e594e102_pyramid_tiles_files_16_19_31.pt,1,valid
GigaPath_embeddings_LBC_valid/1/f53d7c4b-bc70-4adc-88ff-a136722e0ef0_pyramid_tiles_files_16_18_30.pt,1,valid
GigaPath_embeddings_LBC_valid/1/9ffbf523-b2b2-4a89-812f-5235ef148d44_pyramid_tiles_files_17_22_72.pt,1,valid
GigaPath_embeddings_LBC_valid/1/28b2c9da-27e9-4c9a-8989-7902bd4829ec_pyramid_tiles_files_17_23_73.pt,1,valid
GigaPath_embeddings_LBC_valid/1/ed470fa7-2231-4856-bbdb-9c45ada10876_pyramid_tiles_files_16_18_30.pt,1,valid
GigaPath_embeddings_LBC_valid/1/e4f9d4ac-0e18-426c-920a-56da5042a2b6_pyramid_tiles_files_16_21_28.pt,1,valid
GigaPath_embeddings_LBC_valid/1/7cdca764-efc1-4f0d-9faa-10e29288c6f8_pyramid_tiles_files_16_19_30.pt,1,valid
GigaPath_embeddings_LBC_valid/1/34ba83db-88de-4125-8d7e-fc129b494468_pyramid_tiles_files_16_21_29.pt,1,valid
GigaPath_embeddings_LBC_valid/1/2675f262-0e7c-483d-971e-00500ac47587_pyramid_tiles_files_16_16_19.pt,1,valid
GigaPath_embeddings_LBC_valid/1/f5a044fa-6bad-49f3-b270-aa635a369748_pyramid_tiles_files_16_24_29.pt,1,valid
GigaPath_embeddings_LBC_valid/1/dd2f13fc-3d5f-40e0-8d49-cc94b041616c_pyramid_tiles_files_16_16_19.pt,1,valid
GigaPath_embeddings_LBC_valid/1/dd2bbc91-721e-4adb-99a2-23a9f68362ef_pyramid_tiles_files_16_16_19.pt,1,valid
GigaPath_embeddings_LBC_valid/1/24c8b882-f5c3-44c8-850a-4d8efa534536_pyramid_tiles_files_16_17_19.pt,1,valid
GigaPath_embeddings_LBC_valid/1/c111e4b1-718a-4334-9d6e-d2394615b1d5_pyramid_tiles_files_17_23_73.pt,1,valid
GigaPath_embeddings_LBC_valid/1/ed470fa7-2231-4856-bbdb-9c45ada10876_pyramid_tiles_files_16_24_27.pt,1,valid
GigaPath_embeddings_LBC_valid/1/878e391e-4957-471f-bea3-e02bf882cfd1_pyramid_tiles_files_17_17_40.pt,1,valid
GigaPath_embeddings_LBC_valid/1/05a7c75a-3a19-42fe-bef4-46321b96503c_pyramid_tiles_files_16_16_19.pt,1,valid
GigaPath_embeddings_LBC_valid/1/8f61c5c1-e549-489c-b24f-bb3906df8b40_pyramid_tiles_files_16_18_30.pt,1,valid
GigaPath_embeddings_LBC_valid/1/c4dfb15f-1b2a-470a-b9ef-613a13d7d505_pyramid_tiles_files_17_22_72.pt,1,valid
GigaPath_embeddings_LBC_valid/1/f53d7c4b-bc70-4adc-88ff-a136722e0ef0_pyramid_tiles_files_16_16_19.pt,1,valid
GigaPath_embeddings_LBC_valid/1/a88839a2-827d-4c30-85d3-1eebce71509a_pyramid_tiles_files_16_16_19.pt,1,valid
GigaPath_embeddings_LBC_valid/1/0aaa3037-e4d2-4bb5-9f20-bda58da5c3fe_pyramid_tiles_files_17_23_72.pt,1,valid
GigaPath_embeddings_LBC_valid/1/05a7c75a-3a19-42fe-bef4-46321b96503c_pyramid_tiles_files_16_23_29.pt,1,valid
GigaPath_embeddings_LBC_valid/1/88a9d8e1-7333-4408-801b-6b56b5efe148_pyramid_tiles_files_17_24_73.pt,1,valid
GigaPath_embeddings_LBC_valid/1/bfda3d1a-59f1-447b-b964-0774d6564648_pyramid_tiles_files_16_25_28.pt,1,valid
GigaPath_embeddings_LBC_valid/1/2f9ace47-773d-432b-95c0-4c79d09ca789_pyramid_tiles_files_17_14_19.pt,1,valid
GigaPath_embeddings_LBC_valid/1/e38679b5-dfb1-4d9b-9cd1-51d23497d166_pyramid_tiles_files_16_22_29.pt,1,valid
GigaPath_embeddings_LBC_valid/1/dd2f13fc-3d5f-40e0-8d49-cc94b041616c_pyramid_tiles_files_16_17_30.pt,1,valid
GigaPath_embeddings_LBC_valid/1/35529ea9-ab7d-4e67-9be2-7faddf0afbed_pyramid_tiles_files_16_16_20.pt,1,valid
GigaPath_embeddings_LBC_valid/1/e12c0ba4-b9b6-4f55-977d-42841e89f0e1_pyramid_tiles_files_17_15_19.pt,1,valid
GigaPath_embeddings_LBC_valid/1/8622536e-861a-4e45-8c03-1337f35267fb_pyramid_tiles_files_16_23_29.pt,1,valid
GigaPath_embeddings_LBC_valid/1/8622536e-861a-4e45-8c03-1337f35267fb_pyramid_tiles_files_16_17_19.pt,1,valid
GigaPath_embeddings_LBC_valid/1/1de50383-a38d-4e77-8672-3cae59401c9e_pyramid_tiles_files_17_15_19.pt,1,valid
GigaPath_embeddings_LBC_valid/1/3edcf025-1da1-4b54-aefd-54ca01f4f0eb_pyramid_tiles_files_17_14_19.pt,1,valid
GigaPath_embeddings_LBC_valid/1/05a7c75a-3a19-42fe-bef4-46321b96503c_pyramid_tiles_files_16_24_27.pt,1,valid
GigaPath_embeddings_LBC_valid/1/cc7c724e-96c6-42c8-9835-1e0643592f70_pyramid_tiles_files_17_24_73.pt,1,valid
GigaPath_embeddings_LBC_valid/1/215b875c-5819-41d9-857a-da2311a99480_pyramid_tiles_files_17_18_40.pt,1,valid
GigaPath_embeddings_LBC_valid/1/e4f9d4ac-0e18-426c-920a-56da5042a2b6_pyramid_tiles_files_16_17_19.pt,1,valid
GigaPath_embeddings_LBC_valid/1/c96df772-ba66-4d32-8de8-134fa7427d0c_pyramid_tiles_files_17_24_73.pt,1,valid
GigaPath_embeddings_LBC_valid/1/8f61c5c1-e549-489c-b24f-bb3906df8b40_pyramid_tiles_files_16_25_28.pt,1,valid
GigaPath_embeddings_LBC_valid/1/103910a7-ef17-49d6-b722-31806bc8c3a5_pyramid_tiles_files_16_22_28.pt,1,valid
GigaPath_embeddings_LBC_valid/1/0809f883-07ae-4ef2-8963-32424d1b2310_pyramid_tiles_files_16_18_20.pt,1,valid
GigaPath_embeddings_LBC_valid/1/34ba83db-88de-4125-8d7e-fc129b494468_pyramid_tiles_files_16_23_28.pt,1,valid
GigaPath_embeddings_LBC_valid/1/fb34db15-00ea-425c-89e7-8f6bf844e9e8_pyramid_tiles_files_16_24_27.pt,1,valid
GigaPath_embeddings_LBC_valid/1/df5e8063-ae40-4800-9387-61920bf91339_pyramid_tiles_files_16_17_31.pt,1,valid
GigaPath_embeddings_LBC_valid/1/a4047681-fe6c-4db0-8e38-c66ca50d77f7_pyramid_tiles_files_17_14_18.pt,1,valid
GigaPath_embeddings_LBC_valid/1/f8cdd598-f195-4e7f-9140-9230a7341e8d_pyramid_tiles_files_16_16_20.pt,1,valid
GigaPath_embeddings_LBC_valid/1/07e430fa-9641-4821-a635-6d4e3f8f1cc8_pyramid_tiles_files_16_18_30.pt,1,valid
GigaPath_embeddings_LBC_valid/1/3f15feb9-c91a-40ce-a257-3d25dfab60d8_pyramid_tiles_files_16_23_28.pt,1,valid
GigaPath_embeddings_LBC_valid/1/3a922671-4cfc-4650-8cc9-51db2c72c8d4_pyramid_tiles_files_16_17_20.pt,1,valid
GigaPath_embeddings_LBC_valid/1/5d4f21ca-f7ae-4fca-8e36-fd6db89d841e_pyramid_tiles_files_17_18_41.pt,1,valid
GigaPath_embeddings_LBC_valid/1/eed8a45e-5400-44f3-bec9-acad9bffabe6_pyramid_tiles_files_16_17_30.pt,1,valid
GigaPath_embeddings_LBC_valid/1/9832fea5-5b1a-41d2-9319-e953a420307d_pyramid_tiles_files_16_22_29.pt,1,valid
GigaPath_embeddings_LBC_valid/1/d98d1466-b08e-4cdc-81c2-66b38375028f_pyramid_tiles_files_16_18_19.pt,1,valid
GigaPath_embeddings_LBC_valid/1/99658cf5-d1dc-4436-ac7c-24f303817fb0_pyramid_tiles_files_16_23_28.pt,1,valid
GigaPath_embeddings_LBC_valid/1/9e3412ec-231c-40a8-8c17-e358744efb5a_pyramid_tiles_files_16_25_29.pt,1,valid
GigaPath_embeddings_LBC_valid/1/f9e2d87e-82ee-4e66-a710-97cf70cdb392_pyramid_tiles_files_16_19_31.pt,1,valid
GigaPath_embeddings_LBC_valid/1/f53d7c4b-bc70-4adc-88ff-a136722e0ef0_pyramid_tiles_files_16_17_20.pt,1,valid
GigaPath_embeddings_LBC_valid/1/2edb0236-8fca-4fab-a0e9-300304e2a20a_pyramid_tiles_files_17_23_72.pt,1,valid
GigaPath_embeddings_LBC_valid/1/ff7ed6b1-de79-4426-84ce-1eb0993ce5ad_pyramid_tiles_files_16_21_29.pt,1,valid
GigaPath_embeddings_LBC_valid/1/438ea06e-54ae-4f07-98fc-b849cd1edc72_pyramid_tiles_files_17_22_73.pt,1,valid
GigaPath_embeddings_LBC_valid/1/1b577487-07bc-477e-8f84-d6700010a240_pyramid_tiles_files_17_18_41.pt,1,valid
GigaPath_embeddings_LBC_valid/1/b5f02412-10be-4039-99db-d0fde541487a_pyramid_tiles_files_17_24_72.pt,1,valid
GigaPath_embeddings_LBC_valid/1/2babd76f-dfde-4550-a087-a6f04ae0380c_pyramid_tiles_files_17_23_73.pt,1,valid
GigaPath_embeddings_LBC_valid/1/ec7e06ff-bd57-4558-9c73-41bfe0e295ba_pyramid_tiles_files_17_15_18.pt,1,valid
GigaPath_embeddings_LBC_valid/1/f5a044fa-6bad-49f3-b270-aa635a369748_pyramid_tiles_files_16_19_30.pt,1,valid
GigaPath_embeddings_LBC_valid/1/0809f883-07ae-4ef2-8963-32424d1b2310_pyramid_tiles_files_16_21_29.pt,1,valid
GigaPath_embeddings_LBC_valid/1/d750d161-f794-40ee-90a4-c79c85733209_pyramid_tiles_files_17_23_73.pt,1,valid
GigaPath_embeddings_LBC_valid/1/1de50383-a38d-4e77-8672-3cae59401c9e_pyramid_tiles_files_17_15_18.pt,1,valid
GigaPath_embeddings_LBC_valid/1/ff7ed6b1-de79-4426-84ce-1eb0993ce5ad_pyramid_tiles_files_16_23_29.pt,1,valid
GigaPath_embeddings_LBC_valid/1/00c2a168-0bc9-4031-954f-d620d13a798e_pyramid_tiles_files_17_22_73.pt,1,valid
GigaPath_embeddings_LBC_valid/1/39551161-80cc-47c6-9219-cb30f7cb3283_pyramid_tiles_files_16_24_29.pt,1,valid
GigaPath_embeddings_LBC_valid/1/0aaa3037-e4d2-4bb5-9f20-bda58da5c3fe_pyramid_tiles_files_17_22_72.pt,1,valid
GigaPath_embeddings_LBC_valid/1/f5a044fa-6bad-49f3-b270-aa635a369748_pyramid_tiles_files_16_21_29.pt,1,valid
GigaPath_embeddings_LBC_valid/1/3c4ac5df-b116-4847-8737-79d4db791a7e_pyramid_tiles_files_17_17_41.pt,1,valid
GigaPath_embeddings_LBC_valid/1/c99b0491-5d02-4e58-90c0-67838b0b2500_pyramid_tiles_files_16_21_28.pt,1,valid
GigaPath_embeddings_LBC_valid/1/a8b605b6-b00f-4588-80f7-a3f04b5daaa3_pyramid_tiles_files_16_23_29.pt,1,valid
GigaPath_embeddings_LBC_valid/1/3051d836-91a4-4aff-9bf2-7cf31904a2ea_pyramid_tiles_files_16_23_28.pt,1,valid
GigaPath_embeddings_LBC_valid/1/33851c15-9a41-450a-bff1-d906c9acf6f3_pyramid_tiles_files_16_25_29.pt,1,valid
GigaPath_embeddings_LBC_valid/1/ff7ed6b1-de79-4426-84ce-1eb0993ce5ad_pyramid_tiles_files_16_18_19.pt,1,valid
GigaPath_embeddings_LBC_valid/1/7d2da7f8-aa22-429e-9690-f6ff7fbfb9c6_pyramid_tiles_files_17_22_72.pt,1,valid
GigaPath_embeddings_LBC_valid/1/1fb96a41-129c-4275-b731-c359822ff033_pyramid_tiles_files_17_17_41.pt,1,valid
GigaPath_embeddings_LBC_valid/1/3f15feb9-c91a-40ce-a257-3d25dfab60d8_pyramid_tiles_files_16_22_28.pt,1,valid
GigaPath_embeddings_LBC_valid/1/82df266a-7b42-4683-abfd-df06c24c0095_pyramid_tiles_files_17_23_73.pt,1,valid
GigaPath_embeddings_LBC_valid/1/df5e8063-ae40-4800-9387-61920bf91339_pyramid_tiles_files_16_24_28.pt,1,valid
GigaPath_embeddings_LBC_valid/1/dd2bbc91-721e-4adb-99a2-23a9f68362ef_pyramid_tiles_files_16_22_28.pt,1,valid
GigaPath_embeddings_LBC_valid/1/f9e2d87e-82ee-4e66-a710-97cf70cdb392_pyramid_tiles_files_16_25_27.pt,1,valid
GigaPath_embeddings_LBC_valid/1/770f5bc2-09e8-4f6f-80f2-7c32080268a6_pyramid_tiles_files_16_19_30.pt,1,valid
GigaPath_embeddings_LBC_valid/1/c99b0491-5d02-4e58-90c0-67838b0b2500_pyramid_tiles_files_16_18_19.pt,1,valid
GigaPath_embeddings_LBC_valid/1/a8b605b6-b00f-4588-80f7-a3f04b5daaa3_pyramid_tiles_files_16_18_31.pt,1,valid
GigaPath_embeddings_LBC_valid/1/13a98c45-1483-4b7a-b509-ff2f1829df9b_pyramid_tiles_files_17_17_41.pt,1,valid
GigaPath_embeddings_LBC_valid/1/f8cdd598-f195-4e7f-9140-9230a7341e8d_pyramid_tiles_files_16_24_28.pt,1,valid
GigaPath_embeddings_LBC_valid/1/e535b22d-c4ba-4191-805a-4338d4452be1_pyramid_tiles_files_16_24_27.pt,1,valid
GigaPath_embeddings_LBC_valid/1/7f084246-fcef-4879-82dd-17c18cc3481b_pyramid_tiles_files_16_25_28.pt,1,valid
GigaPath_embeddings_LBC_valid/1/8ba06d0e-ba28-481e-a2a9-c95807391113_pyramid_tiles_files_16_25_28.pt,1,valid
GigaPath_embeddings_LBC_valid/1/2babd76f-dfde-4550-a087-a6f04ae0380c_pyramid_tiles_files_17_15_19.pt,1,valid
GigaPath_embeddings_LBC_valid/1/a6cbace4-4145-454d-bea2-a9043abe08d8_pyramid_tiles_files_17_22_73.pt,1,valid
GigaPath_embeddings_LBC_valid/1/a7129833-faa2-4c97-826d-e43b75b7cb05_pyramid_tiles_files_16_22_28.pt,1,valid
GigaPath_embeddings_LBC_valid/1/ff572c84-b664-461e-9d63-1421cae3c7c0_pyramid_tiles_files_17_14_18.pt,1,valid
GigaPath_embeddings_LBC_valid/1/4d43ca02-898e-471a-89ff-38e030d7d3f8_pyramid_tiles_files_16_17_19.pt,1,valid
GigaPath_embeddings_LBC_valid/1/af452c1d-404b-40d7-8523-afab97ce3fe7_pyramid_tiles_files_17_14_19.pt,1,valid
GigaPath_embeddings_LBC_valid/1/33851c15-9a41-450a-bff1-d906c9acf6f3_pyramid_tiles_files_16_18_19.pt,1,valid
GigaPath_embeddings_LBC_valid/1/d282c089-5b1a-48ca-80c6-5cd67f281d5c_pyramid_tiles_files_17_18_40.pt,1,valid
GigaPath_embeddings_LBC_valid/1/fe82db87-b9ac-4171-b3b8-df2cf530394a_pyramid_tiles_files_17_14_18.pt,1,valid
GigaPath_embeddings_LBC_valid/1/efbff1b0-e29a-4b52-9676-b20fbd72d3b5_pyramid_tiles_files_16_23_29.pt,1,valid
GigaPath_embeddings_LBC_valid/1/860e3689-9c98-41b1-a40c-82ecedb84773_pyramid_tiles_files_17_15_18.pt,1,valid
GigaPath_embeddings_LBC_valid/1/9832fea5-5b1a-41d2-9319-e953a420307d_pyramid_tiles_files_16_21_28.pt,1,valid
GigaPath_embeddings_LBC_valid/1/d5e5cbb6-7fcb-47e0-871f-7d31770b7acc_pyramid_tiles_files_16_19_31.pt,1,valid
GigaPath_embeddings_LBC_valid/1/2b77e2fa-983e-4050-ab0f-5179f73a394e_pyramid_tiles_files_16_17_31.pt,1,valid
GigaPath_embeddings_LBC_valid/1/e154f668-55ba-46ed-8bbc-91218f1b9841_pyramid_tiles_files_17_23_73.pt,1,valid
GigaPath_embeddings_LBC_valid/1/2b77e2fa-983e-4050-ab0f-5179f73a394e_pyramid_tiles_files_16_17_20.pt,1,valid
GigaPath_embeddings_LBC_valid/1/6863a74b-12b6-41e5-8beb-60b571303b26_pyramid_tiles_files_17_18_40.pt,1,valid
GigaPath_embeddings_LBC_valid/1/10003085-3ef2-4f6d-b4d2-0446990fe5f3_pyramid_tiles_files_16_22_29.pt,1,valid
GigaPath_embeddings_LBC_valid/1/eeace26f-0d61-42b0-8a7e-38cc2f0bd7e5_pyramid_tiles_files_16_21_28.pt,1,valid
GigaPath_embeddings_LBC_valid/1/e4297377-db96-43c0-981f-bb482a083296_pyramid_tiles_files_17_23_73.pt,1,valid
GigaPath_embeddings_LBC_valid/1/33851c15-9a41-450a-bff1-d906c9acf6f3_pyramid_tiles_files_16_23_28.pt,1,valid
GigaPath_embeddings_LBC_valid/1/07e430fa-9641-4821-a635-6d4e3f8f1cc8_pyramid_tiles_files_16_25_28.pt,1,valid
GigaPath_embeddings_LBC_valid/1/d5e5cbb6-7fcb-47e0-871f-7d31770b7acc_pyramid_tiles_files_16_24_29.pt,1,valid
GigaPath_embeddings_LBC_valid/1/8ba06d0e-ba28-481e-a2a9-c95807391113_pyramid_tiles_files_16_19_30.pt,1,valid
GigaPath_embeddings_LBC_valid/1/2675f262-0e7c-483d-971e-00500ac47587_pyramid_tiles_files_16_17_31.pt,1,valid
GigaPath_embeddings_LBC_valid/1/09022f45-72f6-41d4-b741-d102f2ae2fdc_pyramid_tiles_files_16_21_28.pt,1,valid
GigaPath_embeddings_LBC_valid/1/103910a7-ef17-49d6-b722-31806bc8c3a5_pyramid_tiles_files_16_24_27.pt,1,valid
GigaPath_embeddings_LBC_valid/1/2ae84759-5488-420a-b67a-2794e594e102_pyramid_tiles_files_16_21_28.pt,1,valid
GigaPath_embeddings_LBC_valid/1/4ca4cdf5-ff38-4a76-8a6d-b63e824f6685_pyramid_tiles_files_16_18_30.pt,1,valid
GigaPath_embeddings_LBC_valid/1/f53d7c4b-bc70-4adc-88ff-a136722e0ef0_pyramid_tiles_files_16_17_30.pt,1,valid
GigaPath_embeddings_LBC_valid/1/770f5bc2-09e8-4f6f-80f2-7c32080268a6_pyramid_tiles_files_16_22_28.pt,1,valid
GigaPath_embeddings_LBC_valid/1/2ae84759-5488-420a-b67a-2794e594e102_pyramid_tiles_files_16_24_29.pt,1,valid
GigaPath_embeddings_LBC_valid/1/cc7c724e-96c6-42c8-9835-1e0643592f70_pyramid_tiles_files_17_14_18.pt,1,valid
GigaPath_embeddings_LBC_valid/1/848883dc-0a70-410a-b42c-42818e6bce8a_pyramid_tiles_files_16_23_29.pt,1,valid
GigaPath_embeddings_LBC_valid/1/e4297377-db96-43c0-981f-bb482a083296_pyramid_tiles_files_17_22_72.pt,1,valid
GigaPath_embeddings_LBC_valid/1/d14ee81b-590d-49f1-b9c1-f25c022331b9_pyramid_tiles_files_16_19_31.pt,1,valid
GigaPath_embeddings_LBC_valid/1/e0ee1714-9f42-4c7e-9c29-6b808c24073f_pyramid_tiles_files_16_21_29.pt,1,valid
GigaPath_embeddings_LBC_valid/1/3a922671-4cfc-4650-8cc9-51db2c72c8d4_pyramid_tiles_files_16_24_29.pt,1,valid
GigaPath_embeddings_LBC_valid/1/fe82db87-b9ac-4171-b3b8-df2cf530394a_pyramid_tiles_files_17_15_18.pt,1,valid
GigaPath_embeddings_LBC_valid/1/1f9396eb-107b-4eb2-a434-c7cb66eaa071_pyramid_tiles_files_16_21_28.pt,1,valid
GigaPath_embeddings_LBC_valid/1/1561b271-ed0a-4bba-968f-ec730f2a5707_pyramid_tiles_files_16_17_30.pt,1,valid
GigaPath_embeddings_LBC_valid/1/e55b9872-ce3b-4a05-a062-8297e68e1f6e_pyramid_tiles_files_16_21_29.pt,1,valid
GigaPath_embeddings_LBC_valid/1/40490219-ecc2-40c6-bd90-10f007f8f579_pyramid_tiles_files_17_14_19.pt,1,valid
GigaPath_embeddings_LBC_valid/1/efbff1b0-e29a-4b52-9676-b20fbd72d3b5_pyramid_tiles_files_16_25_27.pt,1,valid
GigaPath_embeddings_LBC_valid/1/b3370ef8-cc53-43e1-a77d-36fb77932b0f_pyramid_tiles_files_16_24_27.pt,1,valid
GigaPath_embeddings_LBC_valid/1/7adcd0ef-cbca-4984-aff5-724af95463a4_pyramid_tiles_files_16_17_30.pt,1,valid
GigaPath_embeddings_LBC_valid/1/99658cf5-d1dc-4436-ac7c-24f303817fb0_pyramid_tiles_files_16_23_29.pt,1,valid
GigaPath_embeddings_LBC_valid/1/cf67a244-b7e8-46cf-81e4-fd444b2ccbc0_pyramid_tiles_files_17_15_19.pt,1,valid
GigaPath_embeddings_LBC_valid/1/d78bfaab-dd1d-48d2-a839-ff33e9041001_pyramid_tiles_files_16_19_30.pt,1,valid
GigaPath_embeddings_LBC_valid/1/4c84cdfb-d548-4bf1-9598-98c0a3d934e1_pyramid_tiles_files_17_18_40.pt,1,valid
GigaPath_embeddings_LBC_valid/1/f8cdd598-f195-4e7f-9140-9230a7341e8d_pyramid_tiles_files_16_25_27.pt,1,valid
GigaPath_embeddings_LBC_valid/1/7adcd0ef-cbca-4984-aff5-724af95463a4_pyramid_tiles_files_16_22_28.pt,1,valid
GigaPath_embeddings_LBC_valid/1/fc9cbd08-d93b-4d8d-8b07-fa43079c9d4f_pyramid_tiles_files_17_23_73.pt,1,valid
GigaPath_embeddings_LBC_valid/1/103910a7-ef17-49d6-b722-31806bc8c3a5_pyramid_tiles_files_16_22_29.pt,1,valid
GigaPath_embeddings_LBC_valid/1/860e3689-9c98-41b1-a40c-82ecedb84773_pyramid_tiles_files_17_18_40.pt,1,valid
GigaPath_embeddings_LBC_valid/1/a6a6a107-4162-4090-90ff-d4521738c55e_pyramid_tiles_files_16_17_19.pt,1,valid
GigaPath_embeddings_LBC_valid/1/a7129833-faa2-4c97-826d-e43b75b7cb05_pyramid_tiles_files_16_19_30.pt,1,valid
GigaPath_embeddings_LBC_valid/1/7cdd2e59-f92b-4294-a70d-7e53dec8f70d_pyramid_tiles_files_17_24_73.pt,1,valid
GigaPath_embeddings_LBC_valid/1/215b875c-5819-41d9-857a-da2311a99480_pyramid_tiles_files_17_24_72.pt,1,valid
GigaPath_embeddings_LBC_valid/1/eed8a45e-5400-44f3-bec9-acad9bffabe6_pyramid_tiles_files_16_22_29.pt,1,valid
GigaPath_embeddings_LBC_valid/1/585c9fc8-5144-4038-b03f-94d1b70ca166_pyramid_tiles_files_17_23_72.pt,1,valid
GigaPath_embeddings_LBC_valid/1/d5e5cbb6-7fcb-47e0-871f-7d31770b7acc_pyramid_tiles_files_16_16_20.pt,1,valid
GigaPath_embeddings_LBC_valid/1/3a922671-4cfc-4650-8cc9-51db2c72c8d4_pyramid_tiles_files_16_19_31.pt,1,valid
GigaPath_embeddings_LBC_valid/1/11e4ec67-ab0a-4e7e-8e7d-4ad3fdd05682_pyramid_tiles_files_17_22_73.pt,1,valid
GigaPath_embeddings_LBC_valid/1/5e11fd38-061e-465e-b3aa-6ce8e54632a3_pyramid_tiles_files_16_25_27.pt,1,valid
GigaPath_embeddings_LBC_valid/1/7a711946-6d6d-4089-84cc-fa4cac2dca59_pyramid_tiles_files_16_19_30.pt,1,valid
GigaPath_embeddings_LBC_valid/1/af452c1d-404b-40d7-8523-afab97ce3fe7_pyramid_tiles_files_17_23_72.pt,1,valid
GigaPath_embeddings_LBC_valid/1/e154f668-55ba-46ed-8bbc-91218f1b9841_pyramid_tiles_files_17_22_72.pt,1,valid
GigaPath_embeddings_LBC_valid/1/15d579c8-fab5-414e-8293-453d8f51c4c8_pyramid_tiles_files_17_14_19.pt,1,valid
GigaPath_embeddings_LBC_valid/1/88fa9c4b-c50b-46b6-8f70-3cb245539b47_pyramid_tiles_files_16_22_29.pt,1,valid
GigaPath_embeddings_LBC_valid/1/3f15feb9-c91a-40ce-a257-3d25dfab60d8_pyramid_tiles_files_16_18_31.pt,1,valid
GigaPath_embeddings_LBC_valid/1/39551161-80cc-47c6-9219-cb30f7cb3283_pyramid_tiles_files_16_23_29.pt,1,valid
GigaPath_embeddings_LBC_valid/1/88c29805-3f26-47c7-a33a-cf45d5ee6dc3_pyramid_tiles_files_16_22_28.pt,1,valid
GigaPath_embeddings_LBC_valid/1/0809f883-07ae-4ef2-8963-32424d1b2310_pyramid_tiles_files_16_21_28.pt,1,valid
GigaPath_embeddings_LBC_valid/1/3051d836-91a4-4aff-9bf2-7cf31904a2ea_pyramid_tiles_files_16_25_29.pt,1,valid
GigaPath_embeddings_LBC_valid/1/a1d1235e-32f4-49da-b297-9b4cfd582499_pyramid_tiles_files_17_15_18.pt,1,valid
GigaPath_embeddings_LBC_valid/1/971a85a8-c488-4a63-a524-48dc9cc05cb6_pyramid_tiles_files_17_22_73.pt,1,valid
GigaPath_embeddings_LBC_valid/1/5d4f21ca-f7ae-4fca-8e36-fd6db89d841e_pyramid_tiles_files_17_22_72.pt,1,valid
GigaPath_embeddings_LBC_valid/1/eeace26f-0d61-42b0-8a7e-38cc2f0bd7e5_pyramid_tiles_files_16_17_31.pt,1,valid
GigaPath_embeddings_LBC_valid/1/1fb96a41-129c-4275-b731-c359822ff033_pyramid_tiles_files_17_15_18.pt,1,valid
GigaPath_embeddings_LBC_valid/1/3908d14b-0319-46ce-9d7c-d9f484d4e6c5_pyramid_tiles_files_16_22_28.pt,1,valid
GigaPath_embeddings_LBC_valid/1/b5f02412-10be-4039-99db-d0fde541487a_pyramid_tiles_files_17_15_18.pt,1,valid
GigaPath_embeddings_LBC_valid/1/f38d2bb8-7326-47e7-a2b4-17154c5f2c0c_pyramid_tiles_files_16_23_28.pt,1,valid
GigaPath_embeddings_LBC_valid/1/2dfb8fa9-c394-4fa6-bc69-22550436978d_pyramid_tiles_files_17_24_72.pt,1,valid
GigaPath_embeddings_LBC_valid/1/10003085-3ef2-4f6d-b4d2-0446990fe5f3_pyramid_tiles_files_16_24_28.pt,1,valid
GigaPath_embeddings_LBC_valid/1/28b2c9da-27e9-4c9a-8989-7902bd4829ec_pyramid_tiles_files_17_15_19.pt,1,valid
GigaPath_embeddings_LBC_valid/1/0c815d19-6b10-43b9-b403-e8bcd96c88c9_pyramid_tiles_files_16_17_19.pt,1,valid
GigaPath_embeddings_LBC_valid/1/2349a7ef-89f1-44c5-a16c-93cd50a5160a_pyramid_tiles_files_17_17_41.pt,1,valid
GigaPath_embeddings_LBC_valid/1/e4297377-db96-43c0-981f-bb482a083296_pyramid_tiles_files_17_18_41.pt,1,valid
GigaPath_embeddings_LBC_valid/1/f69d24a9-c04a-42d2-a9d5-c226f35f7dc6_pyramid_tiles_files_17_15_18.pt,1,valid
GigaPath_embeddings_LBC_valid/1/28b2c9da-27e9-4c9a-8989-7902bd4829ec_pyramid_tiles_files_17_17_40.pt,1,valid
GigaPath_embeddings_LBC_valid/1/420bbdfc-3126-41bb-989b-ef534ced41d6_pyramid_tiles_files_16_17_19.pt,1,valid
GigaPath_embeddings_LBC_valid/1/585c9fc8-5144-4038-b03f-94d1b70ca166_pyramid_tiles_files_17_15_18.pt,1,valid
GigaPath_embeddings_LBC_valid/1/1f9396eb-107b-4eb2-a434-c7cb66eaa071_pyramid_tiles_files_16_18_20.pt,1,valid
GigaPath_embeddings_LBC_valid/1/2babd76f-dfde-4550-a087-a6f04ae0380c_pyramid_tiles_files_17_24_72.pt,1,valid
GigaPath_embeddings_LBC_valid/1/d78bfaab-dd1d-48d2-a839-ff33e9041001_pyramid_tiles_files_16_23_29.pt,1,valid
GigaPath_embeddings_LBC_valid/1/2675f262-0e7c-483d-971e-00500ac47587_pyramid_tiles_files_16_18_31.pt,1,valid
GigaPath_embeddings_LBC_valid/1/fb34db15-00ea-425c-89e7-8f6bf844e9e8_pyramid_tiles_files_16_22_28.pt,1,valid
GigaPath_embeddings_LBC_valid/1/a6cbace4-4145-454d-bea2-a9043abe08d8_pyramid_tiles_files_17_14_18.pt,1,valid
GigaPath_embeddings_LBC_valid/1/c99b0491-5d02-4e58-90c0-67838b0b2500_pyramid_tiles_files_16_23_28.pt,1,valid
GigaPath_embeddings_LBC_valid/1/e1ee6327-4383-4db7-859d-c209fda7a7d0_pyramid_tiles_files_17_23_72.pt,1,valid
GigaPath_embeddings_LBC_valid/1/dd2f13fc-3d5f-40e0-8d49-cc94b041616c_pyramid_tiles_files_16_18_19.pt,1,valid
GigaPath_embeddings_LBC_valid/1/e4f9d4ac-0e18-426c-920a-56da5042a2b6_pyramid_tiles_files_16_18_19.pt,1,valid
GigaPath_embeddings_LBC_valid/1/f845a584-75e9-4272-b88a-3ab2ae175011_pyramid_tiles_files_16_17_20.pt,1,valid
GigaPath_embeddings_LBC_valid/1/585c9fc8-5144-4038-b03f-94d1b70ca166_pyramid_tiles_files_17_24_72.pt,1,valid
GigaPath_embeddings_LBC_valid/1/ee421114-146a-4aee-beaf-c14dae8a13a4_pyramid_tiles_files_16_23_28.pt,1,valid
GigaPath_embeddings_LBC_valid/1/cc7c724e-96c6-42c8-9835-1e0643592f70_pyramid_tiles_files_17_15_19.pt,1,valid
GigaPath_embeddings_LBC_valid/1/a30139a7-46bc-430e-9a88-053af9aa1784_pyramid_tiles_files_17_15_18.pt,1,valid
GigaPath_embeddings_LBC_valid/1/82e90f71-8f5b-49f4-b5e0-fed220549a6d_pyramid_tiles_files_17_24_73.pt,1,valid
GigaPath_embeddings_LBC_valid/1/a30139a7-46bc-430e-9a88-053af9aa1784_pyramid_tiles_files_17_22_72.pt,1,valid
GigaPath_embeddings_LBC_valid/1/88a9d8e1-7333-4408-801b-6b56b5efe148_pyramid_tiles_files_17_22_72.pt,1,valid
GigaPath_embeddings_LBC_valid/1/88fa9c4b-c50b-46b6-8f70-3cb245539b47_pyramid_tiles_files_16_23_29.pt,1,valid
GigaPath_embeddings_LBC_valid/1/82df266a-7b42-4683-abfd-df06c24c0095_pyramid_tiles_files_17_24_72.pt,1,valid
GigaPath_embeddings_LBC_valid/1/c99b0491-5d02-4e58-90c0-67838b0b2500_pyramid_tiles_files_16_24_28.pt,1,valid
GigaPath_embeddings_LBC_valid/1/5e11fd38-061e-465e-b3aa-6ce8e54632a3_pyramid_tiles_files_16_17_19.pt,1,valid
GigaPath_embeddings_LBC_valid/1/2edb0236-8fca-4fab-a0e9-300304e2a20a_pyramid_tiles_files_17_15_18.pt,1,valid
GigaPath_embeddings_LBC_valid/1/1a244e75-7c81-4580-940b-730cdb7d6229_pyramid_tiles_files_17_24_73.pt,1,valid
GigaPath_embeddings_LBC_valid/1/d7165445-b5e9-4b9e-844c-84e4e10e76b8_pyramid_tiles_files_16_24_29.pt,1,valid
GigaPath_embeddings_LBC_valid/1/88fa9c4b-c50b-46b6-8f70-3cb245539b47_pyramid_tiles_files_16_18_19.pt,1,valid
GigaPath_embeddings_LBC_valid/1/d78bfaab-dd1d-48d2-a839-ff33e9041001_pyramid_tiles_files_16_25_28.pt,1,valid
GigaPath_embeddings_LBC_valid/1/3051d836-91a4-4aff-9bf2-7cf31904a2ea_pyramid_tiles_files_16_17_31.pt,1,valid
GigaPath_embeddings_LBC_valid/1/f737654c-9f44-4233-b852-5e28e74e8a38_pyramid_tiles_files_17_23_72.pt,1,valid
GigaPath_embeddings_LBC_valid/1/b3370ef8-cc53-43e1-a77d-36fb77932b0f_pyramid_tiles_files_16_17_20.pt,1,valid
GigaPath_embeddings_LBC_valid/1/5e11fd38-061e-465e-b3aa-6ce8e54632a3_pyramid_tiles_files_16_23_28.pt,1,valid
GigaPath_embeddings_LBC_valid/1/82df266a-7b42-4683-abfd-df06c24c0095_pyramid_tiles_files_17_14_18.pt,1,valid
GigaPath_embeddings_LBC_valid/1/3a922671-4cfc-4650-8cc9-51db2c72c8d4_pyramid_tiles_files_16_25_27.pt,1,valid
GigaPath_embeddings_LBC_valid/1/41295260-4748-4a7d-9689-d22f4d1bf6c1_pyramid_tiles_files_16_23_28.pt,1,valid
GigaPath_embeddings_LBC_valid/1/f38d2bb8-7326-47e7-a2b4-17154c5f2c0c_pyramid_tiles_files_16_25_28.pt,1,valid
GigaPath_embeddings_LBC_valid/1/9489edbc-93c6-4165-97a7-5b51cef27c90_pyramid_tiles_files_17_22_73.pt,1,valid
GigaPath_embeddings_LBC_valid/1/07e430fa-9641-4821-a635-6d4e3f8f1cc8_pyramid_tiles_files_16_19_31.pt,1,valid
GigaPath_embeddings_LBC_valid/1/fe82db87-b9ac-4171-b3b8-df2cf530394a_pyramid_tiles_files_17_24_73.pt,1,valid
GigaPath_embeddings_LBC_valid/1/4f41714c-6744-4d4a-bc8a-2084292747af_pyramid_tiles_files_17_14_18.pt,1,valid
GigaPath_embeddings_LBC_valid/1/c99b0491-5d02-4e58-90c0-67838b0b2500_pyramid_tiles_files_16_23_29.pt,1,valid
GigaPath_embeddings_LBC_valid/1/33851c15-9a41-450a-bff1-d906c9acf6f3_pyramid_tiles_files_16_18_31.pt,1,valid
GigaPath_embeddings_LBC_valid/1/971a85a8-c488-4a63-a524-48dc9cc05cb6_pyramid_tiles_files_17_24_72.pt,1,valid
GigaPath_embeddings_LBC_valid/1/34ba83db-88de-4125-8d7e-fc129b494468_pyramid_tiles_files_16_19_31.pt,1,valid
GigaPath_embeddings_LBC_valid/1/82df266a-7b42-4683-abfd-df06c24c0095_pyramid_tiles_files_17_17_41.pt,1,valid
GigaPath_embeddings_LBC_valid/1/33851c15-9a41-450a-bff1-d906c9acf6f3_pyramid_tiles_files_16_25_28.pt,1,valid
GigaPath_embeddings_LBC_valid/1/537e700c-bb74-41c6-a61e-cbff213e450d_pyramid_tiles_files_16_16_20.pt,1,valid
GigaPath_embeddings_LBC_valid/1/4f41714c-6744-4d4a-bc8a-2084292747af_pyramid_tiles_files_17_24_73.pt,1,valid
GigaPath_embeddings_LBC_valid/1/910ae3a4-0161-408b-bc72-41e06bd37102_pyramid_tiles_files_16_23_29.pt,1,valid
GigaPath_embeddings_LBC_valid/1/d750d161-f794-40ee-90a4-c79c85733209_pyramid_tiles_files_17_15_18.pt,1,valid
GigaPath_embeddings_LBC_valid/1/2154bc6d-2b7b-4c63-ba32-d877a60f2cff_pyramid_tiles_files_16_25_29.pt,1,valid
GigaPath_embeddings_LBC_valid/1/4d43ca02-898e-471a-89ff-38e030d7d3f8_pyramid_tiles_files_16_25_27.pt,1,valid
GigaPath_embeddings_LBC_valid/1/1a491f9b-142c-45d3-813a-98c82ebad222_pyramid_tiles_files_17_24_73.pt,1,valid
GigaPath_embeddings_LBC_valid/1/39551161-80cc-47c6-9219-cb30f7cb3283_pyramid_tiles_files_16_25_28.pt,1,valid
GigaPath_embeddings_LBC_valid/1/f21c730f-c4c5-4db2-843c-5bc29f2cc708_pyramid_tiles_files_17_17_41.pt,1,valid
GigaPath_embeddings_LBC_valid/1/eed8a45e-5400-44f3-bec9-acad9bffabe6_pyramid_tiles_files_16_23_28.pt,1,valid
GigaPath_embeddings_LBC_valid/1/9ffbf523-b2b2-4a89-812f-5235ef148d44_pyramid_tiles_files_17_23_73.pt,1,valid
GigaPath_embeddings_LBC_valid/1/53cd3df9-c1cf-4391-9f95-43ebac8dd8f0_pyramid_tiles_files_17_18_41.pt,1,valid
GigaPath_embeddings_LBC_valid/1/7136f225-b00f-4314-8e03-bf7cc8c675f6_pyramid_tiles_files_16_17_30.pt,1,valid
GigaPath_embeddings_LBC_valid/1/860e3689-9c98-41b1-a40c-82ecedb84773_pyramid_tiles_files_17_15_19.pt,1,valid
GigaPath_embeddings_LBC_valid/1/7b35cee2-c730-4045-a69b-18802e2b4c8e_pyramid_tiles_files_17_15_18.pt,1,valid
GigaPath_embeddings_LBC_valid/1/438ea06e-54ae-4f07-98fc-b849cd1edc72_pyramid_tiles_files_17_22_72.pt,1,valid
GigaPath_embeddings_LBC_valid/1/35529ea9-ab7d-4e67-9be2-7faddf0afbed_pyramid_tiles_files_16_19_31.pt,1,valid
GigaPath_embeddings_LBC_valid/1/35529ea9-ab7d-4e67-9be2-7faddf0afbed_pyramid_tiles_files_16_17_31.pt,1,valid
GigaPath_embeddings_LBC_valid/1/f38d2bb8-7326-47e7-a2b4-17154c5f2c0c_pyramid_tiles_files_16_22_28.pt,1,valid
GigaPath_embeddings_LBC_valid/1/41295260-4748-4a7d-9689-d22f4d1bf6c1_pyramid_tiles_files_16_18_30.pt,1,valid
GigaPath_embeddings_LBC_valid/1/0809f883-07ae-4ef2-8963-32424d1b2310_pyramid_tiles_files_16_19_30.pt,1,valid
GigaPath_embeddings_LBC_valid/1/88fa9c4b-c50b-46b6-8f70-3cb245539b47_pyramid_tiles_files_16_17_20.pt,1,valid
GigaPath_embeddings_LBC_valid/1/d5e5cbb6-7fcb-47e0-871f-7d31770b7acc_pyramid_tiles_files_16_19_30.pt,1,valid
GigaPath_embeddings_LBC_valid/1/e55b9872-ce3b-4a05-a062-8297e68e1f6e_pyramid_tiles_files_16_25_29.pt,1,valid
GigaPath_embeddings_LBC_valid/1/9fac65c4-3967-4e89-8188-01be7914423b_pyramid_tiles_files_16_18_20.pt,1,valid
GigaPath_embeddings_LBC_valid/1/5ebe19b1-612c-45d3-9add-3e9a1c06d880_pyramid_tiles_files_17_17_40.pt,1,valid
GigaPath_embeddings_LBC_valid/1/878e391e-4957-471f-bea3-e02bf882cfd1_pyramid_tiles_files_17_15_18.pt,1,valid
GigaPath_embeddings_LBC_valid/1/8ba06d0e-ba28-481e-a2a9-c95807391113_pyramid_tiles_files_16_21_29.pt,1,valid
GigaPath_embeddings_LBC_valid/1/27ccee14-c8c3-471c-a467-861f3013896c_pyramid_tiles_files_17_22_72.pt,1,valid
GigaPath_embeddings_LBC_valid/1/0aaa3037-e4d2-4bb5-9f20-bda58da5c3fe_pyramid_tiles_files_17_18_41.pt,1,valid
GigaPath_embeddings_LBC_valid/1/d98d1466-b08e-4cdc-81c2-66b38375028f_pyramid_tiles_files_16_17_19.pt,1,valid
GigaPath_embeddings_LBC_valid/1/9c22e271-a48a-45a0-8682-b151a03d336a_pyramid_tiles_files_17_23_72.pt,1,valid
GigaPath_embeddings_LBC_valid/1/910ae3a4-0161-408b-bc72-41e06bd37102_pyramid_tiles_files_16_25_28.pt,1,valid
GigaPath_embeddings_LBC_valid/1/5e11fd38-061e-465e-b3aa-6ce8e54632a3_pyramid_tiles_files_16_19_31.pt,1,valid
GigaPath_embeddings_LBC_valid/1/a6cbace4-4145-454d-bea2-a9043abe08d8_pyramid_tiles_files_17_23_73.pt,1,valid
GigaPath_embeddings_LBC_valid/1/2154bc6d-2b7b-4c63-ba32-d877a60f2cff_pyramid_tiles_files_16_17_30.pt,1,valid
GigaPath_embeddings_LBC_valid/1/df4a0635-dc3f-4ccb-a2d9-0f89a4692a93_pyramid_tiles_files_16_17_31.pt,1,valid
GigaPath_embeddings_LBC_valid/1/eed8a45e-5400-44f3-bec9-acad9bffabe6_pyramid_tiles_files_16_16_20.pt,1,valid
GigaPath_embeddings_LBC_valid/1/1f9396eb-107b-4eb2-a434-c7cb66eaa071_pyramid_tiles_files_16_17_20.pt,1,valid
GigaPath_embeddings_LBC_valid/1/6f1af507-f025-4d67-9b07-ff9b2e562a67_pyramid_tiles_files_16_18_30.pt,1,valid
GigaPath_embeddings_LBC_valid/1/a162a4e4-226c-41cb-b60b-475042441e74_pyramid_tiles_files_16_21_28.pt,1,valid
GigaPath_embeddings_LBC_valid/1/3edcf025-1da1-4b54-aefd-54ca01f4f0eb_pyramid_tiles_files_17_22_73.pt,1,valid
GigaPath_embeddings_LBC_valid/1/07e430fa-9641-4821-a635-6d4e3f8f1cc8_pyramid_tiles_files_16_17_20.pt,1,valid
GigaPath_embeddings_LBC_valid/1/9e3412ec-231c-40a8-8c17-e358744efb5a_pyramid_tiles_files_16_21_29.pt,1,valid
GigaPath_embeddings_LBC_valid/1/49b89d48-2f98-4969-93ac-ab3721e48228_pyramid_tiles_files_17_23_73.pt,1,valid
GigaPath_embeddings_LBC_valid/1/40490219-ecc2-40c6-bd90-10f007f8f579_pyramid_tiles_files_17_18_41.pt,1,valid
GigaPath_embeddings_LBC_valid/1/cfad50f3-e318-44ef-9136-da9e38305cd5_pyramid_tiles_files_17_23_73.pt,1,valid
GigaPath_embeddings_LBC_valid/1/a88839a2-827d-4c30-85d3-1eebce71509a_pyramid_tiles_files_16_16_20.pt,1,valid
GigaPath_embeddings_LBC_valid/1/a4047681-fe6c-4db0-8e38-c66ca50d77f7_pyramid_tiles_files_17_15_19.pt,1,valid
GigaPath_embeddings_LBC_valid/1/cb17d14a-587d-45e7-9da8-7fc29c867d68_pyramid_tiles_files_17_18_41.pt,1,valid
GigaPath_embeddings_LBC_valid/1/d5e5cbb6-7fcb-47e0-871f-7d31770b7acc_pyramid_tiles_files_16_18_19.pt,1,valid
GigaPath_embeddings_LBC_valid/1/9ccdfd46-597a-4148-b9b0-7853d9ead11a_pyramid_tiles_files_17_24_73.pt,1,valid
GigaPath_embeddings_LBC_valid/1/05f7516a-c717-491e-b5f2-b611c3789fa3_pyramid_tiles_files_16_21_28.pt,1,valid
GigaPath_embeddings_LBC_valid/1/9218d0a5-c718-45cc-9612-23b0ac040e3e_pyramid_tiles_files_17_18_41.pt,1,valid
GigaPath_embeddings_LBC_valid/1/9489edbc-93c6-4165-97a7-5b51cef27c90_pyramid_tiles_files_17_17_41.pt,1,valid
GigaPath_embeddings_LBC_valid/1/42d0b3fd-f8a3-46b8-9661-e9a432105fcd_pyramid_tiles_files_17_14_18.pt,1,valid
GigaPath_embeddings_LBC_valid/1/1f9396eb-107b-4eb2-a434-c7cb66eaa071_pyramid_tiles_files_16_24_28.pt,1,valid
GigaPath_embeddings_LBC_valid/1/3c3397ad-74d5-49ac-a771-23d35d902cc7_pyramid_tiles_files_16_18_31.pt,1,valid
GigaPath_embeddings_LBC_valid/1/ee421114-146a-4aee-beaf-c14dae8a13a4_pyramid_tiles_files_16_25_27.pt,1,valid
GigaPath_embeddings_LBC_valid/1/27ccee14-c8c3-471c-a467-861f3013896c_pyramid_tiles_files_17_14_19.pt,1,valid
GigaPath_embeddings_LBC_valid/1/a38ab9be-f8f2-4144-bb92-ceab9f408c98_pyramid_tiles_files_17_18_40.pt,1,valid
GigaPath_embeddings_LBC_valid/1/770f5bc2-09e8-4f6f-80f2-7c32080268a6_pyramid_tiles_files_16_21_28.pt,1,valid
GigaPath_embeddings_LBC_valid/1/15d579c8-fab5-414e-8293-453d8f51c4c8_pyramid_tiles_files_17_18_41.pt,1,valid
GigaPath_embeddings_LBC_valid/1/e38679b5-dfb1-4d9b-9cd1-51d23497d166_pyramid_tiles_files_16_23_28.pt,1,valid
GigaPath_embeddings_LBC_valid/1/b34b3227-38a8-47fe-8920-18c280edcff6_pyramid_tiles_files_16_17_20.pt,1,valid
GigaPath_embeddings_LBC_valid/1/35529ea9-ab7d-4e67-9be2-7faddf0afbed_pyramid_tiles_files_16_18_31.pt,1,valid
GigaPath_embeddings_LBC_valid/1/a4047681-fe6c-4db0-8e38-c66ca50d77f7_pyramid_tiles_files_17_24_72.pt,1,valid
GigaPath_embeddings_LBC_valid/1/d5e5cbb6-7fcb-47e0-871f-7d31770b7acc_pyramid_tiles_files_16_25_29.pt,1,valid
GigaPath_embeddings_LBC_valid/1/a88839a2-827d-4c30-85d3-1eebce71509a_pyramid_tiles_files_16_18_20.pt,1,valid
GigaPath_embeddings_LBC_valid/1/7cdca764-efc1-4f0d-9faa-10e29288c6f8_pyramid_tiles_files_16_16_19.pt,1,valid
GigaPath_embeddings_LBC_valid/1/9e3412ec-231c-40a8-8c17-e358744efb5a_pyramid_tiles_files_16_22_29.pt,1,valid
GigaPath_embeddings_LBC_valid/1/4f41714c-6744-4d4a-bc8a-2084292747af_pyramid_tiles_files_17_23_72.pt,1,valid
GigaPath_embeddings_LBC_valid/1/f737654c-9f44-4233-b852-5e28e74e8a38_pyramid_tiles_files_17_14_18.pt,1,valid
GigaPath_embeddings_LBC_valid/1/7f90fbd0-c09c-45ef-b603-f0059d32e4af_pyramid_tiles_files_16_17_19.pt,1,valid
GigaPath_embeddings_LBC_valid/1/df4a0635-dc3f-4ccb-a2d9-0f89a4692a93_pyramid_tiles_files_16_19_30.pt,1,valid
GigaPath_embeddings_LBC_valid/1/ff7ed6b1-de79-4426-84ce-1eb0993ce5ad_pyramid_tiles_files_16_17_31.pt,1,valid
GigaPath_embeddings_LBC_valid/1/8622536e-861a-4e45-8c03-1337f35267fb_pyramid_tiles_files_16_23_28.pt,1,valid
GigaPath_embeddings_LBC_valid/1/9832fea5-5b1a-41d2-9319-e953a420307d_pyramid_tiles_files_16_21_29.pt,1,valid
GigaPath_embeddings_LBC_valid/1/ec591c22-e5c9-426f-928f-2a4910f26cfe_pyramid_tiles_files_16_19_30.pt,1,valid
GigaPath_embeddings_LBC_valid/1/2dfb8fa9-c394-4fa6-bc69-22550436978d_pyramid_tiles_files_17_15_19.pt,1,valid
GigaPath_embeddings_LBC_valid/1/68b65586-1dd1-4c9e-9287-324e0907ce17_pyramid_tiles_files_16_17_30.pt,1,valid
GigaPath_embeddings_LBC_valid/1/8f61c5c1-e549-489c-b24f-bb3906df8b40_pyramid_tiles_files_16_21_28.pt,1,valid
GigaPath_embeddings_LBC_valid/1/4e16344b-da3a-4d92-819c-19c4cecff67b_pyramid_tiles_files_17_18_40.pt,1,valid
GigaPath_embeddings_LBC_valid/1/537e700c-bb74-41c6-a61e-cbff213e450d_pyramid_tiles_files_16_23_28.pt,1,valid
GigaPath_embeddings_LBC_valid/1/0809f883-07ae-4ef2-8963-32424d1b2310_pyramid_tiles_files_16_24_29.pt,1,valid
GigaPath_embeddings_LBC_valid/1/e0ee1714-9f42-4c7e-9c29-6b808c24073f_pyramid_tiles_files_16_25_27.pt,1,valid
GigaPath_embeddings_LBC_valid/1/e38679b5-dfb1-4d9b-9cd1-51d23497d166_pyramid_tiles_files_16_21_29.pt,1,valid
GigaPath_embeddings_LBC_valid/1/1fb96a41-129c-4275-b731-c359822ff033_pyramid_tiles_files_17_15_19.pt,1,valid
GigaPath_embeddings_LBC_valid/1/b71e073f-25c7-43e2-9e4a-7809d0613d87_pyramid_tiles_files_16_16_20.pt,1,valid
GigaPath_embeddings_LBC_valid/1/585c9fc8-5144-4038-b03f-94d1b70ca166_pyramid_tiles_files_17_14_19.pt,1,valid
GigaPath_embeddings_LBC_valid/1/7adcd0ef-cbca-4984-aff5-724af95463a4_pyramid_tiles_files_16_18_20.pt,1,valid
GigaPath_embeddings_LBC_valid/1/07e430fa-9641-4821-a635-6d4e3f8f1cc8_pyramid_tiles_files_16_16_20.pt,1,valid
GigaPath_embeddings_LBC_valid/1/39551161-80cc-47c6-9219-cb30f7cb3283_pyramid_tiles_files_16_25_29.pt,1,valid
GigaPath_embeddings_LBC_valid/1/c99b0491-5d02-4e58-90c0-67838b0b2500_pyramid_tiles_files_16_22_29.pt,1,valid
GigaPath_embeddings_LBC_valid/1/2dfb8fa9-c394-4fa6-bc69-22550436978d_pyramid_tiles_files_17_18_40.pt,1,valid
GigaPath_embeddings_LBC_valid/1/09022f45-72f6-41d4-b741-d102f2ae2fdc_pyramid_tiles_files_16_25_28.pt,1,valid
GigaPath_embeddings_LBC_valid/1/c4dfb15f-1b2a-470a-b9ef-613a13d7d505_pyramid_tiles_files_17_24_72.pt,1,valid
GigaPath_embeddings_LBC_valid/1/f53d7c4b-bc70-4adc-88ff-a136722e0ef0_pyramid_tiles_files_16_17_31.pt,1,valid
GigaPath_embeddings_LBC_valid/1/4ca4cdf5-ff38-4a76-8a6d-b63e824f6685_pyramid_tiles_files_16_16_19.pt,1,valid
GigaPath_embeddings_LBC_valid/1/7cdd2e59-f92b-4294-a70d-7e53dec8f70d_pyramid_tiles_files_17_15_19.pt,1,valid
GigaPath_embeddings_LBC_valid/1/3908d14b-0319-46ce-9d7c-d9f484d4e6c5_pyramid_tiles_files_16_16_20.pt,1,valid
GigaPath_embeddings_LBC_valid/1/1f648a7a-3d12-4d96-a35d-8328e2c2c766_pyramid_tiles_files_17_17_40.pt,1,valid
GigaPath_embeddings_LBC_valid/1/6f1af507-f025-4d67-9b07-ff9b2e562a67_pyramid_tiles_files_16_24_28.pt,1,valid
GigaPath_embeddings_LBC_valid/1/420bbdfc-3126-41bb-989b-ef534ced41d6_pyramid_tiles_files_16_23_28.pt,1,valid
GigaPath_embeddings_LBC_valid/1/f5a044fa-6bad-49f3-b270-aa635a369748_pyramid_tiles_files_16_18_19.pt,1,valid
GigaPath_embeddings_LBC_valid/1/ec591c22-e5c9-426f-928f-2a4910f26cfe_pyramid_tiles_files_16_17_30.pt,1,valid
GigaPath_embeddings_LBC_valid/1/05f7516a-c717-491e-b5f2-b611c3789fa3_pyramid_tiles_files_16_19_30.pt,1,valid
GigaPath_embeddings_LBC_valid/1/49b7db50-8c64-4aed-aeec-f61e6432f3fd_pyramid_tiles_files_17_14_18.pt,1,valid
GigaPath_embeddings_LBC_valid/1/585c9fc8-5144-4038-b03f-94d1b70ca166_pyramid_tiles_files_17_17_41.pt,1,valid
GigaPath_embeddings_LBC_valid/1/05a7c75a-3a19-42fe-bef4-46321b96503c_pyramid_tiles_files_16_19_30.pt,1,valid
GigaPath_embeddings_LBC_valid/1/11e4ec67-ab0a-4e7e-8e7d-4ad3fdd05682_pyramid_tiles_files_17_15_19.pt,1,valid
GigaPath_embeddings_LBC_valid/1/24c8b882-f5c3-44c8-850a-4d8efa534536_pyramid_tiles_files_16_25_27.pt,1,valid
GigaPath_embeddings_LBC_valid/1/4d43ca02-898e-471a-89ff-38e030d7d3f8_pyramid_tiles_files_16_22_29.pt,1,valid
GigaPath_embeddings_LBC_valid/1/770f5bc2-09e8-4f6f-80f2-7c32080268a6_pyramid_tiles_files_16_16_19.pt,1,valid
GigaPath_embeddings_LBC_valid/1/0aaa3037-e4d2-4bb5-9f20-bda58da5c3fe_pyramid_tiles_files_17_14_18.pt,1,valid
GigaPath_embeddings_LBC_valid/1/a8b605b6-b00f-4588-80f7-a3f04b5daaa3_pyramid_tiles_files_16_18_19.pt,1,valid
GigaPath_embeddings_LBC_valid/1/bfda3d1a-59f1-447b-b964-0774d6564648_pyramid_tiles_files_16_23_29.pt,1,valid
GigaPath_embeddings_LBC_valid/1/2e2cf6c2-259d-4579-9fd6-5e463f70329d_pyramid_tiles_files_17_18_41.pt,1,valid
GigaPath_embeddings_LBC_valid/1/c99b0491-5d02-4e58-90c0-67838b0b2500_pyramid_tiles_files_16_25_29.pt,1,valid
GigaPath_embeddings_LBC_valid/1/7cdca764-efc1-4f0d-9faa-10e29288c6f8_pyramid_tiles_files_16_18_19.pt,1,valid
GigaPath_embeddings_LBC_valid/1/09022f45-72f6-41d4-b741-d102f2ae2fdc_pyramid_tiles_files_16_16_20.pt,1,valid
GigaPath_embeddings_LBC_valid/1/757bdca3-31ba-4a41-8837-436ae787b24e_pyramid_tiles_files_17_22_72.pt,1,valid
GigaPath_embeddings_LBC_valid/1/9f9025f6-3cb2-4e63-9f09-1c25957cd8e3_pyramid_tiles_files_17_23_73.pt,1,valid
GigaPath_embeddings_LBC_valid/1/fe82db87-b9ac-4171-b3b8-df2cf530394a_pyramid_tiles_files_17_18_41.pt,1,valid
GigaPath_embeddings_LBC_valid/1/2bb9b118-1d4c-468f-ba3d-1240e98da375_pyramid_tiles_files_17_23_73.pt,1,valid
GigaPath_embeddings_LBC_valid/1/13a98c45-1483-4b7a-b509-ff2f1829df9b_pyramid_tiles_files_17_14_18.pt,1,valid
GigaPath_embeddings_LBC_valid/1/f014b792-5610-425a-9902-a1bb52d60996_pyramid_tiles_files_17_18_40.pt,1,valid
GigaPath_embeddings_LBC_valid/1/0c815d19-6b10-43b9-b403-e8bcd96c88c9_pyramid_tiles_files_16_18_19.pt,1,valid
GigaPath_embeddings_LBC_valid/1/97aab5f3-09ef-4dc8-9566-bdabb5ca08b0_pyramid_tiles_files_17_15_19.pt,1,valid
GigaPath_embeddings_LBC_valid/1/7cdca764-efc1-4f0d-9faa-10e29288c6f8_pyramid_tiles_files_16_23_29.pt,1,valid
GigaPath_embeddings_LBC_valid/1/d0b24e86-0df9-4e80-9802-77f3f8a44a4e_pyramid_tiles_files_16_23_28.pt,1,valid
GigaPath_embeddings_LBC_valid/1/2675f262-0e7c-483d-971e-00500ac47587_pyramid_tiles_files_16_23_29.pt,1,valid
GigaPath_embeddings_LBC_valid/1/d14ee81b-590d-49f1-b9c1-f25c022331b9_pyramid_tiles_files_16_24_27.pt,1,valid
GigaPath_embeddings_LBC_valid/1/e0ee1714-9f42-4c7e-9c29-6b808c24073f_pyramid_tiles_files_16_18_19.pt,1,valid
GigaPath_embeddings_LBC_valid/1/cc7c724e-96c6-42c8-9835-1e0643592f70_pyramid_tiles_files_17_24_72.pt,1,valid
GigaPath_embeddings_LBC_valid/1/a1d1235e-32f4-49da-b297-9b4cfd582499_pyramid_tiles_files_17_23_72.pt,1,valid
GigaPath_embeddings_LBC_valid/1/7f084246-fcef-4879-82dd-17c18cc3481b_pyramid_tiles_files_16_18_31.pt,1,valid
GigaPath_embeddings_LBC_valid/1/d78bfaab-dd1d-48d2-a839-ff33e9041001_pyramid_tiles_files_16_16_19.pt,1,valid
GigaPath_embeddings_LBC_valid/1/28b2c9da-27e9-4c9a-8989-7902bd4829ec_pyramid_tiles_files_17_14_19.pt,1,valid
GigaPath_embeddings_LBC_valid/1/7a711946-6d6d-4089-84cc-fa4cac2dca59_pyramid_tiles_files_16_17_19.pt,1,valid
GigaPath_embeddings_LBC_valid/1/ec7e06ff-bd57-4558-9c73-41bfe0e295ba_pyramid_tiles_files_17_18_40.pt,1,valid
GigaPath_embeddings_LBC_valid/1/88a9d8e1-7333-4408-801b-6b56b5efe148_pyramid_tiles_files_17_17_41.pt,1,valid
GigaPath_embeddings_LBC_valid/1/e91eb178-776c-4b3a-b589-36a0e68408ce_pyramid_tiles_files_16_17_20.pt,1,valid
GigaPath_embeddings_LBC_valid/1/a162a4e4-226c-41cb-b60b-475042441e74_pyramid_tiles_files_16_23_28.pt,1,valid
GigaPath_embeddings_LBC_valid/1/c0449d4d-ff24-491e-941b-b82f9910d51e_pyramid_tiles_files_17_14_18.pt,1,valid
GigaPath_embeddings_LBC_valid/1/3c4ac5df-b116-4847-8737-79d4db791a7e_pyramid_tiles_files_17_23_73.pt,1,valid
GigaPath_embeddings_LBC_valid/1/dd2bbc91-721e-4adb-99a2-23a9f68362ef_pyramid_tiles_files_16_19_30.pt,1,valid
GigaPath_embeddings_LBC_valid/1/e4f9d4ac-0e18-426c-920a-56da5042a2b6_pyramid_tiles_files_16_25_29.pt,1,valid
GigaPath_embeddings_LBC_valid/1/35529ea9-ab7d-4e67-9be2-7faddf0afbed_pyramid_tiles_files_16_19_30.pt,1,valid
GigaPath_embeddings_LBC_valid/1/7f084246-fcef-4879-82dd-17c18cc3481b_pyramid_tiles_files_16_18_19.pt,1,valid
GigaPath_embeddings_LBC_valid/1/ed470fa7-2231-4856-bbdb-9c45ada10876_pyramid_tiles_files_16_17_31.pt,1,valid
GigaPath_embeddings_LBC_valid/1/878e391e-4957-471f-bea3-e02bf882cfd1_pyramid_tiles_files_17_15_19.pt,1,valid
GigaPath_embeddings_LBC_valid/1/e38679b5-dfb1-4d9b-9cd1-51d23497d166_pyramid_tiles_files_16_18_31.pt,1,valid
GigaPath_embeddings_LBC_valid/1/a7129833-faa2-4c97-826d-e43b75b7cb05_pyramid_tiles_files_16_17_19.pt,1,valid
GigaPath_embeddings_LBC_valid/1/420bbdfc-3126-41bb-989b-ef534ced41d6_pyramid_tiles_files_16_22_28.pt,1,valid
GigaPath_embeddings_LBC_valid/1/add1b48f-081c-4cda-8e37-55d222e8d813_pyramid_tiles_files_17_17_40.pt,1,valid
GigaPath_embeddings_LBC_valid/1/9ffbf523-b2b2-4a89-812f-5235ef148d44_pyramid_tiles_files_17_24_73.pt,1,valid
GigaPath_embeddings_LBC_valid/1/2ae84759-5488-420a-b67a-2794e594e102_pyramid_tiles_files_16_25_29.pt,1,valid
GigaPath_embeddings_LBC_valid/1/f4198852-0424-4491-953a-d3301aaa0524_pyramid_tiles_files_17_18_40.pt,1,valid
GigaPath_embeddings_LBC_valid/1/910ae3a4-0161-408b-bc72-41e06bd37102_pyramid_tiles_files_16_23_28.pt,1,valid
